ISO-10303-21;
HEADER;
FILE_DESCRIPTION(('ViewDefinition[DesignTransferView]'),'2;1');
FILE_NAME('s03-activity.ifc','2026-10-06T19:08:50+08:00',(''),(''),'IfcOpenShell 0.8.5-post1','Bonsai 0.8.5-post1','Nobody');
FILE_SCHEMA(('IFC4'));
ENDSEC;
DATA;
#1=IFCPROJECT('3$oZGtqQLDoAI$Tela$Es6',$,'My Project',$,$,$,$,(#10,#22),#5);
#2=IFCSIUNIT(*,.LENGTHUNIT.,$,.METRE.);
#3=IFCSIUNIT(*,.AREAUNIT.,$,.SQUARE_METRE.);
#4=IFCSIUNIT(*,.VOLUMEUNIT.,$,.CUBIC_METRE.);
#5=IFCUNITASSIGNMENT((#2,#3,#4));
#6=IFCCARTESIANPOINT((0.,0.,0.));
#7=IFCDIRECTION((0.,0.,1.));
#8=IFCDIRECTION((1.,0.,0.));
#9=IFCAXIS2PLACEMENT3D(#6,#7,#8);
#10=IFCGEOMETRICREPRESENTATIONCONTEXT($,'Model',3,1.0000000000000001E-05,#9,$);
#11=IFCGEOMETRICREPRESENTATIONSUBCONTEXT('Body','Model',*,*,*,*,#10,$,.MODEL_VIEW.,$);
#12=IFCGEOMETRICREPRESENTATIONSUBCONTEXT('Axis','Model',*,*,*,*,#10,$,.GRAPH_VIEW.,$);
#13=IFCGEOMETRICREPRESENTATIONSUBCONTEXT('Box','Model',*,*,*,*,#10,$,.MODEL_VIEW.,$);
#14=IFCGEOMETRICREPRESENTATIONSUBCONTEXT('Annotation','Model',*,*,*,*,#10,$,.SECTION_VIEW.,$);
#15=IFCGEOMETRICREPRESENTATIONSUBCONTEXT('Annotation','Model',*,*,*,*,#10,$,.ELEVATION_VIEW.,$);
#16=IFCGEOMETRICREPRESENTATIONSUBCONTEXT('Annotation','Model',*,*,*,*,#10,$,.MODEL_VIEW.,$);
#17=IFCGEOMETRICREPRESENTATIONSUBCONTEXT('Annotation','Model',*,*,*,*,#10,$,.PLAN_VIEW.,$);
#18=IFCGEOMETRICREPRESENTATIONSUBCONTEXT('Profile','Model',*,*,*,*,#10,$,.ELEVATION_VIEW.,$);
#19=IFCCARTESIANPOINT((0.,0.));
#20=IFCDIRECTION((1.,0.));
#21=IFCAXIS2PLACEMENT2D(#19,#20);
#22=IFCGEOMETRICREPRESENTATIONCONTEXT($,'Plan',2,1.0000000000000001E-05,#21,$);
#23=IFCGEOMETRICREPRESENTATIONSUBCONTEXT('Axis','Plan',*,*,*,*,#22,$,.GRAPH_VIEW.,$);
#24=IFCGEOMETRICREPRESENTATIONSUBCONTEXT('Body','Plan',*,*,*,*,#22,$,.PLAN_VIEW.,$);
#25=IFCGEOMETRICREPRESENTATIONSUBCONTEXT('Annotation','Plan',*,*,*,*,#22,$,.PLAN_VIEW.,$);
#26=IFCGEOMETRICREPRESENTATIONSUBCONTEXT('Annotation','Plan',*,*,*,*,#22,$,.REFLECTED_PLAN_VIEW.,$);
#27=IFCSITE('3flEi3DmHDE90RcYbYhRe_',$,'My Site',$,$,#50,$,$,$,$,$,$,$,$);
#33=IFCBUILDING('3AZUhK2LTCIewFQohvBTWD',$,'My Building',$,$,#56,$,$,$,$,$,$);
#39=IFCBUILDINGSTOREY('0dCWY66Lf2ze6oI3fGQopj',$,'2F',$,$,#5813,$,$,$,$);
#45=IFCRELAGGREGATES('0yiGtxXibDP9iyOWykpiP0',$,$,$,#1,(#27));
#46=IFCCARTESIANPOINT((0.,0.,0.));
#47=IFCDIRECTION((0.,0.,1.));
#48=IFCDIRECTION((1.,0.,0.));
#49=IFCAXIS2PLACEMENT3D(#46,#47,#48);
#50=IFCLOCALPLACEMENT($,#49);
#51=IFCRELAGGREGATES('3yT3Ioxav0q9J9D$H4cRLi',$,$,$,#27,(#33));
#52=IFCCARTESIANPOINT((0.,0.,0.));
#53=IFCDIRECTION((0.,0.,1.));
#54=IFCDIRECTION((1.,0.,0.));
#55=IFCAXIS2PLACEMENT3D(#52,#53,#54);
#56=IFCLOCALPLACEMENT(#50,#55);
#57=IFCRELAGGREGATES('3Q7yp7WSD7JPpKvxFrClTv',$,$,$,#33,(#63,#10093,#39));
#63=IFCBUILDINGSTOREY('2YabtJQXjEhA9ZNR8bxrLW',$,'GF',$,$,#79,$,$,$,$);
#75=IFCCARTESIANPOINT((0.,0.,0.));
#76=IFCDIRECTION((0.,0.,1.));
#77=IFCDIRECTION((1.,0.,0.));
#78=IFCAXIS2PLACEMENT3D(#75,#76,#77);
#79=IFCLOCALPLACEMENT(#56,#78);
#80=IFCWALLTYPE('0b0hl37SD24fljkEO91FDg',$,'Wall',$,$,(#85),$,$,$,.SOLIDWALL.);
#81=IFCMATERIAL('Unknown',$,$);
#82=IFCMATERIALLAYERSET((#84),$,$);
#83=IFCRELASSOCIATESMATERIAL('02idbXDwn5Vh__kvjL6Oax',$,$,$,(#80),#82);
#84=IFCMATERIALLAYER(#81,0.10000000000000001,$,$,$,$,$);
#85=IFCPROPERTYSET('0xd6UQNO58ggnaL9iTxs58',$,'EPset_Parametric',$,(#86));
#86=IFCPROPERTYSINGLEVALUE('LayerSetDirection',$,IFCLABEL('AXIS2'),$);
#87=IFCWALL('19M6AIxe94r8DDIh0RaDA$',$,'Wall',$,$,#100,#95,$,$);
#88=IFCRELCONTAINEDINSPATIALSTRUCTURE('10KiGG1WDEoRPOq$AF3WLB',$,$,$,(#756,#241,#646,#87,#317,#3464,#507,#583,#431,#5054,#826,#203,#355,#1279,#279,#2123,#851,#5428,#469,#621,#127,#545,#3863,#3099,#1148,#1586),#63);
#89=IFCRELDEFINESBYTYPE('2P4eZ99qb4Oh0DzcKyr17Q',$,$,$,(#756,#241,#646,#87,#317,#5982,#6715,#507,#583,#431,#6182,#6082,#6829,#6107,#6007,#826,#6753,#203,#355,#279,#6207,#851,#6677,#469,#621,#6132,#127,#545,#6032,#6791,#6157,#6057),#80);
#90=IFCMATERIALLAYERSETUSAGE(#82,.AXIS2.,.POSITIVE.,0.,$);
#91=IFCRELASSOCIATESMATERIAL('0lFwF6efD2uO0TQPOeonRl',$,$,$,(#87),#90);
#95=IFCPRODUCTDEFINITIONSHAPE($,$,(#126,#123));
#96=IFCCARTESIANPOINT((0.21665769815444946,0.038202591240406036,0.));
#97=IFCDIRECTION((0.,0.,1.));
#98=IFCDIRECTION((-0.99999999999999623,8.7422776573475527E-08,0.));
#99=IFCAXIS2PLACEMENT3D(#96,#97,#98);
#100=IFCLOCALPLACEMENT(#79,#99);
#111=IFCPROPERTYSET('1bxXctOaX6NAyscYcs0vgQ',$,'EPset_Parametric',$,(#113));
#112=IFCRELDEFINESBYPROPERTIES('0LzG4FS7P5LBDeZrmM6kGT',$,$,$,(#87),#111);
#113=IFCPROPERTYSINGLEVALUE('Engine',$,IFCLABEL('Bonsai.DumbLayer2'),$);
#114=IFCCARTESIANPOINTLIST2D(((0.,0.),(0.,0.10000000000000001),(2.9899999525395522,0.10000000000000001),(2.9899999525395522,0.)));
#115=IFCINDEXEDPOLYCURVE(#114,(IFCLINEINDEX((1,2,3,4,1))),$);
#116=IFCARBITRARYCLOSEDPROFILEDEF(.AREA.,$,#115);
#117=IFCCARTESIANPOINT((0.,0.,0.));
#118=IFCDIRECTION((0.,0.,1.));
#119=IFCDIRECTION((1.,0.,0.));
#120=IFCAXIS2PLACEMENT3D(#117,#118,#119);
#121=IFCDIRECTION((0.,0.,1.));
#122=IFCEXTRUDEDAREASOLID(#116,#120,#121,3.);
#123=IFCSHAPEREPRESENTATION(#11,'Body','SweptSolid',(#122));
#124=IFCCARTESIANPOINTLIST2D(((0.,0.),(2.9899999525395522,0.)));
#125=IFCINDEXEDPOLYCURVE(#124,$,$);
#126=IFCSHAPEREPRESENTATION(#23,'Axis','Curve2D',(#125));
#127=IFCWALL('1jbRUhEsjElR_FEYgXMlhp',$,'Wall',$,$,#138,#133,$,$);
#128=IFCMATERIALLAYERSETUSAGE(#82,.AXIS2.,.POSITIVE.,0.,$);
#129=IFCRELASSOCIATESMATERIAL('17D3UGXrv2mht3IHllfHRN',$,$,$,(#127),#128);
#133=IFCPRODUCTDEFINITIONSHAPE($,$,(#1135,#1132));
#134=IFCCARTESIANPOINT((0.21665769815444946,0.038202591240406036,0.));
#135=IFCDIRECTION((0.,0.,1.));
#136=IFCDIRECTION((7.5497901264043109E-08,-0.99999999999999711,0.));
#137=IFCAXIS2PLACEMENT3D(#134,#135,#136);
#138=IFCLOCALPLACEMENT(#79,#137);
#149=IFCPROPERTYSET('3N5cfrGpf7sP_4koNbpuFn',$,'EPset_Parametric',$,(#151));
#150=IFCRELDEFINESBYPROPERTIES('0ZAmDv$OjA7PlKImG_wdkP',$,$,$,(#127),#149);
#151=IFCPROPERTYSINGLEVALUE('Engine',$,IFCLABEL('Bonsai.DumbLayer2'),$);
#203=IFCWALL('03lbbwDU1C1vwrJUI6vmDs',$,'Wall',$,$,#1122,#209,$,$);
#204=IFCMATERIALLAYERSETUSAGE(#82,.AXIS2.,.POSITIVE.,0.,$);
#205=IFCRELASSOCIATESMATERIAL('25WrOP02n5$geKCS1nNNbG',$,$,$,(#203),#204);
#209=IFCPRODUCTDEFINITIONSHAPE($,$,(#1117,#1114));
#225=IFCPROPERTYSET('2NoHm_2Sn7Mw_A6RFbi_2q',$,'EPset_Parametric',$,(#227));
#226=IFCRELDEFINESBYPROPERTIES('39vZH4W5PDIw26TrpZZe9f',$,$,$,(#203),#225);
#227=IFCPROPERTYSINGLEVALUE('Engine',$,IFCLABEL('Bonsai.DumbLayer2'),$);
#241=IFCWALL('1ilt9ShSr8D9YPEBpXEOyq',$,'Wall',$,$,#1103,#247,$,$);
#242=IFCMATERIALLAYERSETUSAGE(#82,.AXIS2.,.POSITIVE.,0.,$);
#243=IFCRELASSOCIATESMATERIAL('0rV2CKAjv2Mhj2RRlmLIFP',$,$,$,(#241),#242);
#247=IFCPRODUCTDEFINITIONSHAPE($,$,(#1098,#1095));
#263=IFCPROPERTYSET('1QO1QDK31BRwhbHoJ13pdg',$,'EPset_Parametric',$,(#265));
#264=IFCRELDEFINESBYPROPERTIES('34LlqbeYf1rA70prLmYsT2',$,$,$,(#241),#263);
#265=IFCPROPERTYSINGLEVALUE('Engine',$,IFCLABEL('Bonsai.DumbLayer2'),$);
#279=IFCWALL('3pmTrPsYD0Gf7LEbRcl$VR',$,'Wall',$,$,#290,#285,$,$);
#280=IFCMATERIALLAYERSETUSAGE(#82,.AXIS2.,.POSITIVE.,0.,$);
#281=IFCRELASSOCIATESMATERIAL('1_b3FPkNTAKBxz$9dzWPSL',$,$,$,(#279),#280);
#285=IFCPRODUCTDEFINITIONSHAPE($,$,(#316,#313));
#286=IFCCARTESIANPOINT((4.2052927017211914,-0.011797666549682617,0.));
#287=IFCDIRECTION((0.,0.,1.));
#288=IFCDIRECTION((7.5497901264043109E-08,0.99999999999999711,0.));
#289=IFCAXIS2PLACEMENT3D(#286,#287,#288);
#290=IFCLOCALPLACEMENT(#79,#289);
#301=IFCPROPERTYSET('2A_6Dpy298zw1XTxEz5gBf',$,'EPset_Parametric',$,(#303));
#302=IFCRELDEFINESBYPROPERTIES('1QM5Ts2tj0NODRooiOkmUW',$,$,$,(#279),#301);
#303=IFCPROPERTYSINGLEVALUE('Engine',$,IFCLABEL('Bonsai.DumbLayer2'),$);
#304=IFCCARTESIANPOINTLIST2D(((0.,0.),(0.,0.10000000000000001),(2.700000081238922,0.10000000000000001),(2.700000081238922,0.)));
#305=IFCINDEXEDPOLYCURVE(#304,(IFCLINEINDEX((1,2,3,4,1))),$);
#306=IFCARBITRARYCLOSEDPROFILEDEF(.AREA.,$,#305);
#307=IFCCARTESIANPOINT((0.,0.,0.));
#308=IFCDIRECTION((0.,0.,1.));
#309=IFCDIRECTION((1.,0.,0.));
#310=IFCAXIS2PLACEMENT3D(#307,#308,#309);
#311=IFCDIRECTION((0.,0.,1.));
#312=IFCEXTRUDEDAREASOLID(#306,#310,#311,3.);
#313=IFCSHAPEREPRESENTATION(#11,'Body','SweptSolid',(#312));
#314=IFCCARTESIANPOINTLIST2D(((0.,0.),(2.700000081238922,0.)));
#315=IFCINDEXEDPOLYCURVE(#314,$,$);
#316=IFCSHAPEREPRESENTATION(#23,'Axis','Curve2D',(#315));
#317=IFCWALL('06kX0MrDn2k95CcP53aQse',$,'Wall',$,$,#328,#323,$,$);
#318=IFCMATERIALLAYERSETUSAGE(#82,.AXIS2.,.POSITIVE.,0.,$);
#319=IFCRELASSOCIATESMATERIAL('1OF60fCOX3IBapPxM5yQdx',$,$,$,(#317),#318);
#323=IFCPRODUCTDEFINITIONSHAPE($,$,(#354,#351));
#324=IFCCARTESIANPOINT((4.2052931785583496,2.6882023811340332,0.));
#325=IFCDIRECTION((0.,0.,1.));
#326=IFCDIRECTION((7.5497901264043109E-08,0.99999999999999711,0.));
#327=IFCAXIS2PLACEMENT3D(#324,#325,#326);
#328=IFCLOCALPLACEMENT(#79,#327);
#339=IFCPROPERTYSET('0EjE55yEb8l8VE4l72Kgwv',$,'EPset_Parametric',$,(#341));
#340=IFCRELDEFINESBYPROPERTIES('2YqBdOOIzCt8WdFdOlNZ80',$,$,$,(#317),#339);
#341=IFCPROPERTYSINGLEVALUE('Engine',$,IFCLABEL('Bonsai.DumbLayer2'),$);
#342=IFCCARTESIANPOINTLIST2D(((0.,0.),(0.,0.10000000000000001),(2.4500003036187432,0.10000000000000001),(2.4500003036187432,0.)));
#343=IFCINDEXEDPOLYCURVE(#342,(IFCLINEINDEX((1,2,3,4,1))),$);
#344=IFCARBITRARYCLOSEDPROFILEDEF(.AREA.,$,#343);
#345=IFCCARTESIANPOINT((0.,0.,0.));
#346=IFCDIRECTION((0.,0.,1.));
#347=IFCDIRECTION((1.,0.,0.));
#348=IFCAXIS2PLACEMENT3D(#345,#346,#347);
#349=IFCDIRECTION((0.,0.,1.));
#350=IFCEXTRUDEDAREASOLID(#344,#348,#349,3.);
#351=IFCSHAPEREPRESENTATION(#11,'Body','SweptSolid',(#350));
#352=IFCCARTESIANPOINTLIST2D(((0.,0.),(2.4500003036187432,0.)));
#353=IFCINDEXEDPOLYCURVE(#352,$,$);
#354=IFCSHAPEREPRESENTATION(#23,'Axis','Curve2D',(#353));
#355=IFCWALL('3T6NKtAJTEfujYb1rBGAl4',$,'Wall',$,$,#366,#361,$,$);
#356=IFCMATERIALLAYERSETUSAGE(#82,.AXIS2.,.POSITIVE.,0.,$);
#357=IFCRELASSOCIATESMATERIAL('34aLwj5IPFFAkmRvs8l82d',$,$,$,(#355),#356);
#361=IFCPRODUCTDEFINITIONSHAPE($,$,(#392,#389));
#362=IFCCARTESIANPOINT((4.2052936553955078,5.1382026672363281,0.));
#363=IFCDIRECTION((0.,0.,1.));
#364=IFCDIRECTION((7.5497901264043109E-08,0.99999999999999711,0.));
#365=IFCAXIS2PLACEMENT3D(#362,#363,#364);
#366=IFCLOCALPLACEMENT(#79,#365);
#377=IFCPROPERTYSET('3z7Z_YChzEJvsLJqv6oi84',$,'EPset_Parametric',$,(#379));
#378=IFCRELDEFINESBYPROPERTIES('2__J7V4yPEjuYHcPTYicZ8',$,$,$,(#355),#377);
#379=IFCPROPERTYSINGLEVALUE('Engine',$,IFCLABEL('Bonsai.DumbLayer2'),$);
#380=IFCCARTESIANPOINTLIST2D(((0.,0.),(0.,0.10000000000000001),(1.4000000987734078,0.10000000000000001),(1.4000000987734078,0.)));
#381=IFCINDEXEDPOLYCURVE(#380,(IFCLINEINDEX((1,2,3,4,1))),$);
#382=IFCARBITRARYCLOSEDPROFILEDEF(.AREA.,$,#381);
#383=IFCCARTESIANPOINT((0.,0.,0.));
#384=IFCDIRECTION((0.,0.,1.));
#385=IFCDIRECTION((1.,0.,0.));
#386=IFCAXIS2PLACEMENT3D(#383,#384,#385);
#387=IFCDIRECTION((0.,0.,1.));
#388=IFCEXTRUDEDAREASOLID(#382,#386,#387,3.);
#389=IFCSHAPEREPRESENTATION(#11,'Body','SweptSolid',(#388));
#390=IFCCARTESIANPOINTLIST2D(((0.,0.),(1.4000000987734078,0.)));
#391=IFCINDEXEDPOLYCURVE(#390,$,$);
#392=IFCSHAPEREPRESENTATION(#23,'Axis','Curve2D',(#391));
#431=IFCWALL('1orgYBVPX1CxzbnMGLWUVy',$,'Wall',$,$,#442,#437,$,$);
#432=IFCMATERIALLAYERSETUSAGE(#82,.AXIS2.,.POSITIVE.,0.,$);
#433=IFCRELASSOCIATESMATERIAL('2MUgt5Ju9D_AE$nVBf8I4b',$,$,$,(#431),#432);
#437=IFCPRODUCTDEFINITIONSHAPE($,$,(#468,#465));
#438=IFCCARTESIANPOINT((4.1052937507629395,6.5382027626037598,0.));
#439=IFCDIRECTION((0.,0.,1.));
#440=IFCDIRECTION((-0.99999999999999623,8.7422776573475527E-08,0.));
#441=IFCAXIS2PLACEMENT3D(#438,#439,#440);
#442=IFCLOCALPLACEMENT(#79,#441);
#453=IFCPROPERTYSET('2sy$qy5ZX9$8EaT5jt_C76',$,'EPset_Parametric',$,(#455));
#454=IFCRELDEFINESBYPROPERTIES('3dZ23JsHP5teIj5kGbMNXv',$,$,$,(#431),#453);
#455=IFCPROPERTYSINGLEVALUE('Engine',$,IFCLABEL('Bonsai.DumbLayer2'),$);
#456=IFCCARTESIANPOINTLIST2D(((0.,0.),(0.,0.10000000000000001),(3.3499998348862339,0.10000000000000001),(3.3499998348862339,0.)));
#457=IFCINDEXEDPOLYCURVE(#456,(IFCLINEINDEX((1,2,3,4,1))),$);
#458=IFCARBITRARYCLOSEDPROFILEDEF(.AREA.,$,#457);
#459=IFCCARTESIANPOINT((0.,0.,0.));
#460=IFCDIRECTION((0.,0.,1.));
#461=IFCDIRECTION((1.,0.,0.));
#462=IFCAXIS2PLACEMENT3D(#459,#460,#461);
#463=IFCDIRECTION((0.,0.,1.));
#464=IFCEXTRUDEDAREASOLID(#458,#462,#463,3.);
#465=IFCSHAPEREPRESENTATION(#11,'Body','SweptSolid',(#464));
#466=IFCCARTESIANPOINTLIST2D(((0.,0.),(3.3499998348862339,0.)));
#467=IFCINDEXEDPOLYCURVE(#466,$,$);
#468=IFCSHAPEREPRESENTATION(#23,'Axis','Curve2D',(#467));
#469=IFCWALL('0ctKLCryXDPPal7mSaqsvU',$,'Wall',$,$,#480,#475,$,$);
#470=IFCMATERIALLAYERSETUSAGE(#82,.AXIS2.,.POSITIVE.,0.,$);
#471=IFCRELASSOCIATESMATERIAL('28vLnF7A534Qob$TPHi7r5',$,$,$,(#469),#470);
#475=IFCPRODUCTDEFINITIONSHAPE($,$,(#506,#503));
#476=IFCCARTESIANPOINT((0.75529384613037109,6.4382033348083496,0.));
#477=IFCDIRECTION((0.,0.,1.));
#478=IFCDIRECTION((7.5497901264043109E-08,-0.99999999999999711,0.));
#479=IFCAXIS2PLACEMENT3D(#476,#477,#478);
#480=IFCLOCALPLACEMENT(#79,#479);
#491=IFCPROPERTYSET('1hOIzhRNfDC8uWcWy1C8Kq',$,'EPset_Parametric',$,(#493));
#492=IFCRELDEFINESBYPROPERTIES('1CS4XWSMv2OxDynTtpvLQa',$,$,$,(#469),#491);
#493=IFCPROPERTYSINGLEVALUE('Engine',$,IFCLABEL('Bonsai.DumbLayer2'),$);
#494=IFCCARTESIANPOINTLIST2D(((0.,0.),(0.,0.10000000000000001),(1.4000000987734129,0.10000000000000001),(1.4000000987734129,0.)));
#495=IFCINDEXEDPOLYCURVE(#494,(IFCLINEINDEX((1,2,3,4,1))),$);
#496=IFCARBITRARYCLOSEDPROFILEDEF(.AREA.,$,#495);
#497=IFCCARTESIANPOINT((0.,0.,0.));
#498=IFCDIRECTION((0.,0.,1.));
#499=IFCDIRECTION((1.,0.,0.));
#500=IFCAXIS2PLACEMENT3D(#497,#498,#499);
#501=IFCDIRECTION((0.,0.,1.));
#502=IFCEXTRUDEDAREASOLID(#496,#500,#501,3.);
#503=IFCSHAPEREPRESENTATION(#11,'Body','SweptSolid',(#502));
#504=IFCCARTESIANPOINTLIST2D(((0.,0.),(1.4000000987734129,0.)));
#505=IFCINDEXEDPOLYCURVE(#504,$,$);
#506=IFCSHAPEREPRESENTATION(#23,'Axis','Curve2D',(#505));
#507=IFCWALL('08jtbkSSXD$83ProcmjPKz',$,'Wall',$,$,#518,#513,$,$);
#508=IFCMATERIALLAYERSETUSAGE(#82,.AXIS2.,.POSITIVE.,0.,$);
#509=IFCRELASSOCIATESMATERIAL('2DsOqfe2b8S8FCvC5TClzK',$,$,$,(#507),#508);
#513=IFCPRODUCTDEFINITIONSHAPE($,$,(#1039,#1036));
#514=IFCCARTESIANPOINT((0.85529410839080811,5.038203239440918,0.));
#515=IFCDIRECTION((0.,0.,1.));
#516=IFCDIRECTION((-0.99999999999999623,8.7422776573475527E-08,0.));
#517=IFCAXIS2PLACEMENT3D(#514,#515,#516);
#518=IFCLOCALPLACEMENT(#79,#517);
#529=IFCPROPERTYSET('2B1B0vNPv8K98kK7G2F9st',$,'EPset_Parametric',$,(#531));
#530=IFCRELDEFINESBYPROPERTIES('12KKZENMfCQO8D0hw9DiAQ',$,$,$,(#507),#529);
#531=IFCPROPERTYSINGLEVALUE('Engine',$,IFCLABEL('Bonsai.DumbLayer2'),$);
#545=IFCWALL('2QhnFy4dfEAfqVMhtmD5jl',$,'Wall',$,$,#556,#551,$,$);
#546=IFCMATERIALLAYERSETUSAGE(#82,.AXIS2.,.POSITIVE.,0.,$);
#547=IFCRELASSOCIATESMATERIAL('0r$4ZB2fT4cvRIQO63CFgi',$,$,$,(#545),#546);
#551=IFCPRODUCTDEFINITIONSHAPE($,$,(#755,#752));
#552=IFCCARTESIANPOINT((-2.7947061061859131,4.9382038116455078,0.));
#553=IFCDIRECTION((0.,0.,1.));
#554=IFCDIRECTION((7.5497901264043109E-08,-0.99999999999999711,0.));
#555=IFCAXIS2PLACEMENT3D(#552,#553,#554);
#556=IFCLOCALPLACEMENT(#79,#555);
#567=IFCPROPERTYSET('2Od13S$NXETA1KGkkSNBSa',$,'EPset_Parametric',$,(#569));
#568=IFCRELDEFINESBYPROPERTIES('39mOMU$H96sBDCLVvHiofq',$,$,$,(#545),#567);
#569=IFCPROPERTYSINGLEVALUE('Engine',$,IFCLABEL('Bonsai.DumbLayer2'),$);
#583=IFCWALL('0UQ6jElfX7QPT1iuqITUdb',$,'Wall',$,$,#594,#589,$,$);
#584=IFCMATERIALLAYERSETUSAGE(#82,.AXIS2.,.POSITIVE.,0.,$);
#585=IFCRELASSOCIATESMATERIAL('2Sadra04rCdhvfqNXgYnH2',$,$,$,(#583),#584);
#589=IFCPRODUCTDEFINITIONSHAPE($,$,(#620,#617));
#590=IFCCARTESIANPOINT((-2.7947056293487549,2.2882037162780762,0.));
#591=IFCDIRECTION((0.,0.,1.));
#592=IFCDIRECTION((0.0094943567036708428,-0.99995492757963012,0.));
#593=IFCAXIS2PLACEMENT3D(#590,#591,#592);
#594=IFCLOCALPLACEMENT(#79,#593);
#605=IFCPROPERTYSET('1OpT$4Qs9AaAxEOmLVYrjB',$,'EPset_Parametric',$,(#607));
#606=IFCRELDEFINESBYPROPERTIES('1nonXv0T19dOAJuR80TN_8',$,$,$,(#583),#605);
#607=IFCPROPERTYSINGLEVALUE('Engine',$,IFCLABEL('Bonsai.DumbLayer2'),$);
#608=IFCCARTESIANPOINTLIST2D(((0.,0.),(0.,0.10000000000000001),(2.2501021591623416,0.10000000000000001),(2.2501021591623416,0.)));
#609=IFCINDEXEDPOLYCURVE(#608,(IFCLINEINDEX((1,2,3,4,1))),$);
#610=IFCARBITRARYCLOSEDPROFILEDEF(.AREA.,$,#609);
#611=IFCCARTESIANPOINT((0.,0.,0.));
#612=IFCDIRECTION((0.,0.,1.));
#613=IFCDIRECTION((1.,0.,0.));
#614=IFCAXIS2PLACEMENT3D(#611,#612,#613);
#615=IFCDIRECTION((0.,0.,1.));
#616=IFCEXTRUDEDAREASOLID(#610,#614,#615,3.);
#617=IFCSHAPEREPRESENTATION(#11,'Body','SweptSolid',(#616));
#618=IFCCARTESIANPOINTLIST2D(((0.,0.),(2.2501021591623416,0.)));
#619=IFCINDEXEDPOLYCURVE(#618,$,$);
#620=IFCSHAPEREPRESENTATION(#23,'Axis','Curve2D',(#619));
#621=IFCWALL('3zRVXOjHDBxg_Rp8NgHd_Z',$,'Wall',$,$,#632,#627,$,$);
#622=IFCMATERIALLAYERSETUSAGE(#82,.AXIS2.,.POSITIVE.,0.,$);
#623=IFCRELASSOCIATESMATERIAL('0cEQVbzhXDx9H02UsLV9AP',$,$,$,(#621),#622);
#627=IFCPRODUCTDEFINITIONSHAPE($,$,(#728,#725));
#628=IFCCARTESIANPOINT((0.31665769219398499,0.038202609866857529,0.));
#629=IFCDIRECTION((0.,0.,1.));
#630=IFCDIRECTION((7.5497901264043109E-08,0.99999999999999711,0.));
#631=IFCAXIS2PLACEMENT3D(#628,#629,#630);
#632=IFCLOCALPLACEMENT(#79,#631);
#643=IFCPROPERTYSET('2ATndl2KLDTu6gPW6gaqHQ',$,'EPset_Parametric',$,(#645));
#644=IFCRELDEFINESBYPROPERTIES('1IkryO_yT4KhsZjllVG6dI',$,$,$,(#621),#643);
#645=IFCPROPERTYSINGLEVALUE('Engine',$,IFCLABEL('Bonsai.DumbLayer2'),$);
#646=IFCWALL('2A77tp4MX4du9NEj_0jXgK',$,'Wall',$,$,#715,#652,$,$);
#647=IFCMATERIALLAYERSETUSAGE(#82,.AXIS2.,.POSITIVE.,0.,$);
#648=IFCRELASSOCIATESMATERIAL('2P0kp5mSX2XRrQ61FrdtTr',$,$,$,(#646),#647);
#652=IFCPRODUCTDEFINITIONSHAPE($,$,(#742,#739));
#668=IFCPROPERTYSET('09z7rUWuT5GfGJnBH_hx_8',$,'EPset_Parametric',$,(#670));
#669=IFCRELDEFINESBYPROPERTIES('0bjTA_yVnFxPwywHacKBAn',$,$,$,(#646),#668);
#670=IFCPROPERTYSINGLEVALUE('Engine',$,IFCLABEL('Bonsai.DumbLayer2'),$);
#697=IFCRELCONNECTSPATHELEMENTS('0eYWoFED5EtwDtvYkXazW4',$,$,$,$,#646,#621,(),(),.ATEND.,.ATSTART.);
#711=IFCCARTESIANPOINT((0.31665788848851456,2.6382024288177472,0.));
#712=IFCDIRECTION((0.,0.,1.));
#713=IFCDIRECTION((-0.99999999999998868,-1.5099580252808492E-07,0.));
#714=IFCAXIS2PLACEMENT3D(#711,#712,#713);
#715=IFCLOCALPLACEMENT(#79,#714);
#716=IFCCARTESIANPOINTLIST2D(((0.,0.),(0.,0.10000000000000001),(2.4999997963015241,0.10000000000000001),(2.5999998189508973,0.)));
#717=IFCINDEXEDPOLYCURVE(#716,(IFCLINEINDEX((1,2,3,4,1))),$);
#718=IFCARBITRARYCLOSEDPROFILEDEF(.AREA.,$,#717);
#719=IFCCARTESIANPOINT((0.,0.,0.));
#720=IFCDIRECTION((0.,0.,1.));
#721=IFCDIRECTION((1.,0.,0.));
#722=IFCAXIS2PLACEMENT3D(#719,#720,#721);
#723=IFCDIRECTION((0.,0.,1.));
#724=IFCEXTRUDEDAREASOLID(#718,#722,#723,3.);
#725=IFCSHAPEREPRESENTATION(#11,'Body','SweptSolid',(#724));
#726=IFCCARTESIANPOINTLIST2D(((0.,0.),(2.5999998189508973,0.)));
#727=IFCINDEXEDPOLYCURVE(#726,$,$);
#728=IFCSHAPEREPRESENTATION(#23,'Axis','Curve2D',(#727));
#729=IFCRELCONNECTSPATHELEMENTS('0IrKX2gmL0LwsNrGiAlCLC',$,$,$,$,#646,#545,(),(),.ATPATH.,.ATEND.);
#730=IFCCARTESIANPOINTLIST2D(((0.,0.),(0.10000002264937295,0.10000000000000001),(3.0113638285789395,0.10000000000000001),(3.0113638210291493,0.)));
#731=IFCINDEXEDPOLYCURVE(#730,(IFCLINEINDEX((1,2,3,4,1))),$);
#732=IFCARBITRARYCLOSEDPROFILEDEF(.AREA.,$,#731);
#733=IFCCARTESIANPOINT((0.,0.,0.));
#734=IFCDIRECTION((0.,0.,1.));
#735=IFCDIRECTION((1.,0.,0.));
#736=IFCAXIS2PLACEMENT3D(#733,#734,#735);
#737=IFCDIRECTION((0.,0.,1.));
#738=IFCEXTRUDEDAREASOLID(#732,#736,#737,3.);
#739=IFCSHAPEREPRESENTATION(#11,'Body','SweptSolid',(#738));
#740=IFCCARTESIANPOINTLIST2D(((0.,0.),(3.1113638210291499,0.)));
#741=IFCINDEXEDPOLYCURVE(#740,$,$);
#742=IFCSHAPEREPRESENTATION(#23,'Axis','Curve2D',(#741));
#743=IFCCARTESIANPOINTLIST2D(((0.,0.),(0.,0.10000000000000001),(2.6500000971668261,0.10000000000000001),(2.6500000971668261,0.)));
#744=IFCINDEXEDPOLYCURVE(#743,(IFCLINEINDEX((1,2,3,4,1))),$);
#745=IFCARBITRARYCLOSEDPROFILEDEF(.AREA.,$,#744);
#746=IFCCARTESIANPOINT((0.,0.,0.));
#747=IFCDIRECTION((0.,0.,1.));
#748=IFCDIRECTION((1.,0.,0.));
#749=IFCAXIS2PLACEMENT3D(#746,#747,#748);
#750=IFCDIRECTION((0.,0.,1.));
#751=IFCEXTRUDEDAREASOLID(#745,#749,#750,3.);
#752=IFCSHAPEREPRESENTATION(#11,'Body','SweptSolid',(#751));
#753=IFCCARTESIANPOINTLIST2D(((0.,0.),(2.6500000971668261,0.)));
#754=IFCINDEXEDPOLYCURVE(#753,$,$);
#755=IFCSHAPEREPRESENTATION(#23,'Axis','Curve2D',(#754));
#756=IFCWALL('2YvOVrBEHDGeRLRgyGbnbK',$,'Wall',$,$,#798,#762,$,$);
#757=IFCMATERIALLAYERSETUSAGE(#82,.AXIS2.,.POSITIVE.,0.,$);
#758=IFCRELASSOCIATESMATERIAL('3sNQ2nczX0PwBUyvLshYSM',$,$,$,(#756),#757);
#762=IFCPRODUCTDEFINITIONSHAPE($,$,(#1002,#999));
#778=IFCPROPERTYSET('3xs2bjsDz1xvjrLsn2wF4v',$,'EPset_Parametric',$,(#780));
#779=IFCRELDEFINESBYPROPERTIES('1_PQ2TlXLClgyD6BzfB5uW',$,$,$,(#756),#778);
#780=IFCPROPERTYSINGLEVALUE('Engine',$,IFCLABEL('Bonsai.DumbLayer2'),$);
#794=IFCCARTESIANPOINT((-1.1720554828643799,2.638202428817749,0.));
#795=IFCDIRECTION((0.,0.,1.));
#796=IFCDIRECTION((1.9470718370939353E-07,0.99999999999998113,0.));
#797=IFCAXIS2PLACEMENT3D(#794,#795,#796);
#798=IFCLOCALPLACEMENT(#79,#797);
#799=IFCRELCONNECTSPATHELEMENTS('3ZDNTKOez8ivIFoEcxv3PJ',$,$,$,$,#756,#507,(),(),.ATPATH.,.ATEND.);
#826=IFCWALL('3EamHHBbP0iRjS7nnvgAO$',$,'Wall',$,$,#1026,#832,$,$);
#827=IFCMATERIALLAYERSETUSAGE(#82,.AXIS2.,.POSITIVE.,0.,$);
#828=IFCRELASSOCIATESMATERIAL('1hRDPDUy5DDOgX3IFfcnws',$,$,$,(#826),#827);
#832=IFCPRODUCTDEFINITIONSHAPE($,$,(#1053,#1050));
#848=IFCPROPERTYSET('25FjdHNZXCnw5bEATi8Qmt',$,'EPset_Parametric',$,(#850));
#849=IFCRELDEFINESBYPROPERTIES('2CKLpvHcX9eukzjVx8dVt$',$,$,$,(#826),#848);
#850=IFCPROPERTYSINGLEVALUE('Engine',$,IFCLABEL('Bonsai.DumbLayer2'),$);
#851=IFCWALL('3a$qn7AnL37gTmRgD6v1Ya',$,'Wall',$,$,#1071,#857,$,$);
#852=IFCMATERIALLAYERSETUSAGE(#82,.AXIS2.,.POSITIVE.,0.,$);
#853=IFCRELASSOCIATESMATERIAL('0zqxsh7Yf5pfb9mYuU0E78',$,$,$,(#851),#852);
#857=IFCPRODUCTDEFINITIONSHAPE($,$,(#1066,#1063));
#873=IFCPROPERTYSET('1ssLywR$922QSl21RIbUFU',$,'EPset_Parametric',$,(#875));
#874=IFCRELDEFINESBYPROPERTIES('39YesslHDBGBkgU347khDq',$,$,$,(#851),#873);
#875=IFCPROPERTYSINGLEVALUE('Engine',$,IFCLABEL('Bonsai.DumbLayer2'),$);
#971=IFCRELCONNECTSPATHELEMENTS('2NKS3dUTX9C869wvDlglCI',$,$,$,$,#851,#756,(),(),.ATPATH.,.ATEND.);
#990=IFCCARTESIANPOINTLIST2D(((0.,0.),(0.,0.10000000000000001),(2.3000009771312624,0.10000000000000001),(2.3000009878597032,0.)));
#991=IFCINDEXEDPOLYCURVE(#990,(IFCLINEINDEX((1,2,3,4,1))),$);
#992=IFCARBITRARYCLOSEDPROFILEDEF(.AREA.,$,#991);
#993=IFCCARTESIANPOINT((0.,0.,0.));
#994=IFCDIRECTION((0.,0.,1.));
#995=IFCDIRECTION((1.,0.,0.));
#996=IFCAXIS2PLACEMENT3D(#993,#994,#995);
#997=IFCDIRECTION((0.,0.,1.));
#998=IFCEXTRUDEDAREASOLID(#992,#996,#997,3.);
#999=IFCSHAPEREPRESENTATION(#11,'Body','SweptSolid',(#998));
#1000=IFCCARTESIANPOINTLIST2D(((0.,0.),(2.4000009878597037,0.)));
#1001=IFCINDEXEDPOLYCURVE(#1000,$,$);
#1002=IFCSHAPEREPRESENTATION(#23,'Axis','Curve2D',(#1001));
#1008=IFCRELCONNECTSPATHELEMENTS('0AbKYKaWv0hAYub8KTXr5g',$,$,$,$,#826,#507,(),(),.ATPATH.,.ATSTART.);
#1022=IFCCARTESIANPOINT((0.75529414905833603,5.0382032481831915,0.));
#1023=IFCDIRECTION((0.,0.,1.));
#1024=IFCDIRECTION((1.9470718370939353E-07,-0.99999999999998113,0.));
#1025=IFCAXIS2PLACEMENT3D(#1022,#1023,#1024);
#1026=IFCLOCALPLACEMENT(#79,#1025);
#1027=IFCCARTESIANPOINTLIST2D(((0.,0.),(0.,0.10000000000000001),(3.650000031353676,0.10000000000000001),(3.650000031353676,0.)));
#1028=IFCINDEXEDPOLYCURVE(#1027,(IFCLINEINDEX((1,2,3,4,1))),$);
#1029=IFCARBITRARYCLOSEDPROFILEDEF(.AREA.,$,#1028);
#1030=IFCCARTESIANPOINT((0.,0.,0.));
#1031=IFCDIRECTION((0.,0.,1.));
#1032=IFCDIRECTION((1.,0.,0.));
#1033=IFCAXIS2PLACEMENT3D(#1030,#1031,#1032);
#1034=IFCDIRECTION((0.,0.,1.));
#1035=IFCEXTRUDEDAREASOLID(#1029,#1033,#1034,3.);
#1036=IFCSHAPEREPRESENTATION(#11,'Body','SweptSolid',(#1035));
#1037=IFCCARTESIANPOINTLIST2D(((0.,0.),(3.650000031353676,0.)));
#1038=IFCINDEXEDPOLYCURVE(#1037,$,$);
#1039=IFCSHAPEREPRESENTATION(#23,'Axis','Curve2D',(#1038));
#1040=IFCRELCONNECTSPATHELEMENTS('31K7y4ujH178Y1cRN3X4KS',$,$,$,$,#826,#851,(),(),.ATSTART.,.ATEND.);
#1041=IFCCARTESIANPOINTLIST2D(((0.100000000000004,0.),(0.10000002821300003,0.10000000000000001),(1.5748097137609862,0.10000000000000001),(1.4748096553488139,0.)));
#1042=IFCINDEXEDPOLYCURVE(#1041,(IFCLINEINDEX((1,2,3,4,1))),$);
#1043=IFCARBITRARYCLOSEDPROFILEDEF(.AREA.,$,#1042);
#1044=IFCCARTESIANPOINT((0.,0.,0.));
#1045=IFCDIRECTION((0.,0.,1.));
#1046=IFCDIRECTION((1.,0.,0.));
#1047=IFCAXIS2PLACEMENT3D(#1044,#1045,#1046);
#1048=IFCDIRECTION((0.,0.,1.));
#1049=IFCEXTRUDEDAREASOLID(#1043,#1047,#1048,3.);
#1050=IFCSHAPEREPRESENTATION(#11,'Body','SweptSolid',(#1049));
#1051=IFCCARTESIANPOINTLIST2D(((0.,0.),(1.4748096553488139,0.)));
#1052=IFCINDEXEDPOLYCURVE(#1051,$,$);
#1053=IFCSHAPEREPRESENTATION(#23,'Axis','Curve2D',(#1052));
#1054=IFCCARTESIANPOINTLIST2D(((0.,0.),(-0.10000005841217217,0.10000000000000001),(1.9273497194666656,0.10000000000000001),(1.9273497389373839,0.)));
#1055=IFCINDEXEDPOLYCURVE(#1054,(IFCLINEINDEX((1,2,3,4,1))),$);
#1056=IFCARBITRARYCLOSEDPROFILEDEF(.AREA.,$,#1055);
#1057=IFCCARTESIANPOINT((0.,0.,0.));
#1058=IFCDIRECTION((0.,0.,1.));
#1059=IFCDIRECTION((1.,0.,0.));
#1060=IFCAXIS2PLACEMENT3D(#1057,#1058,#1059);
#1061=IFCDIRECTION((0.,0.,1.));
#1062=IFCEXTRUDEDAREASOLID(#1056,#1060,#1061,3.);
#1063=IFCSHAPEREPRESENTATION(#11,'Body','SweptSolid',(#1062));
#1064=IFCCARTESIANPOINTLIST2D(((0.,0.),(1.9273497389373839,0.)));
#1065=IFCINDEXEDPOLYCURVE(#1064,$,$);
#1066=IFCSHAPEREPRESENTATION(#23,'Axis','Curve2D',(#1065));
#1067=IFCCARTESIANPOINT((0.75529443621437053,3.5633935928344056,0.));
#1068=IFCDIRECTION((0.,0.,1.));
#1069=IFCDIRECTION((-0.99999999999992428,3.8941436741876494E-07,0.));
#1070=IFCAXIS2PLACEMENT3D(#1067,#1068,#1069);
#1071=IFCLOCALPLACEMENT(#79,#1070);
#1072=IFCRELCONNECTSPATHELEMENTS('3gyvWLCgD99g0MWVu4ct1Z',$,$,$,$,#203,#241,(),(),.ATSTART.,.ATEND.);
#1086=IFCCARTESIANPOINTLIST2D(((0.,0.),(0.099999992450210157,0.10000000000000001),(2.5999999046325688,0.10000000000000001),(2.5999999046325688,0.)));
#1087=IFCINDEXEDPOLYCURVE(#1086,(IFCLINEINDEX((1,2,3,4,1))),$);
#1088=IFCARBITRARYCLOSEDPROFILEDEF(.AREA.,$,#1087);
#1089=IFCCARTESIANPOINT((0.,0.,0.));
#1090=IFCDIRECTION((0.,0.,1.));
#1091=IFCDIRECTION((1.,0.,0.));
#1092=IFCAXIS2PLACEMENT3D(#1089,#1090,#1091);
#1093=IFCDIRECTION((0.,0.,1.));
#1094=IFCEXTRUDEDAREASOLID(#1088,#1092,#1093,3.);
#1095=IFCSHAPEREPRESENTATION(#11,'Body','SweptSolid',(#1094));
#1096=IFCCARTESIANPOINTLIST2D(((0.,0.),(2.5999999046325688,0.)));
#1097=IFCINDEXEDPOLYCURVE(#1096,$,$);
#1098=IFCSHAPEREPRESENTATION(#23,'Axis','Curve2D',(#1097));
#1099=IFCCARTESIANPOINT((4.2052922173342502,-2.611797571182251,0.));
#1100=IFCDIRECTION((0.,0.,1.));
#1101=IFCDIRECTION((7.5497901264043123E-08,0.99999999999999722,0.));
#1102=IFCAXIS2PLACEMENT3D(#1099,#1100,#1101);
#1103=IFCLOCALPLACEMENT(#79,#1102);
#1104=IFCRELCONNECTSPATHELEMENTS('2z_n41S8z2Jwe$Au$vCVJb',$,$,$,$,#203,#127,(),(),.ATEND.,.ATSTART.);
#1105=IFCCARTESIANPOINTLIST2D(((0.,0.),(0.099999992450210171,0.10000000000000001),(3.88863432666014,0.10000000000000001),(3.9886343191103499,0.)));
#1106=IFCINDEXEDPOLYCURVE(#1105,(IFCLINEINDEX((1,2,3,4,1))),$);
#1107=IFCARBITRARYCLOSEDPROFILEDEF(.AREA.,$,#1106);
#1108=IFCCARTESIANPOINT((0.,0.,0.));
#1109=IFCDIRECTION((0.,0.,1.));
#1110=IFCDIRECTION((1.,0.,0.));
#1111=IFCAXIS2PLACEMENT3D(#1108,#1109,#1110);
#1112=IFCDIRECTION((0.,0.,1.));
#1113=IFCEXTRUDEDAREASOLID(#1107,#1111,#1112,3.);
#1114=IFCSHAPEREPRESENTATION(#11,'Body','SweptSolid',(#1113));
#1115=IFCCARTESIANPOINTLIST2D(((0.,0.),(3.9886343191103499,0.)));
#1116=IFCINDEXEDPOLYCURVE(#1115,$,$);
#1117=IFCSHAPEREPRESENTATION(#23,'Axis','Curve2D',(#1116));
#1118=IFCCARTESIANPOINT((0.21665789822390008,-2.611797571182251,0.));
#1119=IFCDIRECTION((0.,0.,1.));
#1120=IFCDIRECTION((1.,0.,0.));
#1121=IFCAXIS2PLACEMENT3D(#1118,#1119,#1120);
#1122=IFCLOCALPLACEMENT(#79,#1121);
#1123=IFCCARTESIANPOINTLIST2D(((0.,0.),(0.,0.10000000000000001),(2.5500001699724542,0.10000000000000001),(2.6500001624226641,0.)));
#1124=IFCINDEXEDPOLYCURVE(#1123,(IFCLINEINDEX((1,2,3,4,1))),$);
#1125=IFCARBITRARYCLOSEDPROFILEDEF(.AREA.,$,#1124);
#1126=IFCCARTESIANPOINT((0.,0.,0.));
#1127=IFCDIRECTION((0.,0.,1.));
#1128=IFCDIRECTION((1.,0.,0.));
#1129=IFCAXIS2PLACEMENT3D(#1126,#1127,#1128);
#1130=IFCDIRECTION((0.,0.,1.));
#1131=IFCEXTRUDEDAREASOLID(#1125,#1129,#1130,3.);
#1132=IFCSHAPEREPRESENTATION(#11,'Body','SweptSolid',(#1131));
#1133=IFCCARTESIANPOINTLIST2D(((0.,0.),(2.6500001624226641,0.)));
#1134=IFCINDEXEDPOLYCURVE(#1133,$,$);
#1135=IFCSHAPEREPRESENTATION(#23,'Axis','Curve2D',(#1134));
#1137=IFCMATERIALLAYERSET((#1139),$,$);
#1139=IFCMATERIALLAYER(#81,0.10000000000000001,$,$,$,$,$);
#1142=IFCSLABTYPE('2DOG6y5K1BGxiYKrQIAdAi',$,'Slab',$,$,(#1146),$,$,$,.FLOOR.);
#1143=IFCMATERIALLAYERSET((#1145),$,$);
#1144=IFCRELASSOCIATESMATERIAL('1CO6QysPD1bePRFp8VxZjt',$,$,$,(#1142),#1143);
#1145=IFCMATERIALLAYER(#81,0.10000000000000001,$,$,$,$,$);
#1146=IFCPROPERTYSET('1AY876zkDAjhIDQA9gd7iW',$,'EPset_Parametric',$,(#1147));
#1147=IFCPROPERTYSINGLEVALUE('LayerSetDirection',$,IFCLABEL('AXIS3'),$);
#1148=IFCSLAB('1KfJo1MUX9TedlAP09FE0V',$,'Slab',$,$,#1156,#1163,$,$);
#1149=IFCRELDEFINESBYTYPE('0cpkNefNb9iw8DcTku_hom',$,$,$,(#1148,#5873,#6867,#10209),#1142);
#1150=IFCMATERIALLAYERSETUSAGE(#1143,.AXIS3.,.POSITIVE.,-0.10000000149011612,$);
#1151=IFCRELASSOCIATESMATERIAL('0GONfj1RPCtwsgebAM64ok',$,$,$,(#1148),#1150);
#1152=IFCCARTESIANPOINT((4.2021856307983398,6.4946837425231934,0.));
#1153=IFCDIRECTION((0.,0.,1.));
#1154=IFCDIRECTION((1.,0.,0.));
#1155=IFCAXIS2PLACEMENT3D(#1152,#1153,#1154);
#1156=IFCLOCALPLACEMENT(#79,#1155);
#1157=IFCCARTESIANPOINTLIST2D(((0.,0.),(-3.4468917846679688,0.043519496917724609),(-3.4543323516845703,-1.5535368919372559),(-6.9968914985656738,-1.4564800262451172),(-6.9755277633666992,-6.556480884552002),(-3.9855279922485352,-6.607844352722168),(-3.9855277538299561,-9.1064815521240234),(0.0031065940856933594,-9.1064815521240234),(0.,0.)));
#1158=IFCINDEXEDPOLYCURVE(#1157,$,$);
#1159=IFCDIRECTION((0.,0.,1.));
#1160=IFCARBITRARYCLOSEDPROFILEDEF(.AREA.,$,#1158);
#1161=IFCEXTRUDEDAREASOLID(#1160,#1170,#1159,0.10000000000000001);
#1162=IFCSHAPEREPRESENTATION(#11,'Body','SweptSolid',(#1161));
#1163=IFCPRODUCTDEFINITIONSHAPE($,$,(#1162));
#1164=IFCPROPERTYSET('3v3QL$He5DeAyBLLVHu_r1',$,'EPset_Parametric',$,(#1166));
#1165=IFCRELDEFINESBYPROPERTIES('3bOOlm8qTBgBw0aqt6_Bgz',$,$,$,(#1148),#1164);
#1166=IFCPROPERTYSINGLEVALUE('Engine',$,IFCLABEL('Bonsai.DumbLayer3'),$);
#1167=IFCCARTESIANPOINT((-0.,-0.,-0.10000000149011612));
#1168=IFCDIRECTION((0.,0.,1.));
#1169=IFCDIRECTION((1.,0.,0.));
#1170=IFCAXIS2PLACEMENT3D(#1167,#1168,#1169);
#1171=IFCDOORTYPE('1si9UfdJf1$8Doyo4cwj4a',$,'Main-GF',$,$,(#1172),(#1181,#1259,#1278),$,$,.DOOR.,.SINGLE_SWING_LEFT.,$,$);
#1172=IFCPROPERTYSET('1jivIzJPTFzAsQklZgb$SC',$,'BBIM_Door',$,(#1173));
#1173=IFCPROPERTYSINGLEVALUE('Data',$,IFCTEXT('{"door_type": "SINGLE_SWING_LEFT", "overall_height": 2.0, "overall_width": 0.9525395631790161, "lining_properties": {"lining_depth": 0.05000000074505806, "lining_thickness": 0.05000000074505806, "lining_offset": 0.0, "lining_to_panel_offset_x": 0.02500000037252903, "lining_to_panel_offset_y": 0.02500000037252903, "transom_thickness": 0.0, "casing_thickness": 0.07500000298023224, "casing_depth": 0.004999999888241291, "threshold_thickness": 0.02500000037252903, "threshold_depth": 0.10000000149011612, "threshold_offset": 0.0}, "panel_properties": {"panel_depth": 0.03500000014901161, "panel_width_ratio": 1.0}}'),$);
#1177=IFCCARTESIANPOINT((0.,0.,0.));
#1178=IFCDIRECTION((1.,0.,0.));
#1179=IFCDIRECTION((0.,0.,1.));
#1180=IFCAXIS2PLACEMENT3D(#1177,#1179,#1178);
#1181=IFCREPRESENTATIONMAP(#1180,#1361);
#1255=IFCCARTESIANPOINT((0.,0.,0.));
#1256=IFCDIRECTION((1.,0.,0.));
#1257=IFCDIRECTION((0.,0.,1.));
#1258=IFCAXIS2PLACEMENT3D(#1255,#1257,#1256);
#1259=IFCREPRESENTATIONMAP(#1258,#1434);
#1274=IFCCARTESIANPOINT((0.,0.,0.));
#1275=IFCDIRECTION((1.,0.,0.));
#1276=IFCDIRECTION((0.,0.,1.));
#1277=IFCAXIS2PLACEMENT3D(#1274,#1276,#1275);
#1278=IFCREPRESENTATIONMAP(#1277,#1452);
#1279=IFCDOOR('3YYAZu95bD2BzMw_d2hUxb',$,'Door',$,$,#1477,#1288,$,2.,0.95253956317901611,$,.SINGLE_SWING_LEFT.,$);
#1280=IFCRELDEFINESBYTYPE('3Ox_QMMXH2QgQoNUOnvnPY',$,$,$,(#1279),#1171);
#1281=IFCCARTESIANPOINT((0.,0.,0.));
#1282=IFCDIRECTION((1.,0.,0.));
#1283=IFCDIRECTION((0.,1.,0.));
#1284=IFCDIRECTION((0.,0.,1.));
#1285=IFCCARTESIANTRANSFORMATIONOPERATOR3D(#1282,#1283,#1281,1.,#1284);
#1286=IFCMAPPEDITEM(#1181,#1285);
#1287=IFCSHAPEREPRESENTATION(#18,'Profile','MappedRepresentation',(#1286));
#1288=IFCPRODUCTDEFINITIONSHAPE($,$,(#1287,#1295,#1302));
#1289=IFCCARTESIANPOINT((0.,0.,0.));
#1290=IFCDIRECTION((1.,0.,0.));
#1291=IFCDIRECTION((0.,1.,0.));
#1292=IFCDIRECTION((0.,0.,1.));
#1293=IFCCARTESIANTRANSFORMATIONOPERATOR3D(#1290,#1291,#1289,1.,#1292);
#1294=IFCMAPPEDITEM(#1259,#1293);
#1295=IFCSHAPEREPRESENTATION(#11,'Body','MappedRepresentation',(#1294));
#1296=IFCCARTESIANPOINT((0.,0.,0.));
#1297=IFCDIRECTION((1.,0.,0.));
#1298=IFCDIRECTION((0.,1.,0.));
#1299=IFCDIRECTION((0.,0.,1.));
#1300=IFCCARTESIANTRANSFORMATIONOPERATOR3D(#1297,#1298,#1296,1.,#1299);
#1301=IFCMAPPEDITEM(#1278,#1300);
#1302=IFCSHAPEREPRESENTATION(#24,'Body','MappedRepresentation',(#1301));
#1303=IFCOPENINGELEMENT('3TMdcOMDD7HRAB6ct95Cfo',$,'Opening',$,$,#1472,#1331,$,.OPENING.);
#1319=IFCCARTESIANPOINT((0.,0.,0.));
#1320=IFCDIRECTION((1.,0.,0.));
#1321=IFCDIRECTION((0.,0.,1.));
#1322=IFCAXIS2PLACEMENT3D(#1319,#1321,#1320);
#1323=IFCREPRESENTATIONMAP(#1322,#1462);
#1324=IFCCARTESIANPOINT((0.,0.,0.));
#1325=IFCDIRECTION((1.,0.,0.));
#1326=IFCDIRECTION((0.,1.,0.));
#1327=IFCDIRECTION((0.,0.,1.));
#1328=IFCCARTESIANTRANSFORMATIONOPERATOR3D(#1325,#1326,#1324,1.,#1327);
#1329=IFCMAPPEDITEM(#1323,#1328);
#1330=IFCSHAPEREPRESENTATION(#11,'Body','MappedRepresentation',(#1329));
#1331=IFCPRODUCTDEFINITIONSHAPE($,$,(#1330));
#1332=IFCRELVOIDSELEMENT('0zNZzFTeb1Rx5uWH9uoNfE',$,$,$,#203,#1303);
#1338=IFCRELFILLSELEMENT('3YHWX2mlv4yBHn9Um0q5TL',$,$,$,#1303,#1279);
#1359=IFCCARTESIANPOINTLIST3D(((0.,0.,0.),(0.95253956317901611,0.,0.),(0.95253956317901611,0.,2.),(0.,0.,2.)));
#1360=IFCINDEXEDPOLYCURVE(#1359,(IFCLINEINDEX((1,2,3,4,1))),$);
#1361=IFCSHAPEREPRESENTATION(#18,'Profile','Curve3D',(#1360));
#1362=IFCCARTESIANPOINTLIST2D(((0.,0.),(0.,2.),(0.95253956317901611,2.),(0.95253956317901611,0.),(0.92753956280648708,0.),(0.92753956280648708,1.974999999627471),(0.02500000037252903,1.974999999627471),(0.02500000037252903,0.)));
#1363=IFCINDEXEDPOLYCURVE(#1362,(IFCLINEINDEX((1,2,3,4,5,6,7,8,1))),$);
#1364=IFCARBITRARYCLOSEDPROFILEDEF(.AREA.,$,#1363);
#1365=IFCCARTESIANPOINT((0.,0.02500000037252903,0.));
#1366=IFCDIRECTION((0.,-1.,0.));
#1367=IFCDIRECTION((1.,0.,0.));
#1368=IFCAXIS2PLACEMENT3D(#1365,#1366,#1367);
#1369=IFCDIRECTION((0.,0.,-1.));
#1370=IFCEXTRUDEDAREASOLID(#1364,#1368,#1369,0.02500000037252903);
#1371=IFCCARTESIANPOINTLIST2D(((0.,0.),(0.,2.),(0.95253956317901611,2.),(0.95253956317901611,0.),(0.90253956243395805,0.),(0.90253956243395805,1.9499999992549419),(0.05000000074505806,1.9499999992549419),(0.05000000074505806,0.)));
#1372=IFCINDEXEDPOLYCURVE(#1371,(IFCLINEINDEX((1,2,3,4,5,6,7,8,1))),$);
#1373=IFCARBITRARYCLOSEDPROFILEDEF(.AREA.,$,#1372);
#1374=IFCCARTESIANPOINT((0.,0.,0.));
#1375=IFCDIRECTION((0.,-1.,0.));
#1376=IFCDIRECTION((1.,0.,0.));
#1377=IFCAXIS2PLACEMENT3D(#1374,#1375,#1376);
#1378=IFCDIRECTION((0.,0.,-1.));
#1379=IFCEXTRUDEDAREASOLID(#1373,#1377,#1378,0.02500000037252903);
#1380=IFCCARTESIANPOINTLIST2D(((0.,0.),(0.85253956168889999,0.),(0.85253956168889999,0.10000000149011612),(0.,0.10000000149011612)));
#1381=IFCINDEXEDPOLYCURVE(#1380,(IFCLINEINDEX((1,2,3,4,1))),$);
#1382=IFCARBITRARYCLOSEDPROFILEDEF(.AREA.,$,#1381);
#1383=IFCCARTESIANPOINT((0.05000000074505806,0.,0.));
#1384=IFCDIRECTION((0.,0.,1.));
#1385=IFCDIRECTION((1.,0.,0.));
#1386=IFCAXIS2PLACEMENT3D(#1383,#1384,#1385);
#1387=IFCDIRECTION((0.,0.,1.));
#1388=IFCEXTRUDEDAREASOLID(#1382,#1386,#1387,0.02500000037252903);
#1389=IFCCARTESIANPOINTLIST2D(((0.,0.),(0.,2.0250000022351742),(1.0025395676493645,2.0250000022351742),(1.0025395676493645,0.),(0.92753956466913223,0.),(0.92753956466913223,1.9499999992549419),(0.075000002980232239,1.9499999992549419),(0.075000002980232239,0.)));
#1390=IFCINDEXEDPOLYCURVE(#1389,(IFCLINEINDEX((1,2,3,4,5,6,7,8,1))),$);
#1391=IFCARBITRARYCLOSEDPROFILEDEF(.AREA.,$,#1390);
#1392=IFCCARTESIANPOINT((-0.025000002235174179,-0.004999999888241291,0.));
#1393=IFCDIRECTION((0.,-1.,0.));
#1394=IFCDIRECTION((1.,0.,0.));
#1395=IFCAXIS2PLACEMENT3D(#1392,#1393,#1394);
#1396=IFCDIRECTION((0.,0.,-1.));
#1397=IFCEXTRUDEDAREASOLID(#1391,#1395,#1396,0.004999999888241291);
#1398=IFCCARTESIANPOINTLIST2D(((0.,0.),(0.,2.0250000022351742),(1.0025395676493645,2.0250000022351742),(1.0025395676493645,0.),(0.95253956504166126,0.),(0.95253956504166126,1.974999999627471),(0.050000002607703209,1.974999999627471),(0.050000002607703209,0.)));
#1399=IFCINDEXEDPOLYCURVE(#1398,(IFCLINEINDEX((1,2,3,4,5,6,7,8,1))),$);
#1400=IFCARBITRARYCLOSEDPROFILEDEF(.AREA.,$,#1399);
#1401=IFCCARTESIANPOINT((-0.025000002235174179,0.05000000074505806,0.));
#1402=IFCDIRECTION((0.,-1.,0.));
#1403=IFCDIRECTION((1.,0.,0.));
#1404=IFCAXIS2PLACEMENT3D(#1401,#1402,#1403);
#1405=IFCDIRECTION((0.,0.,-1.));
#1406=IFCEXTRUDEDAREASOLID(#1400,#1404,#1405,0.004999999888241291);
#1407=IFCCARTESIANPOINTLIST2D(((0.,0.),(0.90253956243395805,0.),(0.90253956243395805,0.035000000149011612),(0.,0.035000000149011612)));
#1408=IFCINDEXEDPOLYCURVE(#1407,(IFCLINEINDEX((1,2,3,4,1))),$);
#1409=IFCARBITRARYCLOSEDPROFILEDEF(.AREA.,$,#1408);
#1410=IFCCARTESIANPOINT((0.02500000037252903,0.02500000037252903,0.02500000037252903));
#1411=IFCDIRECTION((0.,0.,1.));
#1412=IFCDIRECTION((1.,0.,0.));
#1413=IFCAXIS2PLACEMENT3D(#1410,#1411,#1412);
#1414=IFCDIRECTION((0.,0.,1.));
#1415=IFCEXTRUDEDAREASOLID(#1409,#1413,#1414,1.9499999992549419);
#1416=IFCCARTESIANPOINTLIST2D(((0.,0.),(0.,-0.040000000000000001),(-0.11999999999999988,-0.040000000000000001),(-0.11999999999999988,-0.02),(-0.020000000000000018,-0.02),(-0.020000000000000018,0.)));
#1417=IFCINDEXEDPOLYCURVE(#1416,(IFCLINEINDEX((1,2,3,4,5,6,1))),$);
#1418=IFCARBITRARYCLOSEDPROFILEDEF(.AREA.,$,#1417);
#1419=IFCCARTESIANPOINT((0.87753956280648704,0.02500000037252903,1.015000000372529));
#1420=IFCDIRECTION((0.,0.,1.));
#1421=IFCDIRECTION((1.,0.,0.));
#1422=IFCAXIS2PLACEMENT3D(#1419,#1420,#1421);
#1423=IFCDIRECTION((0.,0.,1.));
#1424=IFCEXTRUDEDAREASOLID(#1418,#1422,#1423,0.02);
#1425=IFCEXTRUDEDAREASOLID(#1426,#1429,#1433,0.02);
#1426=IFCARBITRARYCLOSEDPROFILEDEF(.AREA.,$,#1427);
#1427=IFCINDEXEDPOLYCURVE(#1428,(IFCLINEINDEX((1,2,3,4,5,6,1))),$);
#1428=IFCCARTESIANPOINTLIST2D(((0.,0.),(0.,0.040000000000000008),(-0.11999999999999988,0.040000000000000008),(-0.11999999999999988,0.020000000000000004),(-0.020000000000000018,0.020000000000000004),(-0.020000000000000018,0.)));
#1429=IFCAXIS2PLACEMENT3D(#1430,#1431,#1432);
#1430=IFCCARTESIANPOINT((0.87753956280648704,0.060000000521540642,1.015000000372529));
#1431=IFCDIRECTION((0.,0.,1.));
#1432=IFCDIRECTION((1.,0.,0.));
#1433=IFCDIRECTION((0.,0.,1.));
#1434=IFCSHAPEREPRESENTATION(#11,'Body','SweptSolid',(#1370,#1379,#1415,#1424,#1425,#1388,#1397,#1406));
#1435=IFCSHAPEREPRESENTATION(#11,'Body','SweptSolid',(#1370,#1379,#1388,#1397,#1406));
#1436=IFCSHAPEASPECT((#1435),'Lining',$,.T.,#1288);
#1437=IFCSHAPEREPRESENTATION(#11,'Body','SweptSolid',(#1415,#1424,#1425));
#1438=IFCSHAPEASPECT((#1437),'Framing',$,.T.,#1288);
#1439=IFCCARTESIANPOINTLIST2D(((0.,0.),(0.,0.05000000074505806),(0.02500000037252903,0.05000000074505806),(0.02500000037252903,0.02500000037252903),(0.05000000074505806,0.02500000037252903),(0.05000000074505806,0.)));
#1440=IFCINDEXEDPOLYCURVE(#1439,(IFCLINEINDEX((1,2,3,4,5,6,1))),$);
#1441=IFCINDEXEDPOLYCURVE(#1442,(IFCLINEINDEX((1,2,3,4,5,6,1))),$);
#1442=IFCCARTESIANPOINTLIST2D(((0.95253956317901611,0.),(0.95253956317901611,0.05000000074505806),(0.92753956280648708,0.05000000074505806),(0.92753956280648708,0.02500000037252903),(0.90253956243395805,0.02500000037252903),(0.90253956243395805,0.)));
#1443=IFCDIRECTION((1.,0.));
#1444=IFCCARTESIANPOINT((0.060000000521540642,0.05000000074505806));
#1445=IFCAXIS2PLACEMENT2D(#1444,#1443);
#1446=IFCELLIPSE(#1445,0.86753956228494644,0.90253956243395805);
#1447=IFCCARTESIANPOINT((0.92753956280648708,0.05000000074505806));
#1448=IFCCARTESIANPOINT((0.060000000521540642,0.95253956317901611));
#1449=IFCTRIMMEDCURVE(#1446,(#1447),(#1448),.T.,.CARTESIAN.);
#1450=IFCCARTESIANPOINTLIST2D(((0.02500000037252903,0.05000000074505806),(0.060000000521540642,0.05000000074505806),(0.060000000521540642,0.95253956317901611),(0.02500000037252903,0.95253956317901611)));
#1451=IFCINDEXEDPOLYCURVE(#1450,(IFCLINEINDEX((1,2,3,4,1))),$);
#1452=IFCSHAPEREPRESENTATION(#24,'Body','Curve2D',(#1440,#1441,#1449,#1451));
#1453=IFCCARTESIANPOINTLIST2D(((0.,0.),(0.95253956317901611,0.),(0.95253956317901611,2.),(0.,2.)));
#1454=IFCINDEXEDPOLYCURVE(#1453,(IFCLINEINDEX((1,2,3,4,1))),$);
#1455=IFCARBITRARYCLOSEDPROFILEDEF(.AREA.,$,#1454);
#1456=IFCCARTESIANPOINT((0.,-0.60000002384185791,0.));
#1457=IFCDIRECTION((0.,-1.,0.));
#1458=IFCDIRECTION((1.,0.,0.));
#1459=IFCAXIS2PLACEMENT3D(#1456,#1457,#1458);
#1460=IFCDIRECTION((0.,0.,-1.));
#1461=IFCEXTRUDEDAREASOLID(#1455,#1459,#1460,1.2);
#1462=IFCSHAPEREPRESENTATION(#11,'Body','SweptSolid',(#1461));
#1468=IFCCARTESIANPOINT((0.44566259642789435,4.76837158203125E-07,0.));
#1469=IFCDIRECTION((0.,0.,1.));
#1470=IFCDIRECTION((0.99999999999997158,-2.3841857910155572E-07,0.));
#1471=IFCAXIS2PLACEMENT3D(#1468,#1469,#1470);
#1472=IFCLOCALPLACEMENT(#1122,#1471);
#1473=IFCCARTESIANPOINT((-2.2204460492503131E-16,0.,0.));
#1474=IFCDIRECTION((0.,0.,1.));
#1475=IFCDIRECTION((1.,0.,0.));
#1476=IFCAXIS2PLACEMENT3D(#1473,#1474,#1475);
#1477=IFCLOCALPLACEMENT(#1472,#1476);
#1478=IFCDOORTYPE('3tfHqGXnD03vV$zl_jLZfM',$,'Guest-GF',$,$,(#1479),(#1481,#1489,#1567),$,$,.DOOR.,.SINGLE_SWING_LEFT.,$,$);
#1479=IFCPROPERTYSET('28YiEFiaz6lxg$BIKbB9tP',$,'BBIM_Door',$,(#1480));
#1480=IFCPROPERTYSINGLEVALUE('Data',$,IFCTEXT('{"door_type": "SINGLE_SWING_RIGHT", "overall_height": 2.0, "overall_width": 0.9525395631790161, "lining_properties": {"lining_depth": 0.05000000074505806, "lining_thickness": 0.05000000074505806, "lining_offset": 0.0, "lining_to_panel_offset_x": 0.02500000037252903, "lining_to_panel_offset_y": 0.02500000037252903, "transom_thickness": 0.0, "casing_thickness": 0.07500000298023224, "casing_depth": 0.004999999888241291, "threshold_thickness": 0.02500000037252903, "threshold_depth": 0.10000000149011612, "threshold_offset": 0.0}, "panel_properties": {"panel_depth": 0.03500000014901161, "panel_width_ratio": 1.0}}'),$);
#1481=IFCREPRESENTATIONMAP(#1482,#1902);
#1482=IFCAXIS2PLACEMENT3D(#1483,#1484,#1485);
#1483=IFCCARTESIANPOINT((0.,0.,0.));
#1484=IFCDIRECTION((0.,0.,1.));
#1485=IFCDIRECTION((1.,0.,0.));
#1489=IFCREPRESENTATIONMAP(#1490,#1975);
#1490=IFCAXIS2PLACEMENT3D(#1491,#1492,#1493);
#1491=IFCCARTESIANPOINT((0.,0.,0.));
#1492=IFCDIRECTION((0.,0.,1.));
#1493=IFCDIRECTION((1.,0.,0.));
#1567=IFCREPRESENTATIONMAP(#1568,#1989);
#1568=IFCAXIS2PLACEMENT3D(#1569,#1570,#1571);
#1569=IFCCARTESIANPOINT((0.,0.,0.));
#1570=IFCDIRECTION((0.,0.,1.));
#1571=IFCDIRECTION((1.,0.,0.));
#1586=IFCDOOR('1C375LA2nAaBRGs9Y6MmN7',$,'Door',$,$,#2014,#1595,$,2.,0.95253956317901611,$,.SINGLE_SWING_RIGHT.,$);
#1587=IFCRELDEFINESBYTYPE('2xnIfTcUv9w8IfO9oyweie',$,$,$,(#1586),#1478);
#1588=IFCCARTESIANPOINT((0.,0.,0.));
#1589=IFCDIRECTION((1.,0.,0.));
#1590=IFCDIRECTION((0.,1.,0.));
#1591=IFCDIRECTION((0.,0.,1.));
#1592=IFCCARTESIANTRANSFORMATIONOPERATOR3D(#1589,#1590,#1588,1.,#1591);
#1593=IFCMAPPEDITEM(#1481,#1592);
#1594=IFCSHAPEREPRESENTATION(#18,'Profile','MappedRepresentation',(#1593));
#1595=IFCPRODUCTDEFINITIONSHAPE($,$,(#1594,#1602,#1609));
#1596=IFCCARTESIANPOINT((0.,0.,0.));
#1597=IFCDIRECTION((1.,0.,0.));
#1598=IFCDIRECTION((0.,1.,0.));
#1599=IFCDIRECTION((0.,0.,1.));
#1600=IFCCARTESIANTRANSFORMATIONOPERATOR3D(#1597,#1598,#1596,1.,#1599);
#1601=IFCMAPPEDITEM(#1489,#1600);
#1602=IFCSHAPEREPRESENTATION(#11,'Body','MappedRepresentation',(#1601));
#1603=IFCCARTESIANPOINT((0.,0.,0.));
#1604=IFCDIRECTION((1.,0.,0.));
#1605=IFCDIRECTION((0.,1.,0.));
#1606=IFCDIRECTION((0.,0.,1.));
#1607=IFCCARTESIANTRANSFORMATIONOPERATOR3D(#1604,#1605,#1603,1.,#1606);
#1608=IFCMAPPEDITEM(#1567,#1607);
#1609=IFCSHAPEREPRESENTATION(#24,'Body','MappedRepresentation',(#1608));
#1610=IFCOPENINGELEMENT('3X2vfPKd5B5xAwBKojuxFS',$,'Opening',$,$,#2009,#1638,$,.OPENING.);
#1626=IFCCARTESIANPOINT((0.,0.,0.));
#1627=IFCDIRECTION((1.,0.,0.));
#1628=IFCDIRECTION((0.,0.,1.));
#1629=IFCAXIS2PLACEMENT3D(#1626,#1628,#1627);
#1630=IFCREPRESENTATIONMAP(#1629,#1999);
#1631=IFCCARTESIANPOINT((0.,0.,0.));
#1632=IFCDIRECTION((1.,0.,0.));
#1633=IFCDIRECTION((0.,1.,0.));
#1634=IFCDIRECTION((0.,0.,1.));
#1635=IFCCARTESIANTRANSFORMATIONOPERATOR3D(#1632,#1633,#1631,1.,#1634);
#1636=IFCMAPPEDITEM(#1630,#1635);
#1637=IFCSHAPEREPRESENTATION(#11,'Body','MappedRepresentation',(#1636));
#1638=IFCPRODUCTDEFINITIONSHAPE($,$,(#1637));
#1639=IFCRELVOIDSELEMENT('2ZxSTXIp53eAKqdfSlt6bo',$,$,$,#621,#1610);
#1645=IFCRELFILLSELEMENT('0wtVexszX6g82FjjzAnDCH',$,$,$,#1610,#1586);
#1654=IFCCARTESIANPOINTLIST2D(((0.,0.),(0.,2.),(0.95253956317901611,2.),(0.95253956317901611,0.),(0.92753956280648708,0.),(0.92753956280648708,1.974999999627471),(0.02500000037252903,1.974999999627471),(0.02500000037252903,0.)));
#1655=IFCINDEXEDPOLYCURVE(#1654,(IFCLINEINDEX((1,2,3,4,5,6,7,8,1))),$);
#1656=IFCARBITRARYCLOSEDPROFILEDEF(.AREA.,$,#1655);
#1657=IFCCARTESIANPOINT((0.,0.02500000037252903,0.));
#1658=IFCDIRECTION((0.,-1.,0.));
#1659=IFCDIRECTION((1.,0.,0.));
#1660=IFCAXIS2PLACEMENT3D(#1657,#1658,#1659);
#1661=IFCDIRECTION((0.,0.,-1.));
#1662=IFCEXTRUDEDAREASOLID(#1656,#1660,#1661,0.02500000037252903);
#1663=IFCCARTESIANPOINTLIST2D(((0.,0.),(0.,2.),(0.95253956317901611,2.),(0.95253956317901611,0.),(0.90253956243395805,0.),(0.90253956243395805,1.9499999992549419),(0.05000000074505806,1.9499999992549419),(0.05000000074505806,0.)));
#1664=IFCINDEXEDPOLYCURVE(#1663,(IFCLINEINDEX((1,2,3,4,5,6,7,8,1))),$);
#1665=IFCARBITRARYCLOSEDPROFILEDEF(.AREA.,$,#1664);
#1666=IFCCARTESIANPOINT((0.,0.,0.));
#1667=IFCDIRECTION((0.,-1.,0.));
#1668=IFCDIRECTION((1.,0.,0.));
#1669=IFCAXIS2PLACEMENT3D(#1666,#1667,#1668);
#1670=IFCDIRECTION((0.,0.,-1.));
#1671=IFCEXTRUDEDAREASOLID(#1665,#1669,#1670,0.02500000037252903);
#1672=IFCCARTESIANPOINTLIST2D(((0.,0.),(0.85253956168889999,0.),(0.85253956168889999,0.10000000149011612),(0.,0.10000000149011612)));
#1673=IFCINDEXEDPOLYCURVE(#1672,(IFCLINEINDEX((1,2,3,4,1))),$);
#1674=IFCARBITRARYCLOSEDPROFILEDEF(.AREA.,$,#1673);
#1675=IFCCARTESIANPOINT((0.05000000074505806,0.,0.));
#1676=IFCDIRECTION((0.,0.,1.));
#1677=IFCDIRECTION((1.,0.,0.));
#1678=IFCAXIS2PLACEMENT3D(#1675,#1676,#1677);
#1679=IFCDIRECTION((0.,0.,1.));
#1680=IFCEXTRUDEDAREASOLID(#1674,#1678,#1679,0.02500000037252903);
#1681=IFCCARTESIANPOINTLIST2D(((0.,0.),(0.,2.0250000022351742),(1.0025395676493645,2.0250000022351742),(1.0025395676493645,0.),(0.92753956466913223,0.),(0.92753956466913223,1.9499999992549419),(0.075000002980232239,1.9499999992549419),(0.075000002980232239,0.)));
#1682=IFCINDEXEDPOLYCURVE(#1681,(IFCLINEINDEX((1,2,3,4,5,6,7,8,1))),$);
#1683=IFCARBITRARYCLOSEDPROFILEDEF(.AREA.,$,#1682);
#1684=IFCCARTESIANPOINT((-0.025000002235174179,-0.004999999888241291,0.));
#1685=IFCDIRECTION((0.,-1.,0.));
#1686=IFCDIRECTION((1.,0.,0.));
#1687=IFCAXIS2PLACEMENT3D(#1684,#1685,#1686);
#1688=IFCDIRECTION((0.,0.,-1.));
#1689=IFCEXTRUDEDAREASOLID(#1683,#1687,#1688,0.004999999888241291);
#1690=IFCCARTESIANPOINTLIST2D(((0.,0.),(0.,2.0250000022351742),(1.0025395676493645,2.0250000022351742),(1.0025395676493645,0.),(0.95253956504166126,0.),(0.95253956504166126,1.974999999627471),(0.050000002607703209,1.974999999627471),(0.050000002607703209,0.)));
#1691=IFCINDEXEDPOLYCURVE(#1690,(IFCLINEINDEX((1,2,3,4,5,6,7,8,1))),$);
#1692=IFCARBITRARYCLOSEDPROFILEDEF(.AREA.,$,#1691);
#1693=IFCCARTESIANPOINT((-0.025000002235174179,0.05000000074505806,0.));
#1694=IFCDIRECTION((0.,-1.,0.));
#1695=IFCDIRECTION((1.,0.,0.));
#1696=IFCAXIS2PLACEMENT3D(#1693,#1694,#1695);
#1697=IFCDIRECTION((0.,0.,-1.));
#1698=IFCEXTRUDEDAREASOLID(#1692,#1696,#1697,0.004999999888241291);
#1699=IFCCARTESIANPOINTLIST2D(((0.,0.),(0.90253956243395805,0.),(0.90253956243395805,0.035000000149011612),(0.,0.035000000149011612)));
#1700=IFCINDEXEDPOLYCURVE(#1699,(IFCLINEINDEX((1,2,3,4,1))),$);
#1701=IFCARBITRARYCLOSEDPROFILEDEF(.AREA.,$,#1700);
#1702=IFCCARTESIANPOINT((0.02500000037252903,0.02500000037252903,0.02500000037252903));
#1703=IFCDIRECTION((0.,0.,1.));
#1704=IFCDIRECTION((1.,0.,0.));
#1705=IFCAXIS2PLACEMENT3D(#1702,#1703,#1704);
#1706=IFCDIRECTION((0.,0.,1.));
#1707=IFCEXTRUDEDAREASOLID(#1701,#1705,#1706,1.9499999992549419);
#1708=IFCCARTESIANPOINTLIST2D(((0.,0.),(0.,-0.040000000000000001),(-0.11999999999999988,-0.040000000000000001),(-0.11999999999999988,-0.02),(-0.020000000000000018,-0.02),(-0.020000000000000018,0.)));
#1709=IFCINDEXEDPOLYCURVE(#1708,(IFCLINEINDEX((1,2,3,4,5,6,1))),$);
#1710=IFCARBITRARYCLOSEDPROFILEDEF(.AREA.,$,#1709);
#1711=IFCCARTESIANPOINT((0.87753956280648704,0.02500000037252903,1.015000000372529));
#1712=IFCDIRECTION((0.,0.,1.));
#1713=IFCDIRECTION((1.,0.,0.));
#1714=IFCAXIS2PLACEMENT3D(#1711,#1712,#1713);
#1715=IFCDIRECTION((0.,0.,1.));
#1716=IFCEXTRUDEDAREASOLID(#1710,#1714,#1715,0.02);
#1717=IFCEXTRUDEDAREASOLID(#1718,#1721,#1725,0.02);
#1718=IFCARBITRARYCLOSEDPROFILEDEF(.AREA.,$,#1719);
#1719=IFCINDEXEDPOLYCURVE(#1720,(IFCLINEINDEX((1,2,3,4,5,6,1))),$);
#1720=IFCCARTESIANPOINTLIST2D(((0.,0.),(0.,0.040000000000000008),(-0.11999999999999988,0.040000000000000008),(-0.11999999999999988,0.020000000000000004),(-0.020000000000000018,0.020000000000000004),(-0.020000000000000018,0.)));
#1721=IFCAXIS2PLACEMENT3D(#1722,#1723,#1724);
#1722=IFCCARTESIANPOINT((0.87753956280648704,0.060000000521540642,1.015000000372529));
#1723=IFCDIRECTION((0.,0.,1.));
#1724=IFCDIRECTION((1.,0.,0.));
#1725=IFCDIRECTION((0.,0.,1.));
#1727=IFCSHAPEREPRESENTATION(#11,'Body','SweptSolid',(#1662,#1799,#1938,#1911,#1920,#1817,#1698,#1671,#1790,#1929,#1781,#1689,#1808,#1947,#1680));
#1728=IFCSHAPEASPECT((#1727),'Lining',$,.T.,#1595);
#1729=IFCSHAPEREPRESENTATION(#11,'Body','SweptSolid',(#1717,#1707,#1965,#1966,#1956,#1835,#1716,#1836,#1826));
#1730=IFCSHAPEASPECT((#1729),'Framing',$,.T.,#1595);
#1773=IFCCARTESIANPOINTLIST2D(((0.,0.),(0.,2.),(0.95253956317901611,2.),(0.95253956317901611,0.),(0.92753956280648708,0.),(0.92753956280648708,1.974999999627471),(0.02500000037252903,1.974999999627471),(0.02500000037252903,0.)));
#1774=IFCINDEXEDPOLYCURVE(#1773,(IFCLINEINDEX((1,2,3,4,5,6,7,8,1))),$);
#1775=IFCARBITRARYCLOSEDPROFILEDEF(.AREA.,$,#1774);
#1776=IFCCARTESIANPOINT((0.,0.02500000037252903,0.));
#1777=IFCDIRECTION((0.,-1.,0.));
#1778=IFCDIRECTION((1.,0.,0.));
#1779=IFCAXIS2PLACEMENT3D(#1776,#1777,#1778);
#1780=IFCDIRECTION((0.,0.,-1.));
#1781=IFCEXTRUDEDAREASOLID(#1775,#1779,#1780,0.02500000037252903);
#1782=IFCCARTESIANPOINTLIST2D(((0.,0.),(0.,2.),(0.95253956317901611,2.),(0.95253956317901611,0.),(0.90253956243395805,0.),(0.90253956243395805,1.9499999992549419),(0.05000000074505806,1.9499999992549419),(0.05000000074505806,0.)));
#1783=IFCINDEXEDPOLYCURVE(#1782,(IFCLINEINDEX((1,2,3,4,5,6,7,8,1))),$);
#1784=IFCARBITRARYCLOSEDPROFILEDEF(.AREA.,$,#1783);
#1785=IFCCARTESIANPOINT((0.,0.,0.));
#1786=IFCDIRECTION((0.,-1.,0.));
#1787=IFCDIRECTION((1.,0.,0.));
#1788=IFCAXIS2PLACEMENT3D(#1785,#1786,#1787);
#1789=IFCDIRECTION((0.,0.,-1.));
#1790=IFCEXTRUDEDAREASOLID(#1784,#1788,#1789,0.02500000037252903);
#1791=IFCCARTESIANPOINTLIST2D(((0.,0.),(0.85253956168889999,0.),(0.85253956168889999,0.10000000149011612),(0.,0.10000000149011612)));
#1792=IFCINDEXEDPOLYCURVE(#1791,(IFCLINEINDEX((1,2,3,4,1))),$);
#1793=IFCARBITRARYCLOSEDPROFILEDEF(.AREA.,$,#1792);
#1794=IFCCARTESIANPOINT((0.05000000074505806,0.,0.));
#1795=IFCDIRECTION((0.,0.,1.));
#1796=IFCDIRECTION((1.,0.,0.));
#1797=IFCAXIS2PLACEMENT3D(#1794,#1795,#1796);
#1798=IFCDIRECTION((0.,0.,1.));
#1799=IFCEXTRUDEDAREASOLID(#1793,#1797,#1798,0.02500000037252903);
#1800=IFCCARTESIANPOINTLIST2D(((0.,0.),(0.,2.0250000022351742),(1.0025395676493645,2.0250000022351742),(1.0025395676493645,0.),(0.92753956466913223,0.),(0.92753956466913223,1.9499999992549419),(0.075000002980232239,1.9499999992549419),(0.075000002980232239,0.)));
#1801=IFCINDEXEDPOLYCURVE(#1800,(IFCLINEINDEX((1,2,3,4,5,6,7,8,1))),$);
#1802=IFCARBITRARYCLOSEDPROFILEDEF(.AREA.,$,#1801);
#1803=IFCCARTESIANPOINT((-0.025000002235174179,-0.004999999888241291,0.));
#1804=IFCDIRECTION((0.,-1.,0.));
#1805=IFCDIRECTION((1.,0.,0.));
#1806=IFCAXIS2PLACEMENT3D(#1803,#1804,#1805);
#1807=IFCDIRECTION((0.,0.,-1.));
#1808=IFCEXTRUDEDAREASOLID(#1802,#1806,#1807,0.004999999888241291);
#1809=IFCCARTESIANPOINTLIST2D(((0.,0.),(0.,2.0250000022351742),(1.0025395676493645,2.0250000022351742),(1.0025395676493645,0.),(0.95253956504166126,0.),(0.95253956504166126,1.974999999627471),(0.050000002607703209,1.974999999627471),(0.050000002607703209,0.)));
#1810=IFCINDEXEDPOLYCURVE(#1809,(IFCLINEINDEX((1,2,3,4,5,6,7,8,1))),$);
#1811=IFCARBITRARYCLOSEDPROFILEDEF(.AREA.,$,#1810);
#1812=IFCCARTESIANPOINT((-0.025000002235174179,0.05000000074505806,0.));
#1813=IFCDIRECTION((0.,-1.,0.));
#1814=IFCDIRECTION((1.,0.,0.));
#1815=IFCAXIS2PLACEMENT3D(#1812,#1813,#1814);
#1816=IFCDIRECTION((0.,0.,-1.));
#1817=IFCEXTRUDEDAREASOLID(#1811,#1815,#1816,0.004999999888241291);
#1818=IFCCARTESIANPOINTLIST2D(((0.,0.),(0.90253956243395805,0.),(0.90253956243395805,0.035000000149011612),(0.,0.035000000149011612)));
#1819=IFCINDEXEDPOLYCURVE(#1818,(IFCLINEINDEX((1,2,3,4,1))),$);
#1820=IFCARBITRARYCLOSEDPROFILEDEF(.AREA.,$,#1819);
#1821=IFCCARTESIANPOINT((0.02500000037252903,0.02500000037252903,0.02500000037252903));
#1822=IFCDIRECTION((0.,0.,1.));
#1823=IFCDIRECTION((1.,0.,0.));
#1824=IFCAXIS2PLACEMENT3D(#1821,#1822,#1823);
#1825=IFCDIRECTION((0.,0.,1.));
#1826=IFCEXTRUDEDAREASOLID(#1820,#1824,#1825,1.9499999992549419);
#1827=IFCCARTESIANPOINTLIST2D(((0.,0.),(0.,-0.040000000000000001),(-0.11999999999999988,-0.040000000000000001),(-0.11999999999999988,-0.02),(-0.020000000000000018,-0.02),(-0.020000000000000018,0.)));
#1828=IFCINDEXEDPOLYCURVE(#1827,(IFCLINEINDEX((1,2,3,4,5,6,1))),$);
#1829=IFCARBITRARYCLOSEDPROFILEDEF(.AREA.,$,#1828);
#1830=IFCCARTESIANPOINT((0.87753956280648704,0.02500000037252903,1.015000000372529));
#1831=IFCDIRECTION((0.,0.,1.));
#1832=IFCDIRECTION((1.,0.,0.));
#1833=IFCAXIS2PLACEMENT3D(#1830,#1831,#1832);
#1834=IFCDIRECTION((0.,0.,1.));
#1835=IFCEXTRUDEDAREASOLID(#1829,#1833,#1834,0.02);
#1836=IFCEXTRUDEDAREASOLID(#1837,#1840,#1844,0.02);
#1837=IFCARBITRARYCLOSEDPROFILEDEF(.AREA.,$,#1838);
#1838=IFCINDEXEDPOLYCURVE(#1839,(IFCLINEINDEX((1,2,3,4,5,6,1))),$);
#1839=IFCCARTESIANPOINTLIST2D(((0.,0.),(0.,0.040000000000000008),(-0.11999999999999988,0.040000000000000008),(-0.11999999999999988,0.020000000000000004),(-0.020000000000000018,0.020000000000000004),(-0.020000000000000018,0.)));
#1840=IFCAXIS2PLACEMENT3D(#1841,#1842,#1843);
#1841=IFCCARTESIANPOINT((0.87753956280648704,0.060000000521540642,1.015000000372529));
#1842=IFCDIRECTION((0.,0.,1.));
#1843=IFCDIRECTION((1.,0.,0.));
#1844=IFCDIRECTION((0.,0.,1.));
#1900=IFCCARTESIANPOINTLIST3D(((0.,0.,0.),(0.95253956317901611,0.,0.),(0.95253956317901611,0.,2.),(0.,0.,2.)));
#1901=IFCINDEXEDPOLYCURVE(#1900,(IFCLINEINDEX((1,2,3,4,1))),$);
#1902=IFCSHAPEREPRESENTATION(#18,'Profile','Curve3D',(#1901));
#1903=IFCCARTESIANPOINTLIST2D(((0.,0.),(0.,2.),(0.95253956317901611,2.),(0.95253956317901611,0.),(0.92753956280648708,0.),(0.92753956280648708,1.974999999627471),(0.02500000037252903,1.974999999627471),(0.02500000037252903,0.)));
#1904=IFCINDEXEDPOLYCURVE(#1903,(IFCLINEINDEX((1,2,3,4,5,6,7,8,1))),$);
#1905=IFCARBITRARYCLOSEDPROFILEDEF(.AREA.,$,#1904);
#1906=IFCCARTESIANPOINT((0.,0.02500000037252903,0.));
#1907=IFCDIRECTION((0.,-1.,0.));
#1908=IFCDIRECTION((1.,0.,0.));
#1909=IFCAXIS2PLACEMENT3D(#1906,#1907,#1908);
#1910=IFCDIRECTION((0.,0.,-1.));
#1911=IFCEXTRUDEDAREASOLID(#1905,#1909,#1910,0.02500000037252903);
#1912=IFCCARTESIANPOINTLIST2D(((0.,0.),(0.,2.),(0.95253956317901611,2.),(0.95253956317901611,0.),(0.90253956243395805,0.),(0.90253956243395805,1.9499999992549419),(0.05000000074505806,1.9499999992549419),(0.05000000074505806,0.)));
#1913=IFCINDEXEDPOLYCURVE(#1912,(IFCLINEINDEX((1,2,3,4,5,6,7,8,1))),$);
#1914=IFCARBITRARYCLOSEDPROFILEDEF(.AREA.,$,#1913);
#1915=IFCCARTESIANPOINT((0.,0.,0.));
#1916=IFCDIRECTION((0.,-1.,0.));
#1917=IFCDIRECTION((1.,0.,0.));
#1918=IFCAXIS2PLACEMENT3D(#1915,#1916,#1917);
#1919=IFCDIRECTION((0.,0.,-1.));
#1920=IFCEXTRUDEDAREASOLID(#1914,#1918,#1919,0.02500000037252903);
#1921=IFCCARTESIANPOINTLIST2D(((0.,0.),(0.85253956168889999,0.),(0.85253956168889999,0.10000000149011612),(0.,0.10000000149011612)));
#1922=IFCINDEXEDPOLYCURVE(#1921,(IFCLINEINDEX((1,2,3,4,1))),$);
#1923=IFCARBITRARYCLOSEDPROFILEDEF(.AREA.,$,#1922);
#1924=IFCCARTESIANPOINT((0.05000000074505806,0.,0.));
#1925=IFCDIRECTION((0.,0.,1.));
#1926=IFCDIRECTION((1.,0.,0.));
#1927=IFCAXIS2PLACEMENT3D(#1924,#1925,#1926);
#1928=IFCDIRECTION((0.,0.,1.));
#1929=IFCEXTRUDEDAREASOLID(#1923,#1927,#1928,0.02500000037252903);
#1930=IFCCARTESIANPOINTLIST2D(((0.,0.),(0.,2.0250000022351742),(1.0025395676493645,2.0250000022351742),(1.0025395676493645,0.),(0.92753956466913223,0.),(0.92753956466913223,1.9499999992549419),(0.075000002980232239,1.9499999992549419),(0.075000002980232239,0.)));
#1931=IFCINDEXEDPOLYCURVE(#1930,(IFCLINEINDEX((1,2,3,4,5,6,7,8,1))),$);
#1932=IFCARBITRARYCLOSEDPROFILEDEF(.AREA.,$,#1931);
#1933=IFCCARTESIANPOINT((-0.025000002235174179,-0.004999999888241291,0.));
#1934=IFCDIRECTION((0.,-1.,0.));
#1935=IFCDIRECTION((1.,0.,0.));
#1936=IFCAXIS2PLACEMENT3D(#1933,#1934,#1935);
#1937=IFCDIRECTION((0.,0.,-1.));
#1938=IFCEXTRUDEDAREASOLID(#1932,#1936,#1937,0.004999999888241291);
#1939=IFCCARTESIANPOINTLIST2D(((0.,0.),(0.,2.0250000022351742),(1.0025395676493645,2.0250000022351742),(1.0025395676493645,0.),(0.95253956504166126,0.),(0.95253956504166126,1.974999999627471),(0.050000002607703209,1.974999999627471),(0.050000002607703209,0.)));
#1940=IFCINDEXEDPOLYCURVE(#1939,(IFCLINEINDEX((1,2,3,4,5,6,7,8,1))),$);
#1941=IFCARBITRARYCLOSEDPROFILEDEF(.AREA.,$,#1940);
#1942=IFCCARTESIANPOINT((-0.025000002235174179,0.05000000074505806,0.));
#1943=IFCDIRECTION((0.,-1.,0.));
#1944=IFCDIRECTION((1.,0.,0.));
#1945=IFCAXIS2PLACEMENT3D(#1942,#1943,#1944);
#1946=IFCDIRECTION((0.,0.,-1.));
#1947=IFCEXTRUDEDAREASOLID(#1941,#1945,#1946,0.004999999888241291);
#1948=IFCCARTESIANPOINTLIST2D(((0.,0.),(0.90253956243395805,0.),(0.90253956243395805,0.035000000149011612),(0.,0.035000000149011612)));
#1949=IFCINDEXEDPOLYCURVE(#1948,(IFCLINEINDEX((1,2,3,4,1))),$);
#1950=IFCARBITRARYCLOSEDPROFILEDEF(.AREA.,$,#1949);
#1951=IFCCARTESIANPOINT((0.02500000037252903,0.02500000037252903,0.02500000037252903));
#1952=IFCDIRECTION((0.,0.,1.));
#1953=IFCDIRECTION((1.,0.,0.));
#1954=IFCAXIS2PLACEMENT3D(#1951,#1952,#1953);
#1955=IFCDIRECTION((0.,0.,1.));
#1956=IFCEXTRUDEDAREASOLID(#1950,#1954,#1955,1.9499999992549419);
#1957=IFCCARTESIANPOINTLIST2D(((0.,0.),(0.,-0.040000000000000001),(0.12,-0.040000000000000001),(0.12,-0.02),(0.02,-0.02),(0.02,0.)));
#1958=IFCINDEXEDPOLYCURVE(#1957,(IFCLINEINDEX((1,2,3,4,5,6,1))),$);
#1959=IFCARBITRARYCLOSEDPROFILEDEF(.AREA.,$,#1958);
#1960=IFCCARTESIANPOINT((0.075000000372529033,0.02500000037252903,1.015000000372529));
#1961=IFCDIRECTION((0.,0.,1.));
#1962=IFCDIRECTION((1.,0.,0.));
#1963=IFCAXIS2PLACEMENT3D(#1960,#1961,#1962);
#1964=IFCDIRECTION((0.,0.,1.));
#1965=IFCEXTRUDEDAREASOLID(#1959,#1963,#1964,0.02);
#1966=IFCEXTRUDEDAREASOLID(#1967,#1970,#1974,0.02);
#1967=IFCARBITRARYCLOSEDPROFILEDEF(.AREA.,$,#1968);
#1968=IFCINDEXEDPOLYCURVE(#1969,(IFCLINEINDEX((1,2,3,4,5,6,1))),$);
#1969=IFCCARTESIANPOINTLIST2D(((0.,0.),(0.,0.040000000000000008),(0.11999999999999998,0.040000000000000008),(0.11999999999999998,0.020000000000000004),(0.020000000000000004,0.020000000000000004),(0.020000000000000004,0.)));
#1970=IFCAXIS2PLACEMENT3D(#1971,#1972,#1973);
#1971=IFCCARTESIANPOINT((0.075000000372529033,0.060000000521540642,1.015000000372529));
#1972=IFCDIRECTION((0.,0.,1.));
#1973=IFCDIRECTION((1.,0.,0.));
#1974=IFCDIRECTION((0.,0.,1.));
#1975=IFCSHAPEREPRESENTATION(#11,'Body','SweptSolid',(#1911,#1920,#1956,#1965,#1966,#1929,#1938,#1947));
#1976=IFCCARTESIANPOINTLIST2D(((0.,0.),(0.,0.05000000074505806),(0.02500000037252903,0.05000000074505806),(0.02500000037252903,0.02500000037252903),(0.05000000074505806,0.02500000037252903),(0.05000000074505806,0.)));
#1977=IFCINDEXEDPOLYCURVE(#1976,(IFCLINEINDEX((1,2,3,4,5,6,1))),$);
#1978=IFCINDEXEDPOLYCURVE(#1979,(IFCLINEINDEX((1,2,3,4,5,6,1))),$);
#1979=IFCCARTESIANPOINTLIST2D(((0.95253956317901611,0.),(0.95253956317901611,0.05000000074505806),(0.92753956280648708,0.05000000074505806),(0.92753956280648708,0.02500000037252903),(0.90253956243395805,0.02500000037252903),(0.90253956243395805,0.)));
#1980=IFCDIRECTION((1.,0.));
#1981=IFCCARTESIANPOINT((0.89253956265747547,0.05000000074505806));
#1982=IFCAXIS2PLACEMENT2D(#1981,#1980);
#1983=IFCELLIPSE(#1982,0.86753956228494644,0.90253956243395805);
#1984=IFCCARTESIANPOINT((0.89253956265747547,0.95253956317901611));
#1985=IFCCARTESIANPOINT((0.02500000037252903,0.05000000074505806));
#1986=IFCTRIMMEDCURVE(#1983,(#1984),(#1985),.T.,.CARTESIAN.);
#1987=IFCCARTESIANPOINTLIST2D(((0.92753956280648708,0.05000000074505806),(0.89253956265747547,0.05000000074505806),(0.89253956265747547,0.95253956317901611),(0.92753956280648708,0.95253956317901611)));
#1988=IFCINDEXEDPOLYCURVE(#1987,(IFCLINEINDEX((1,2,3,4,1))),$);
#1989=IFCSHAPEREPRESENTATION(#24,'Body','Curve2D',(#1977,#1978,#1986,#1988));
#1990=IFCCARTESIANPOINTLIST2D(((0.,0.),(0.95253956317901611,0.),(0.95253956317901611,2.),(0.,2.)));
#1991=IFCINDEXEDPOLYCURVE(#1990,(IFCLINEINDEX((1,2,3,4,1))),$);
#1992=IFCARBITRARYCLOSEDPROFILEDEF(.AREA.,$,#1991);
#1993=IFCCARTESIANPOINT((0.,-0.60000002384185791,0.));
#1994=IFCDIRECTION((0.,-1.,0.));
#1995=IFCDIRECTION((1.,0.,0.));
#1996=IFCAXIS2PLACEMENT3D(#1993,#1994,#1995);
#1997=IFCDIRECTION((0.,0.,-1.));
#1998=IFCEXTRUDEDAREASOLID(#1992,#1996,#1997,1.2);
#1999=IFCSHAPEREPRESENTATION(#11,'Body','SweptSolid',(#1998));
#2005=IFCCARTESIANPOINT((1.4266916837394337,0.015000182814080387,0.));
#2006=IFCDIRECTION((0.,0.,1.));
#2007=IFCDIRECTION((0.99999999999997147,-2.384185719961227E-07,0.));
#2008=IFCAXIS2PLACEMENT3D(#2005,#2006,#2007);
#2009=IFCLOCALPLACEMENT(#632,#2008);
#2010=IFCCARTESIANPOINT((4.4408920985006262E-16,-5.5511151231257827E-17,0.));
#2011=IFCDIRECTION((0.,0.,1.));
#2012=IFCDIRECTION((1.,5.2939559203393771E-23,0.));
#2013=IFCAXIS2PLACEMENT3D(#2010,#2011,#2012);
#2014=IFCLOCALPLACEMENT(#2009,#2013);
#2015=IFCDOORTYPE('1XyPtHPVP2wgT9BO40mxbL',$,'Bathroom-GF',$,$,(#2016),(#2018,#2026,#2104),$,$,.DOOR.,.SINGLE_SWING_LEFT.,$,$);
#2016=IFCPROPERTYSET('2UIVpxg3v7bultDvk1je0p',$,'BBIM_Door',$,(#2017));
#2017=IFCPROPERTYSINGLEVALUE('Data',$,IFCTEXT('{"door_type": "SINGLE_SWING_LEFT", "overall_height": 2.0, "overall_width": 0.7843610048294067, "lining_properties": {"lining_depth": 0.05000000074505806, "lining_thickness": 0.05000000074505806, "lining_offset": 0.0, "lining_to_panel_offset_x": 0.02500000037252903, "lining_to_panel_offset_y": 0.02500000037252903, "transom_thickness": 0.0, "casing_thickness": 0.0, "threshold_thickness": 0.02500000037252903, "threshold_depth": 0.10000000149011612, "threshold_offset": 0.0}, "panel_properties": {"panel_depth": 0.03500000014901161, "panel_width_ratio": 1.0}}'),$);
#2018=IFCREPRESENTATIONMAP(#2019,#2848);
#2019=IFCAXIS2PLACEMENT3D(#2020,#2021,#2022);
#2020=IFCCARTESIANPOINT((0.,0.,0.));
#2021=IFCDIRECTION((0.,0.,1.));
#2022=IFCDIRECTION((1.,0.,0.));
#2026=IFCREPRESENTATIONMAP(#2027,#2903);
#2027=IFCAXIS2PLACEMENT3D(#2028,#2029,#2030);
#2028=IFCCARTESIANPOINT((0.,0.,0.));
#2029=IFCDIRECTION((0.,0.,1.));
#2030=IFCDIRECTION((1.,0.,0.));
#2104=IFCREPRESENTATIONMAP(#2105,#2917);
#2105=IFCAXIS2PLACEMENT3D(#2106,#2107,#2108);
#2106=IFCCARTESIANPOINT((0.,0.,0.));
#2107=IFCDIRECTION((0.,0.,1.));
#2108=IFCDIRECTION((1.,0.,0.));
#2123=IFCDOOR('0rtgzxj6D8qAcwCwA1qWgL',$,'Door',$,$,#2942,#2132,$,2.,0.78436100482940674,$,.SINGLE_SWING_LEFT.,$);
#2124=IFCRELDEFINESBYTYPE('2JoPU7itPBXvuXD_yKdOP9',$,$,$,(#2123),#2015);
#2125=IFCCARTESIANPOINT((0.,0.,0.));
#2126=IFCDIRECTION((1.,0.,0.));
#2127=IFCDIRECTION((0.,1.,0.));
#2128=IFCDIRECTION((0.,0.,1.));
#2129=IFCCARTESIANTRANSFORMATIONOPERATOR3D(#2126,#2127,#2125,1.,#2128);
#2130=IFCMAPPEDITEM(#2018,#2129);
#2131=IFCSHAPEREPRESENTATION(#18,'Profile','MappedRepresentation',(#2130));
#2132=IFCPRODUCTDEFINITIONSHAPE($,$,(#2131,#2139,#2146));
#2133=IFCCARTESIANPOINT((0.,0.,0.));
#2134=IFCDIRECTION((1.,0.,0.));
#2135=IFCDIRECTION((0.,1.,0.));
#2136=IFCDIRECTION((0.,0.,1.));
#2137=IFCCARTESIANTRANSFORMATIONOPERATOR3D(#2134,#2135,#2133,1.,#2136);
#2138=IFCMAPPEDITEM(#2026,#2137);
#2139=IFCSHAPEREPRESENTATION(#11,'Body','MappedRepresentation',(#2138));
#2140=IFCCARTESIANPOINT((0.,0.,0.));
#2141=IFCDIRECTION((1.,0.,0.));
#2142=IFCDIRECTION((0.,1.,0.));
#2143=IFCDIRECTION((0.,0.,1.));
#2144=IFCCARTESIANTRANSFORMATIONOPERATOR3D(#2141,#2142,#2140,1.,#2143);
#2145=IFCMAPPEDITEM(#2104,#2144);
#2146=IFCSHAPEREPRESENTATION(#24,'Body','MappedRepresentation',(#2145));
#2147=IFCOPENINGELEMENT('1x9Pmo1QP1VObQHT4tPQCf',$,'Opening',$,$,#2937,#2175,$,.OPENING.);
#2163=IFCCARTESIANPOINT((0.,0.,0.));
#2164=IFCDIRECTION((1.,0.,0.));
#2165=IFCDIRECTION((0.,0.,1.));
#2166=IFCAXIS2PLACEMENT3D(#2163,#2165,#2164);
#2167=IFCREPRESENTATIONMAP(#2166,#2927);
#2168=IFCCARTESIANPOINT((0.,0.,0.));
#2169=IFCDIRECTION((1.,0.,0.));
#2170=IFCDIRECTION((0.,1.,0.));
#2171=IFCDIRECTION((0.,0.,1.));
#2172=IFCCARTESIANTRANSFORMATIONOPERATOR3D(#2169,#2170,#2168,1.,#2171);
#2173=IFCMAPPEDITEM(#2167,#2172);
#2174=IFCSHAPEREPRESENTATION(#11,'Body','MappedRepresentation',(#2173));
#2175=IFCPRODUCTDEFINITIONSHAPE($,$,(#2174));
#2176=IFCRELVOIDSELEMENT('3HWhsfXjH17PLu$rXmQ8GF',$,$,$,#756,#2147);
#2182=IFCRELFILLSELEMENT('0ZH$Tp_BPDufseC0Rlfih8',$,$,$,#2147,#2123);
#2191=IFCCARTESIANPOINTLIST2D(((0.,0.),(0.,2.),(0.78496253490447998,2.),(0.78496253490447998,0.),(0.75996253453195095,0.),(0.75996253453195095,1.974999999627471),(0.02500000037252903,1.974999999627471),(0.02500000037252903,0.)));
#2192=IFCINDEXEDPOLYCURVE(#2191,(IFCLINEINDEX((1,2,3,4,5,6,7,8,1))),$);
#2193=IFCARBITRARYCLOSEDPROFILEDEF(.AREA.,$,#2192);
#2194=IFCCARTESIANPOINT((0.,0.02500000037252903,0.));
#2195=IFCDIRECTION((0.,-1.,0.));
#2196=IFCDIRECTION((1.,0.,0.));
#2197=IFCAXIS2PLACEMENT3D(#2194,#2195,#2196);
#2198=IFCDIRECTION((0.,0.,-1.));
#2199=IFCEXTRUDEDAREASOLID(#2193,#2197,#2198,0.02500000037252903);
#2200=IFCCARTESIANPOINTLIST2D(((0.,0.),(0.,2.),(0.78496253490447998,2.),(0.78496253490447998,0.),(0.73496253415942192,0.),(0.73496253415942192,1.9499999992549419),(0.05000000074505806,1.9499999992549419),(0.05000000074505806,0.)));
#2201=IFCINDEXEDPOLYCURVE(#2200,(IFCLINEINDEX((1,2,3,4,5,6,7,8,1))),$);
#2202=IFCARBITRARYCLOSEDPROFILEDEF(.AREA.,$,#2201);
#2203=IFCCARTESIANPOINT((0.,0.,0.));
#2204=IFCDIRECTION((0.,-1.,0.));
#2205=IFCDIRECTION((1.,0.,0.));
#2206=IFCAXIS2PLACEMENT3D(#2203,#2204,#2205);
#2207=IFCDIRECTION((0.,0.,-1.));
#2208=IFCEXTRUDEDAREASOLID(#2202,#2206,#2207,0.02500000037252903);
#2209=IFCCARTESIANPOINTLIST2D(((0.,0.),(0.68496253341436386,0.),(0.68496253341436386,0.10000000149011612),(0.,0.10000000149011612)));
#2210=IFCINDEXEDPOLYCURVE(#2209,(IFCLINEINDEX((1,2,3,4,1))),$);
#2211=IFCARBITRARYCLOSEDPROFILEDEF(.AREA.,$,#2210);
#2212=IFCCARTESIANPOINT((0.05000000074505806,0.,0.));
#2213=IFCDIRECTION((0.,0.,1.));
#2214=IFCDIRECTION((1.,0.,0.));
#2215=IFCAXIS2PLACEMENT3D(#2212,#2213,#2214);
#2216=IFCDIRECTION((0.,0.,1.));
#2217=IFCEXTRUDEDAREASOLID(#2211,#2215,#2216,0.02500000037252903);
#2218=IFCCARTESIANPOINTLIST2D(((0.,0.),(0.,2.0250000022351742),(0.83496253937482834,2.0250000022351742),(0.83496253937482834,0.),(0.7599625363945961,0.),(0.7599625363945961,1.9499999992549419),(0.075000002980232239,1.9499999992549419),(0.075000002980232239,0.)));
#2219=IFCINDEXEDPOLYCURVE(#2218,(IFCLINEINDEX((1,2,3,4,5,6,7,8,1))),$);
#2220=IFCARBITRARYCLOSEDPROFILEDEF(.AREA.,$,#2219);
#2221=IFCCARTESIANPOINT((-0.025000002235174179,-0.004999999888241291,0.));
#2222=IFCDIRECTION((0.,-1.,0.));
#2223=IFCDIRECTION((1.,0.,0.));
#2224=IFCAXIS2PLACEMENT3D(#2221,#2222,#2223);
#2225=IFCDIRECTION((0.,0.,-1.));
#2226=IFCEXTRUDEDAREASOLID(#2220,#2224,#2225,0.004999999888241291);
#2227=IFCCARTESIANPOINTLIST2D(((0.,0.),(0.,2.0250000022351742),(0.83496253937482834,2.0250000022351742),(0.83496253937482834,0.),(0.78496253676712513,0.),(0.78496253676712513,1.974999999627471),(0.050000002607703209,1.974999999627471),(0.050000002607703209,0.)));
#2228=IFCINDEXEDPOLYCURVE(#2227,(IFCLINEINDEX((1,2,3,4,5,6,7,8,1))),$);
#2229=IFCARBITRARYCLOSEDPROFILEDEF(.AREA.,$,#2228);
#2230=IFCCARTESIANPOINT((-0.025000002235174179,0.05000000074505806,0.));
#2231=IFCDIRECTION((0.,-1.,0.));
#2232=IFCDIRECTION((1.,0.,0.));
#2233=IFCAXIS2PLACEMENT3D(#2230,#2231,#2232);
#2234=IFCDIRECTION((0.,0.,-1.));
#2235=IFCEXTRUDEDAREASOLID(#2229,#2233,#2234,0.004999999888241291);
#2236=IFCCARTESIANPOINTLIST2D(((0.,0.),(0.73496253415942192,0.),(0.73496253415942192,0.035000000149011612),(0.,0.035000000149011612)));
#2237=IFCINDEXEDPOLYCURVE(#2236,(IFCLINEINDEX((1,2,3,4,1))),$);
#2238=IFCARBITRARYCLOSEDPROFILEDEF(.AREA.,$,#2237);
#2239=IFCCARTESIANPOINT((0.02500000037252903,0.02500000037252903,0.02500000037252903));
#2240=IFCDIRECTION((0.,0.,1.));
#2241=IFCDIRECTION((1.,0.,0.));
#2242=IFCAXIS2PLACEMENT3D(#2239,#2240,#2241);
#2243=IFCDIRECTION((0.,0.,1.));
#2244=IFCEXTRUDEDAREASOLID(#2238,#2242,#2243,1.9499999992549419);
#2245=IFCCARTESIANPOINTLIST2D(((0.,0.),(0.,-0.040000000000000001),(-0.11999999999999988,-0.040000000000000001),(-0.11999999999999988,-0.02),(-0.020000000000000018,-0.02),(-0.020000000000000018,0.)));
#2246=IFCINDEXEDPOLYCURVE(#2245,(IFCLINEINDEX((1,2,3,4,5,6,1))),$);
#2247=IFCARBITRARYCLOSEDPROFILEDEF(.AREA.,$,#2246);
#2248=IFCCARTESIANPOINT((0.70996253453195091,0.02500000037252903,1.015000000372529));
#2249=IFCDIRECTION((0.,0.,1.));
#2250=IFCDIRECTION((1.,0.,0.));
#2251=IFCAXIS2PLACEMENT3D(#2248,#2249,#2250);
#2252=IFCDIRECTION((0.,0.,1.));
#2253=IFCEXTRUDEDAREASOLID(#2247,#2251,#2252,0.02);
#2254=IFCEXTRUDEDAREASOLID(#2255,#2258,#2262,0.02);
#2255=IFCARBITRARYCLOSEDPROFILEDEF(.AREA.,$,#2256);
#2256=IFCINDEXEDPOLYCURVE(#2257,(IFCLINEINDEX((1,2,3,4,5,6,1))),$);
#2257=IFCCARTESIANPOINTLIST2D(((0.,0.),(0.,0.040000000000000008),(-0.11999999999999988,0.040000000000000008),(-0.11999999999999988,0.020000000000000004),(-0.020000000000000018,0.020000000000000004),(-0.020000000000000018,0.)));
#2258=IFCAXIS2PLACEMENT3D(#2259,#2260,#2261);
#2259=IFCCARTESIANPOINT((0.70996253453195091,0.060000000521540642,1.015000000372529));
#2260=IFCDIRECTION((0.,0.,1.));
#2261=IFCDIRECTION((1.,0.,0.));
#2262=IFCDIRECTION((0.,0.,1.));
#2264=IFCSHAPEREPRESENTATION(#11,'Body','SweptSolid',(#2575,#2345,#2663,#2442,#2566,#2336,#2469,#2857,#2327,#2226,#2217,#2557,#2433,#2875,#2778,#2208,#2866,#2199,#2451,#2548,#2318,#2769,#2460,#2672,#2681,#2760,#2584,#2354,#2235));
#2265=IFCSHAPEASPECT((#2264),'Lining',$,.T.,#2132);
#2266=IFCSHAPEREPRESENTATION(#11,'Body','SweptSolid',(#2488,#2893,#2478,#2796,#2699,#2894,#2797,#2884,#2787,#2700,#2372,#2253,#2373,#2603,#2244,#2602,#2690,#2593,#2254,#2363,#2487));
#2267=IFCSHAPEASPECT((#2266),'Framing',$,.T.,#2132);
#2310=IFCCARTESIANPOINTLIST2D(((0.,0.),(0.,2.),(0.78496253490447998,2.),(0.78496253490447998,0.),(0.75996253453195095,0.),(0.75996253453195095,1.974999999627471),(0.02500000037252903,1.974999999627471),(0.02500000037252903,0.)));
#2311=IFCINDEXEDPOLYCURVE(#2310,(IFCLINEINDEX((1,2,3,4,5,6,7,8,1))),$);
#2312=IFCARBITRARYCLOSEDPROFILEDEF(.AREA.,$,#2311);
#2313=IFCCARTESIANPOINT((0.,0.02500000037252903,0.));
#2314=IFCDIRECTION((0.,-1.,0.));
#2315=IFCDIRECTION((1.,0.,0.));
#2316=IFCAXIS2PLACEMENT3D(#2313,#2314,#2315);
#2317=IFCDIRECTION((0.,0.,-1.));
#2318=IFCEXTRUDEDAREASOLID(#2312,#2316,#2317,0.02500000037252903);
#2319=IFCCARTESIANPOINTLIST2D(((0.,0.),(0.,2.),(0.78496253490447998,2.),(0.78496253490447998,0.),(0.73496253415942192,0.),(0.73496253415942192,1.9499999992549419),(0.05000000074505806,1.9499999992549419),(0.05000000074505806,0.)));
#2320=IFCINDEXEDPOLYCURVE(#2319,(IFCLINEINDEX((1,2,3,4,5,6,7,8,1))),$);
#2321=IFCARBITRARYCLOSEDPROFILEDEF(.AREA.,$,#2320);
#2322=IFCCARTESIANPOINT((0.,0.,0.));
#2323=IFCDIRECTION((0.,-1.,0.));
#2324=IFCDIRECTION((1.,0.,0.));
#2325=IFCAXIS2PLACEMENT3D(#2322,#2323,#2324);
#2326=IFCDIRECTION((0.,0.,-1.));
#2327=IFCEXTRUDEDAREASOLID(#2321,#2325,#2326,0.02500000037252903);
#2328=IFCCARTESIANPOINTLIST2D(((0.,0.),(0.68496253341436386,0.),(0.68496253341436386,0.10000000149011612),(0.,0.10000000149011612)));
#2329=IFCINDEXEDPOLYCURVE(#2328,(IFCLINEINDEX((1,2,3,4,1))),$);
#2330=IFCARBITRARYCLOSEDPROFILEDEF(.AREA.,$,#2329);
#2331=IFCCARTESIANPOINT((0.05000000074505806,0.,0.));
#2332=IFCDIRECTION((0.,0.,1.));
#2333=IFCDIRECTION((1.,0.,0.));
#2334=IFCAXIS2PLACEMENT3D(#2331,#2332,#2333);
#2335=IFCDIRECTION((0.,0.,1.));
#2336=IFCEXTRUDEDAREASOLID(#2330,#2334,#2335,0.02500000037252903);
#2337=IFCCARTESIANPOINTLIST2D(((0.,0.),(0.,2.0250000022351742),(0.83496253937482834,2.0250000022351742),(0.83496253937482834,0.),(0.7599625363945961,0.),(0.7599625363945961,1.9499999992549419),(0.075000002980232239,1.9499999992549419),(0.075000002980232239,0.)));
#2338=IFCINDEXEDPOLYCURVE(#2337,(IFCLINEINDEX((1,2,3,4,5,6,7,8,1))),$);
#2339=IFCARBITRARYCLOSEDPROFILEDEF(.AREA.,$,#2338);
#2340=IFCCARTESIANPOINT((-0.025000002235174179,-0.004999999888241291,0.));
#2341=IFCDIRECTION((0.,-1.,0.));
#2342=IFCDIRECTION((1.,0.,0.));
#2343=IFCAXIS2PLACEMENT3D(#2340,#2341,#2342);
#2344=IFCDIRECTION((0.,0.,-1.));
#2345=IFCEXTRUDEDAREASOLID(#2339,#2343,#2344,0.004999999888241291);
#2346=IFCCARTESIANPOINTLIST2D(((0.,0.),(0.,2.0250000022351742),(0.83496253937482834,2.0250000022351742),(0.83496253937482834,0.),(0.78496253676712513,0.),(0.78496253676712513,1.974999999627471),(0.050000002607703209,1.974999999627471),(0.050000002607703209,0.)));
#2347=IFCINDEXEDPOLYCURVE(#2346,(IFCLINEINDEX((1,2,3,4,5,6,7,8,1))),$);
#2348=IFCARBITRARYCLOSEDPROFILEDEF(.AREA.,$,#2347);
#2349=IFCCARTESIANPOINT((-0.025000002235174179,0.05000000074505806,0.));
#2350=IFCDIRECTION((0.,-1.,0.));
#2351=IFCDIRECTION((1.,0.,0.));
#2352=IFCAXIS2PLACEMENT3D(#2349,#2350,#2351);
#2353=IFCDIRECTION((0.,0.,-1.));
#2354=IFCEXTRUDEDAREASOLID(#2348,#2352,#2353,0.004999999888241291);
#2355=IFCCARTESIANPOINTLIST2D(((0.,0.),(0.73496253415942192,0.),(0.73496253415942192,0.035000000149011612),(0.,0.035000000149011612)));
#2356=IFCINDEXEDPOLYCURVE(#2355,(IFCLINEINDEX((1,2,3,4,1))),$);
#2357=IFCARBITRARYCLOSEDPROFILEDEF(.AREA.,$,#2356);
#2358=IFCCARTESIANPOINT((0.02500000037252903,0.02500000037252903,0.02500000037252903));
#2359=IFCDIRECTION((0.,0.,1.));
#2360=IFCDIRECTION((1.,0.,0.));
#2361=IFCAXIS2PLACEMENT3D(#2358,#2359,#2360);
#2362=IFCDIRECTION((0.,0.,1.));
#2363=IFCEXTRUDEDAREASOLID(#2357,#2361,#2362,1.9499999992549419);
#2364=IFCCARTESIANPOINTLIST2D(((0.,0.),(0.,-0.040000000000000001),(-0.11999999999999988,-0.040000000000000001),(-0.11999999999999988,-0.02),(-0.020000000000000018,-0.02),(-0.020000000000000018,0.)));
#2365=IFCINDEXEDPOLYCURVE(#2364,(IFCLINEINDEX((1,2,3,4,5,6,1))),$);
#2366=IFCARBITRARYCLOSEDPROFILEDEF(.AREA.,$,#2365);
#2367=IFCCARTESIANPOINT((0.70996253453195091,0.02500000037252903,1.015000000372529));
#2368=IFCDIRECTION((0.,0.,1.));
#2369=IFCDIRECTION((1.,0.,0.));
#2370=IFCAXIS2PLACEMENT3D(#2367,#2368,#2369);
#2371=IFCDIRECTION((0.,0.,1.));
#2372=IFCEXTRUDEDAREASOLID(#2366,#2370,#2371,0.02);
#2373=IFCEXTRUDEDAREASOLID(#2374,#2377,#2381,0.02);
#2374=IFCARBITRARYCLOSEDPROFILEDEF(.AREA.,$,#2375);
#2375=IFCINDEXEDPOLYCURVE(#2376,(IFCLINEINDEX((1,2,3,4,5,6,1))),$);
#2376=IFCCARTESIANPOINTLIST2D(((0.,0.),(0.,0.040000000000000008),(-0.11999999999999988,0.040000000000000008),(-0.11999999999999988,0.020000000000000004),(-0.020000000000000018,0.020000000000000004),(-0.020000000000000018,0.)));
#2377=IFCAXIS2PLACEMENT3D(#2378,#2379,#2380);
#2378=IFCCARTESIANPOINT((0.70996253453195091,0.060000000521540642,1.015000000372529));
#2379=IFCDIRECTION((0.,0.,1.));
#2380=IFCDIRECTION((1.,0.,0.));
#2381=IFCDIRECTION((0.,0.,1.));
#2425=IFCCARTESIANPOINTLIST2D(((0.,0.),(0.,2.),(0.78496253490447998,2.),(0.78496253490447998,0.),(0.75996253453195095,0.),(0.75996253453195095,1.974999999627471),(0.02500000037252903,1.974999999627471),(0.02500000037252903,0.)));
#2426=IFCINDEXEDPOLYCURVE(#2425,(IFCLINEINDEX((1,2,3,4,5,6,7,8,1))),$);
#2427=IFCARBITRARYCLOSEDPROFILEDEF(.AREA.,$,#2426);
#2428=IFCCARTESIANPOINT((0.,0.02500000037252903,0.));
#2429=IFCDIRECTION((0.,-1.,0.));
#2430=IFCDIRECTION((1.,0.,0.));
#2431=IFCAXIS2PLACEMENT3D(#2428,#2429,#2430);
#2432=IFCDIRECTION((0.,0.,-1.));
#2433=IFCEXTRUDEDAREASOLID(#2427,#2431,#2432,0.02500000037252903);
#2434=IFCCARTESIANPOINTLIST2D(((0.,0.),(0.,2.),(0.78496253490447998,2.),(0.78496253490447998,0.),(0.73496253415942192,0.),(0.73496253415942192,1.9499999992549419),(0.05000000074505806,1.9499999992549419),(0.05000000074505806,0.)));
#2435=IFCINDEXEDPOLYCURVE(#2434,(IFCLINEINDEX((1,2,3,4,5,6,7,8,1))),$);
#2436=IFCARBITRARYCLOSEDPROFILEDEF(.AREA.,$,#2435);
#2437=IFCCARTESIANPOINT((0.,0.,0.));
#2438=IFCDIRECTION((0.,-1.,0.));
#2439=IFCDIRECTION((1.,0.,0.));
#2440=IFCAXIS2PLACEMENT3D(#2437,#2438,#2439);
#2441=IFCDIRECTION((0.,0.,-1.));
#2442=IFCEXTRUDEDAREASOLID(#2436,#2440,#2441,0.02500000037252903);
#2443=IFCCARTESIANPOINTLIST2D(((0.,0.),(0.68496253341436386,0.),(0.68496253341436386,0.10000000149011612),(0.,0.10000000149011612)));
#2444=IFCINDEXEDPOLYCURVE(#2443,(IFCLINEINDEX((1,2,3,4,1))),$);
#2445=IFCARBITRARYCLOSEDPROFILEDEF(.AREA.,$,#2444);
#2446=IFCCARTESIANPOINT((0.05000000074505806,0.,0.));
#2447=IFCDIRECTION((0.,0.,1.));
#2448=IFCDIRECTION((1.,0.,0.));
#2449=IFCAXIS2PLACEMENT3D(#2446,#2447,#2448);
#2450=IFCDIRECTION((0.,0.,1.));
#2451=IFCEXTRUDEDAREASOLID(#2445,#2449,#2450,0.02500000037252903);
#2452=IFCCARTESIANPOINTLIST2D(((0.,0.),(0.,2.0250000022351742),(0.83496253937482834,2.0250000022351742),(0.83496253937482834,0.),(0.7599625363945961,0.),(0.7599625363945961,1.9499999992549419),(0.075000002980232239,1.9499999992549419),(0.075000002980232239,0.)));
#2453=IFCINDEXEDPOLYCURVE(#2452,(IFCLINEINDEX((1,2,3,4,5,6,7,8,1))),$);
#2454=IFCARBITRARYCLOSEDPROFILEDEF(.AREA.,$,#2453);
#2455=IFCCARTESIANPOINT((-0.025000002235174179,-0.004999999888241291,0.));
#2456=IFCDIRECTION((0.,-1.,0.));
#2457=IFCDIRECTION((1.,0.,0.));
#2458=IFCAXIS2PLACEMENT3D(#2455,#2456,#2457);
#2459=IFCDIRECTION((0.,0.,-1.));
#2460=IFCEXTRUDEDAREASOLID(#2454,#2458,#2459,0.004999999888241291);
#2461=IFCCARTESIANPOINTLIST2D(((0.,0.),(0.,2.0250000022351742),(0.83496253937482834,2.0250000022351742),(0.83496253937482834,0.),(0.78496253676712513,0.),(0.78496253676712513,1.974999999627471),(0.050000002607703209,1.974999999627471),(0.050000002607703209,0.)));
#2462=IFCINDEXEDPOLYCURVE(#2461,(IFCLINEINDEX((1,2,3,4,5,6,7,8,1))),$);
#2463=IFCARBITRARYCLOSEDPROFILEDEF(.AREA.,$,#2462);
#2464=IFCCARTESIANPOINT((-0.025000002235174179,0.05000000074505806,0.));
#2465=IFCDIRECTION((0.,-1.,0.));
#2466=IFCDIRECTION((1.,0.,0.));
#2467=IFCAXIS2PLACEMENT3D(#2464,#2465,#2466);
#2468=IFCDIRECTION((0.,0.,-1.));
#2469=IFCEXTRUDEDAREASOLID(#2463,#2467,#2468,0.004999999888241291);
#2470=IFCCARTESIANPOINTLIST2D(((0.,0.),(0.73496253415942192,0.),(0.73496253415942192,0.035000000149011612),(0.,0.035000000149011612)));
#2471=IFCINDEXEDPOLYCURVE(#2470,(IFCLINEINDEX((1,2,3,4,1))),$);
#2472=IFCARBITRARYCLOSEDPROFILEDEF(.AREA.,$,#2471);
#2473=IFCCARTESIANPOINT((0.02500000037252903,0.02500000037252903,0.02500000037252903));
#2474=IFCDIRECTION((0.,0.,1.));
#2475=IFCDIRECTION((1.,0.,0.));
#2476=IFCAXIS2PLACEMENT3D(#2473,#2474,#2475);
#2477=IFCDIRECTION((0.,0.,1.));
#2478=IFCEXTRUDEDAREASOLID(#2472,#2476,#2477,1.9499999992549419);
#2479=IFCCARTESIANPOINTLIST2D(((0.,0.),(0.,-0.040000000000000001),(0.12,-0.040000000000000001),(0.12,-0.02),(0.02,-0.02),(0.02,0.)));
#2480=IFCINDEXEDPOLYCURVE(#2479,(IFCLINEINDEX((1,2,3,4,5,6,1))),$);
#2481=IFCARBITRARYCLOSEDPROFILEDEF(.AREA.,$,#2480);
#2482=IFCCARTESIANPOINT((0.075000000372529033,0.02500000037252903,1.015000000372529));
#2483=IFCDIRECTION((0.,0.,1.));
#2484=IFCDIRECTION((1.,0.,0.));
#2485=IFCAXIS2PLACEMENT3D(#2482,#2483,#2484);
#2486=IFCDIRECTION((0.,0.,1.));
#2487=IFCEXTRUDEDAREASOLID(#2481,#2485,#2486,0.02);
#2488=IFCEXTRUDEDAREASOLID(#2489,#2492,#2496,0.02);
#2489=IFCARBITRARYCLOSEDPROFILEDEF(.AREA.,$,#2490);
#2490=IFCINDEXEDPOLYCURVE(#2491,(IFCLINEINDEX((1,2,3,4,5,6,1))),$);
#2491=IFCCARTESIANPOINTLIST2D(((0.,0.),(0.,0.040000000000000008),(0.11999999999999998,0.040000000000000008),(0.11999999999999998,0.020000000000000004),(0.020000000000000004,0.020000000000000004),(0.020000000000000004,0.)));
#2492=IFCAXIS2PLACEMENT3D(#2493,#2494,#2495);
#2493=IFCCARTESIANPOINT((0.075000000372529033,0.060000000521540642,1.015000000372529));
#2494=IFCDIRECTION((0.,0.,1.));
#2495=IFCDIRECTION((1.,0.,0.));
#2496=IFCDIRECTION((0.,0.,1.));
#2540=IFCCARTESIANPOINTLIST2D(((0.,0.),(0.,2.),(0.78496253490447998,2.),(0.78496253490447998,0.),(0.75996253453195095,0.),(0.75996253453195095,1.974999999627471),(0.02500000037252903,1.974999999627471),(0.02500000037252903,0.)));
#2541=IFCINDEXEDPOLYCURVE(#2540,(IFCLINEINDEX((1,2,3,4,5,6,7,8,1))),$);
#2542=IFCARBITRARYCLOSEDPROFILEDEF(.AREA.,$,#2541);
#2543=IFCCARTESIANPOINT((0.,0.02500000037252903,0.));
#2544=IFCDIRECTION((0.,-1.,0.));
#2545=IFCDIRECTION((1.,0.,0.));
#2546=IFCAXIS2PLACEMENT3D(#2543,#2544,#2545);
#2547=IFCDIRECTION((0.,0.,-1.));
#2548=IFCEXTRUDEDAREASOLID(#2542,#2546,#2547,0.02500000037252903);
#2549=IFCCARTESIANPOINTLIST2D(((0.,0.),(0.,2.),(0.78496253490447998,2.),(0.78496253490447998,0.),(0.73496253415942192,0.),(0.73496253415942192,1.9499999992549419),(0.05000000074505806,1.9499999992549419),(0.05000000074505806,0.)));
#2550=IFCINDEXEDPOLYCURVE(#2549,(IFCLINEINDEX((1,2,3,4,5,6,7,8,1))),$);
#2551=IFCARBITRARYCLOSEDPROFILEDEF(.AREA.,$,#2550);
#2552=IFCCARTESIANPOINT((0.,0.,0.));
#2553=IFCDIRECTION((0.,-1.,0.));
#2554=IFCDIRECTION((1.,0.,0.));
#2555=IFCAXIS2PLACEMENT3D(#2552,#2553,#2554);
#2556=IFCDIRECTION((0.,0.,-1.));
#2557=IFCEXTRUDEDAREASOLID(#2551,#2555,#2556,0.02500000037252903);
#2558=IFCCARTESIANPOINTLIST2D(((0.,0.),(0.68496253341436386,0.),(0.68496253341436386,0.10000000149011612),(0.,0.10000000149011612)));
#2559=IFCINDEXEDPOLYCURVE(#2558,(IFCLINEINDEX((1,2,3,4,1))),$);
#2560=IFCARBITRARYCLOSEDPROFILEDEF(.AREA.,$,#2559);
#2561=IFCCARTESIANPOINT((0.05000000074505806,0.,0.));
#2562=IFCDIRECTION((0.,0.,1.));
#2563=IFCDIRECTION((1.,0.,0.));
#2564=IFCAXIS2PLACEMENT3D(#2561,#2562,#2563);
#2565=IFCDIRECTION((0.,0.,1.));
#2566=IFCEXTRUDEDAREASOLID(#2560,#2564,#2565,0.02500000037252903);
#2567=IFCCARTESIANPOINTLIST2D(((0.,0.),(0.,2.0250000022351742),(0.83496253937482834,2.0250000022351742),(0.83496253937482834,0.),(0.7599625363945961,0.),(0.7599625363945961,1.9499999992549419),(0.075000002980232239,1.9499999992549419),(0.075000002980232239,0.)));
#2568=IFCINDEXEDPOLYCURVE(#2567,(IFCLINEINDEX((1,2,3,4,5,6,7,8,1))),$);
#2569=IFCARBITRARYCLOSEDPROFILEDEF(.AREA.,$,#2568);
#2570=IFCCARTESIANPOINT((-0.025000002235174179,-0.004999999888241291,0.));
#2571=IFCDIRECTION((0.,-1.,0.));
#2572=IFCDIRECTION((1.,0.,0.));
#2573=IFCAXIS2PLACEMENT3D(#2570,#2571,#2572);
#2574=IFCDIRECTION((0.,0.,-1.));
#2575=IFCEXTRUDEDAREASOLID(#2569,#2573,#2574,0.004999999888241291);
#2576=IFCCARTESIANPOINTLIST2D(((0.,0.),(0.,2.0250000022351742),(0.83496253937482834,2.0250000022351742),(0.83496253937482834,0.),(0.78496253676712513,0.),(0.78496253676712513,1.974999999627471),(0.050000002607703209,1.974999999627471),(0.050000002607703209,0.)));
#2577=IFCINDEXEDPOLYCURVE(#2576,(IFCLINEINDEX((1,2,3,4,5,6,7,8,1))),$);
#2578=IFCARBITRARYCLOSEDPROFILEDEF(.AREA.,$,#2577);
#2579=IFCCARTESIANPOINT((-0.025000002235174179,0.05000000074505806,0.));
#2580=IFCDIRECTION((0.,-1.,0.));
#2581=IFCDIRECTION((1.,0.,0.));
#2582=IFCAXIS2PLACEMENT3D(#2579,#2580,#2581);
#2583=IFCDIRECTION((0.,0.,-1.));
#2584=IFCEXTRUDEDAREASOLID(#2578,#2582,#2583,0.004999999888241291);
#2585=IFCCARTESIANPOINTLIST2D(((0.,0.),(0.73496253415942192,0.),(0.73496253415942192,0.035000000149011612),(0.,0.035000000149011612)));
#2586=IFCINDEXEDPOLYCURVE(#2585,(IFCLINEINDEX((1,2,3,4,1))),$);
#2587=IFCARBITRARYCLOSEDPROFILEDEF(.AREA.,$,#2586);
#2588=IFCCARTESIANPOINT((0.02500000037252903,0.02500000037252903,0.02500000037252903));
#2589=IFCDIRECTION((0.,0.,1.));
#2590=IFCDIRECTION((1.,0.,0.));
#2591=IFCAXIS2PLACEMENT3D(#2588,#2589,#2590);
#2592=IFCDIRECTION((0.,0.,1.));
#2593=IFCEXTRUDEDAREASOLID(#2587,#2591,#2592,1.9499999992549419);
#2594=IFCCARTESIANPOINTLIST2D(((0.,0.),(0.,-0.040000000000000001),(-0.11999999999999988,-0.040000000000000001),(-0.11999999999999988,-0.02),(-0.020000000000000018,-0.02),(-0.020000000000000018,0.)));
#2595=IFCINDEXEDPOLYCURVE(#2594,(IFCLINEINDEX((1,2,3,4,5,6,1))),$);
#2596=IFCARBITRARYCLOSEDPROFILEDEF(.AREA.,$,#2595);
#2597=IFCCARTESIANPOINT((0.70996253453195091,0.02500000037252903,1.015000000372529));
#2598=IFCDIRECTION((0.,0.,1.));
#2599=IFCDIRECTION((1.,0.,0.));
#2600=IFCAXIS2PLACEMENT3D(#2597,#2598,#2599);
#2601=IFCDIRECTION((0.,0.,1.));
#2602=IFCEXTRUDEDAREASOLID(#2596,#2600,#2601,0.02);
#2603=IFCEXTRUDEDAREASOLID(#2604,#2607,#2611,0.02);
#2604=IFCARBITRARYCLOSEDPROFILEDEF(.AREA.,$,#2605);
#2605=IFCINDEXEDPOLYCURVE(#2606,(IFCLINEINDEX((1,2,3,4,5,6,1))),$);
#2606=IFCCARTESIANPOINTLIST2D(((0.,0.),(0.,0.040000000000000008),(-0.11999999999999988,0.040000000000000008),(-0.11999999999999988,0.020000000000000004),(-0.020000000000000018,0.020000000000000004),(-0.020000000000000018,0.)));
#2607=IFCAXIS2PLACEMENT3D(#2608,#2609,#2610);
#2608=IFCCARTESIANPOINT((0.70996253453195091,0.060000000521540642,1.015000000372529));
#2609=IFCDIRECTION((0.,0.,1.));
#2610=IFCDIRECTION((1.,0.,0.));
#2611=IFCDIRECTION((0.,0.,1.));
#2655=IFCCARTESIANPOINTLIST2D(((0.,0.),(0.,2.),(0.78436100482940674,2.),(0.78436100482940674,0.),(0.75936100445687771,0.),(0.75936100445687771,1.974999999627471),(0.02500000037252903,1.974999999627471),(0.02500000037252903,0.)));
#2656=IFCINDEXEDPOLYCURVE(#2655,(IFCLINEINDEX((1,2,3,4,5,6,7,8,1))),$);
#2657=IFCARBITRARYCLOSEDPROFILEDEF(.AREA.,$,#2656);
#2658=IFCCARTESIANPOINT((0.,0.02500000037252903,0.));
#2659=IFCDIRECTION((0.,-1.,0.));
#2660=IFCDIRECTION((1.,0.,0.));
#2661=IFCAXIS2PLACEMENT3D(#2658,#2659,#2660);
#2662=IFCDIRECTION((0.,0.,-1.));
#2663=IFCEXTRUDEDAREASOLID(#2657,#2661,#2662,0.02500000037252903);
#2664=IFCCARTESIANPOINTLIST2D(((0.,0.),(0.,2.),(0.78436100482940674,2.),(0.78436100482940674,0.),(0.73436100408434868,0.),(0.73436100408434868,1.9499999992549419),(0.05000000074505806,1.9499999992549419),(0.05000000074505806,0.)));
#2665=IFCINDEXEDPOLYCURVE(#2664,(IFCLINEINDEX((1,2,3,4,5,6,7,8,1))),$);
#2666=IFCARBITRARYCLOSEDPROFILEDEF(.AREA.,$,#2665);
#2667=IFCCARTESIANPOINT((0.,0.,0.));
#2668=IFCDIRECTION((0.,-1.,0.));
#2669=IFCDIRECTION((1.,0.,0.));
#2670=IFCAXIS2PLACEMENT3D(#2667,#2668,#2669);
#2671=IFCDIRECTION((0.,0.,-1.));
#2672=IFCEXTRUDEDAREASOLID(#2666,#2670,#2671,0.02500000037252903);
#2673=IFCCARTESIANPOINTLIST2D(((0.,0.),(0.68436100333929062,0.),(0.68436100333929062,0.10000000149011612),(0.,0.10000000149011612)));
#2674=IFCINDEXEDPOLYCURVE(#2673,(IFCLINEINDEX((1,2,3,4,1))),$);
#2675=IFCARBITRARYCLOSEDPROFILEDEF(.AREA.,$,#2674);
#2676=IFCCARTESIANPOINT((0.05000000074505806,0.,0.));
#2677=IFCDIRECTION((0.,0.,1.));
#2678=IFCDIRECTION((1.,0.,0.));
#2679=IFCAXIS2PLACEMENT3D(#2676,#2677,#2678);
#2680=IFCDIRECTION((0.,0.,1.));
#2681=IFCEXTRUDEDAREASOLID(#2675,#2679,#2680,0.02500000037252903);
#2682=IFCCARTESIANPOINTLIST2D(((0.,0.),(0.73436100408434868,0.),(0.73436100408434868,0.035000000149011612),(0.,0.035000000149011612)));
#2683=IFCINDEXEDPOLYCURVE(#2682,(IFCLINEINDEX((1,2,3,4,1))),$);
#2684=IFCARBITRARYCLOSEDPROFILEDEF(.AREA.,$,#2683);
#2685=IFCCARTESIANPOINT((0.02500000037252903,0.02500000037252903,0.02500000037252903));
#2686=IFCDIRECTION((0.,0.,1.));
#2687=IFCDIRECTION((1.,0.,0.));
#2688=IFCAXIS2PLACEMENT3D(#2685,#2686,#2687);
#2689=IFCDIRECTION((0.,0.,1.));
#2690=IFCEXTRUDEDAREASOLID(#2684,#2688,#2689,1.9499999992549419);
#2691=IFCCARTESIANPOINTLIST2D(((0.,0.),(0.,-0.040000000000000001),(-0.11999999999999988,-0.040000000000000001),(-0.11999999999999988,-0.02),(-0.020000000000000018,-0.02),(-0.020000000000000018,0.)));
#2692=IFCINDEXEDPOLYCURVE(#2691,(IFCLINEINDEX((1,2,3,4,5,6,1))),$);
#2693=IFCARBITRARYCLOSEDPROFILEDEF(.AREA.,$,#2692);
#2694=IFCCARTESIANPOINT((0.70936100445687766,0.02500000037252903,1.015000000372529));
#2695=IFCDIRECTION((0.,0.,1.));
#2696=IFCDIRECTION((1.,0.,0.));
#2697=IFCAXIS2PLACEMENT3D(#2694,#2695,#2696);
#2698=IFCDIRECTION((0.,0.,1.));
#2699=IFCEXTRUDEDAREASOLID(#2693,#2697,#2698,0.02);
#2700=IFCEXTRUDEDAREASOLID(#2701,#2704,#2708,0.02);
#2701=IFCARBITRARYCLOSEDPROFILEDEF(.AREA.,$,#2702);
#2702=IFCINDEXEDPOLYCURVE(#2703,(IFCLINEINDEX((1,2,3,4,5,6,1))),$);
#2703=IFCCARTESIANPOINTLIST2D(((0.,0.),(0.,0.040000000000000008),(-0.11999999999999988,0.040000000000000008),(-0.11999999999999988,0.020000000000000004),(-0.020000000000000018,0.020000000000000004),(-0.020000000000000018,0.)));
#2704=IFCAXIS2PLACEMENT3D(#2705,#2706,#2707);
#2705=IFCCARTESIANPOINT((0.70936100445687766,0.060000000521540642,1.015000000372529));
#2706=IFCDIRECTION((0.,0.,1.));
#2707=IFCDIRECTION((1.,0.,0.));
#2708=IFCDIRECTION((0.,0.,1.));
#2752=IFCCARTESIANPOINTLIST2D(((0.,0.),(0.,2.),(0.78436100482940674,2.),(0.78436100482940674,0.),(0.75936100445687771,0.),(0.75936100445687771,1.974999999627471),(0.02500000037252903,1.974999999627471),(0.02500000037252903,0.)));
#2753=IFCINDEXEDPOLYCURVE(#2752,(IFCLINEINDEX((1,2,3,4,5,6,7,8,1))),$);
#2754=IFCARBITRARYCLOSEDPROFILEDEF(.AREA.,$,#2753);
#2755=IFCCARTESIANPOINT((0.,0.02500000037252903,0.));
#2756=IFCDIRECTION((0.,-1.,0.));
#2757=IFCDIRECTION((1.,0.,0.));
#2758=IFCAXIS2PLACEMENT3D(#2755,#2756,#2757);
#2759=IFCDIRECTION((0.,0.,-1.));
#2760=IFCEXTRUDEDAREASOLID(#2754,#2758,#2759,0.02500000037252903);
#2761=IFCCARTESIANPOINTLIST2D(((0.,0.),(0.,2.),(0.78436100482940674,2.),(0.78436100482940674,0.),(0.73436100408434868,0.),(0.73436100408434868,1.9499999992549419),(0.05000000074505806,1.9499999992549419),(0.05000000074505806,0.)));
#2762=IFCINDEXEDPOLYCURVE(#2761,(IFCLINEINDEX((1,2,3,4,5,6,7,8,1))),$);
#2763=IFCARBITRARYCLOSEDPROFILEDEF(.AREA.,$,#2762);
#2764=IFCCARTESIANPOINT((0.,0.,0.));
#2765=IFCDIRECTION((0.,-1.,0.));
#2766=IFCDIRECTION((1.,0.,0.));
#2767=IFCAXIS2PLACEMENT3D(#2764,#2765,#2766);
#2768=IFCDIRECTION((0.,0.,-1.));
#2769=IFCEXTRUDEDAREASOLID(#2763,#2767,#2768,0.02500000037252903);
#2770=IFCCARTESIANPOINTLIST2D(((0.,0.),(0.68436100333929062,0.),(0.68436100333929062,0.10000000149011612),(0.,0.10000000149011612)));
#2771=IFCINDEXEDPOLYCURVE(#2770,(IFCLINEINDEX((1,2,3,4,1))),$);
#2772=IFCARBITRARYCLOSEDPROFILEDEF(.AREA.,$,#2771);
#2773=IFCCARTESIANPOINT((0.05000000074505806,0.,0.));
#2774=IFCDIRECTION((0.,0.,1.));
#2775=IFCDIRECTION((1.,0.,0.));
#2776=IFCAXIS2PLACEMENT3D(#2773,#2774,#2775);
#2777=IFCDIRECTION((0.,0.,1.));
#2778=IFCEXTRUDEDAREASOLID(#2772,#2776,#2777,0.02500000037252903);
#2779=IFCCARTESIANPOINTLIST2D(((0.,0.),(0.73436100408434868,0.),(0.73436100408434868,0.035000000149011612),(0.,0.035000000149011612)));
#2780=IFCINDEXEDPOLYCURVE(#2779,(IFCLINEINDEX((1,2,3,4,1))),$);
#2781=IFCARBITRARYCLOSEDPROFILEDEF(.AREA.,$,#2780);
#2782=IFCCARTESIANPOINT((0.02500000037252903,0.02500000037252903,0.02500000037252903));
#2783=IFCDIRECTION((0.,0.,1.));
#2784=IFCDIRECTION((1.,0.,0.));
#2785=IFCAXIS2PLACEMENT3D(#2782,#2783,#2784);
#2786=IFCDIRECTION((0.,0.,1.));
#2787=IFCEXTRUDEDAREASOLID(#2781,#2785,#2786,1.9499999992549419);
#2788=IFCCARTESIANPOINTLIST2D(((0.,0.),(0.,-0.040000000000000001),(-0.11999999999999988,-0.040000000000000001),(-0.11999999999999988,-0.02),(-0.020000000000000018,-0.02),(-0.020000000000000018,0.)));
#2789=IFCINDEXEDPOLYCURVE(#2788,(IFCLINEINDEX((1,2,3,4,5,6,1))),$);
#2790=IFCARBITRARYCLOSEDPROFILEDEF(.AREA.,$,#2789);
#2791=IFCCARTESIANPOINT((0.70936100445687766,0.02500000037252903,1.015000000372529));
#2792=IFCDIRECTION((0.,0.,1.));
#2793=IFCDIRECTION((1.,0.,0.));
#2794=IFCAXIS2PLACEMENT3D(#2791,#2792,#2793);
#2795=IFCDIRECTION((0.,0.,1.));
#2796=IFCEXTRUDEDAREASOLID(#2790,#2794,#2795,0.02);
#2797=IFCEXTRUDEDAREASOLID(#2798,#2801,#2805,0.02);
#2798=IFCARBITRARYCLOSEDPROFILEDEF(.AREA.,$,#2799);
#2799=IFCINDEXEDPOLYCURVE(#2800,(IFCLINEINDEX((1,2,3,4,5,6,1))),$);
#2800=IFCCARTESIANPOINTLIST2D(((0.,0.),(0.,0.040000000000000008),(-0.11999999999999988,0.040000000000000008),(-0.11999999999999988,0.020000000000000004),(-0.020000000000000018,0.020000000000000004),(-0.020000000000000018,0.)));
#2801=IFCAXIS2PLACEMENT3D(#2802,#2803,#2804);
#2802=IFCCARTESIANPOINT((0.70936100445687766,0.060000000521540642,1.015000000372529));
#2803=IFCDIRECTION((0.,0.,1.));
#2804=IFCDIRECTION((1.,0.,0.));
#2805=IFCDIRECTION((0.,0.,1.));
#2846=IFCCARTESIANPOINTLIST3D(((0.,0.,0.),(0.78436100482940674,0.,0.),(0.78436100482940674,0.,2.),(0.,0.,2.)));
#2847=IFCINDEXEDPOLYCURVE(#2846,(IFCLINEINDEX((1,2,3,4,1))),$);
#2848=IFCSHAPEREPRESENTATION(#18,'Profile','Curve3D',(#2847));
#2849=IFCCARTESIANPOINTLIST2D(((0.,0.),(0.,2.),(0.78436100482940674,2.),(0.78436100482940674,0.),(0.75936100445687771,0.),(0.75936100445687771,1.974999999627471),(0.02500000037252903,1.974999999627471),(0.02500000037252903,0.)));
#2850=IFCINDEXEDPOLYCURVE(#2849,(IFCLINEINDEX((1,2,3,4,5,6,7,8,1))),$);
#2851=IFCARBITRARYCLOSEDPROFILEDEF(.AREA.,$,#2850);
#2852=IFCCARTESIANPOINT((0.,0.02500000037252903,0.));
#2853=IFCDIRECTION((0.,-1.,0.));
#2854=IFCDIRECTION((1.,0.,0.));
#2855=IFCAXIS2PLACEMENT3D(#2852,#2853,#2854);
#2856=IFCDIRECTION((0.,0.,-1.));
#2857=IFCEXTRUDEDAREASOLID(#2851,#2855,#2856,0.02500000037252903);
#2858=IFCCARTESIANPOINTLIST2D(((0.,0.),(0.,2.),(0.78436100482940674,2.),(0.78436100482940674,0.),(0.73436100408434868,0.),(0.73436100408434868,1.9499999992549419),(0.05000000074505806,1.9499999992549419),(0.05000000074505806,0.)));
#2859=IFCINDEXEDPOLYCURVE(#2858,(IFCLINEINDEX((1,2,3,4,5,6,7,8,1))),$);
#2860=IFCARBITRARYCLOSEDPROFILEDEF(.AREA.,$,#2859);
#2861=IFCCARTESIANPOINT((0.,0.,0.));
#2862=IFCDIRECTION((0.,-1.,0.));
#2863=IFCDIRECTION((1.,0.,0.));
#2864=IFCAXIS2PLACEMENT3D(#2861,#2862,#2863);
#2865=IFCDIRECTION((0.,0.,-1.));
#2866=IFCEXTRUDEDAREASOLID(#2860,#2864,#2865,0.02500000037252903);
#2867=IFCCARTESIANPOINTLIST2D(((0.,0.),(0.68436100333929062,0.),(0.68436100333929062,0.10000000149011612),(0.,0.10000000149011612)));
#2868=IFCINDEXEDPOLYCURVE(#2867,(IFCLINEINDEX((1,2,3,4,1))),$);
#2869=IFCARBITRARYCLOSEDPROFILEDEF(.AREA.,$,#2868);
#2870=IFCCARTESIANPOINT((0.05000000074505806,0.,0.));
#2871=IFCDIRECTION((0.,0.,1.));
#2872=IFCDIRECTION((1.,0.,0.));
#2873=IFCAXIS2PLACEMENT3D(#2870,#2871,#2872);
#2874=IFCDIRECTION((0.,0.,1.));
#2875=IFCEXTRUDEDAREASOLID(#2869,#2873,#2874,0.02500000037252903);
#2876=IFCCARTESIANPOINTLIST2D(((0.,0.),(0.73436100408434868,0.),(0.73436100408434868,0.035000000149011612),(0.,0.035000000149011612)));
#2877=IFCINDEXEDPOLYCURVE(#2876,(IFCLINEINDEX((1,2,3,4,1))),$);
#2878=IFCARBITRARYCLOSEDPROFILEDEF(.AREA.,$,#2877);
#2879=IFCCARTESIANPOINT((0.02500000037252903,0.02500000037252903,0.02500000037252903));
#2880=IFCDIRECTION((0.,0.,1.));
#2881=IFCDIRECTION((1.,0.,0.));
#2882=IFCAXIS2PLACEMENT3D(#2879,#2880,#2881);
#2883=IFCDIRECTION((0.,0.,1.));
#2884=IFCEXTRUDEDAREASOLID(#2878,#2882,#2883,1.9499999992549419);
#2885=IFCCARTESIANPOINTLIST2D(((0.,0.),(0.,-0.040000000000000001),(-0.11999999999999988,-0.040000000000000001),(-0.11999999999999988,-0.02),(-0.020000000000000018,-0.02),(-0.020000000000000018,0.)));
#2886=IFCINDEXEDPOLYCURVE(#2885,(IFCLINEINDEX((1,2,3,4,5,6,1))),$);
#2887=IFCARBITRARYCLOSEDPROFILEDEF(.AREA.,$,#2886);
#2888=IFCCARTESIANPOINT((0.70936100445687766,0.02500000037252903,1.015000000372529));
#2889=IFCDIRECTION((0.,0.,1.));
#2890=IFCDIRECTION((1.,0.,0.));
#2891=IFCAXIS2PLACEMENT3D(#2888,#2889,#2890);
#2892=IFCDIRECTION((0.,0.,1.));
#2893=IFCEXTRUDEDAREASOLID(#2887,#2891,#2892,0.02);
#2894=IFCEXTRUDEDAREASOLID(#2895,#2898,#2902,0.02);
#2895=IFCARBITRARYCLOSEDPROFILEDEF(.AREA.,$,#2896);
#2896=IFCINDEXEDPOLYCURVE(#2897,(IFCLINEINDEX((1,2,3,4,5,6,1))),$);
#2897=IFCCARTESIANPOINTLIST2D(((0.,0.),(0.,0.040000000000000008),(-0.11999999999999988,0.040000000000000008),(-0.11999999999999988,0.020000000000000004),(-0.020000000000000018,0.020000000000000004),(-0.020000000000000018,0.)));
#2898=IFCAXIS2PLACEMENT3D(#2899,#2900,#2901);
#2899=IFCCARTESIANPOINT((0.70936100445687766,0.060000000521540642,1.015000000372529));
#2900=IFCDIRECTION((0.,0.,1.));
#2901=IFCDIRECTION((1.,0.,0.));
#2902=IFCDIRECTION((0.,0.,1.));
#2903=IFCSHAPEREPRESENTATION(#11,'Body','SweptSolid',(#2857,#2866,#2884,#2893,#2894,#2875));
#2904=IFCCARTESIANPOINTLIST2D(((0.,0.),(0.,0.05000000074505806),(0.02500000037252903,0.05000000074505806),(0.02500000037252903,0.02500000037252903),(0.05000000074505806,0.02500000037252903),(0.05000000074505806,0.)));
#2905=IFCINDEXEDPOLYCURVE(#2904,(IFCLINEINDEX((1,2,3,4,5,6,1))),$);
#2906=IFCINDEXEDPOLYCURVE(#2907,(IFCLINEINDEX((1,2,3,4,5,6,1))),$);
#2907=IFCCARTESIANPOINTLIST2D(((0.78436100482940674,0.),(0.78436100482940674,0.05000000074505806),(0.75936100445687771,0.05000000074505806),(0.75936100445687771,0.02500000037252903),(0.73436100408434868,0.02500000037252903),(0.73436100408434868,0.)));
#2908=IFCDIRECTION((1.,0.));
#2909=IFCCARTESIANPOINT((0.060000000521540642,0.05000000074505806));
#2910=IFCAXIS2PLACEMENT2D(#2909,#2908);
#2911=IFCELLIPSE(#2910,0.69936100393533707,0.73436100408434868);
#2912=IFCCARTESIANPOINT((0.75936100445687771,0.05000000074505806));
#2913=IFCCARTESIANPOINT((0.060000000521540642,0.78436100482940674));
#2914=IFCTRIMMEDCURVE(#2911,(#2912),(#2913),.T.,.CARTESIAN.);
#2915=IFCCARTESIANPOINTLIST2D(((0.02500000037252903,0.05000000074505806),(0.060000000521540642,0.05000000074505806),(0.060000000521540642,0.78436100482940674),(0.02500000037252903,0.78436100482940674)));
#2916=IFCINDEXEDPOLYCURVE(#2915,(IFCLINEINDEX((1,2,3,4,1))),$);
#2917=IFCSHAPEREPRESENTATION(#24,'Body','Curve2D',(#2905,#2906,#2914,#2916));
#2918=IFCCARTESIANPOINTLIST2D(((0.,0.),(0.78436100482940674,0.),(0.78436100482940674,2.),(0.,2.)));
#2919=IFCINDEXEDPOLYCURVE(#2918,(IFCLINEINDEX((1,2,3,4,1))),$);
#2920=IFCARBITRARYCLOSEDPROFILEDEF(.AREA.,$,#2919);
#2921=IFCCARTESIANPOINT((0.,-0.60000002384185791,0.));
#2922=IFCDIRECTION((0.,-1.,0.));
#2923=IFCDIRECTION((1.,0.,0.));
#2924=IFCAXIS2PLACEMENT3D(#2921,#2922,#2923);
#2925=IFCDIRECTION((0.,0.,-1.));
#2926=IFCEXTRUDEDAREASOLID(#2920,#2924,#2925,1.2);
#2927=IFCSHAPEREPRESENTATION(#11,'Body','SweptSolid',(#2926));
#2933=IFCCARTESIANPOINT((0.0039260358214372459,0.015000105668602437,0.));
#2934=IFCDIRECTION((0.,0.,1.));
#2935=IFCDIRECTION((0.99999999999999289,-1.1920928955077312E-07,0.));
#2936=IFCAXIS2PLACEMENT3D(#2933,#2934,#2935);
#2937=IFCLOCALPLACEMENT(#798,#2936);
#2938=IFCCARTESIANPOINT((-8.8817841970012523E-16,0.,0.));
#2939=IFCDIRECTION((0.,0.,1.));
#2940=IFCDIRECTION((1.,0.,0.));
#2941=IFCAXIS2PLACEMENT3D(#2938,#2939,#2940);
#2942=IFCLOCALPLACEMENT(#2937,#2941);
#2943=IFCDOORTYPE('1W8WeAj3bE_AopKFksS2lQ',$,'Maids-GF',$,$,(#2944),(#2946,#2954,#3014,#3264),$,$,.DOOR.,.SINGLE_SWING_LEFT.,$,$);
#2944=IFCPROPERTYSET('1DnMzZUDj3owQ4r259Wysk',$,'BBIM_Door',$,(#2945));
#2945=IFCPROPERTYSINGLEVALUE('Data',$,IFCTEXT('{"door_type": "SLIDING_TO_RIGHT", "overall_height": 2.0, "overall_width": 1.3665246963500977, "lining_properties": {"lining_depth": 0.05000000074505806, "lining_thickness": 0.05000000074505806, "lining_offset": 0.0, "transom_thickness": 0.0, "casing_thickness": 0.0, "threshold_thickness": 0.02500000037252903, "threshold_depth": 0.10000000149011612, "threshold_offset": 0.0}, "panel_properties": {"panel_depth": 0.03500000014901161, "panel_width_ratio": 1.0}}'),$);
#2946=IFCREPRESENTATIONMAP(#2947,#3299);
#2947=IFCAXIS2PLACEMENT3D(#2948,#2949,#2950);
#2948=IFCCARTESIANPOINT((0.,0.,0.));
#2949=IFCDIRECTION((0.,0.,1.));
#2950=IFCDIRECTION((1.,0.,0.));
#2954=IFCREPRESENTATIONMAP(#2955,#3345);
#2955=IFCAXIS2PLACEMENT3D(#2956,#2957,#2958);
#2956=IFCCARTESIANPOINT((0.,0.,0.));
#2957=IFCDIRECTION((0.,0.,1.));
#2958=IFCDIRECTION((1.,0.,0.));
#3014=IFCREPRESENTATIONMAP(#3015,#3352);
#3015=IFCAXIS2PLACEMENT3D(#3016,#3017,#3018);
#3016=IFCCARTESIANPOINT((0.,0.,0.));
#3017=IFCDIRECTION((0.,0.,1.));
#3018=IFCDIRECTION((1.,0.,0.));
#3099=IFCDOOR('0NsbCFOonC4giFVuYwDhvv',$,'Door',$,$,#3382,#3109,$,2.,1.3665246963500977,$,.SLIDING_TO_RIGHT.,$);
#3101=IFCRELDEFINESBYTYPE('2olJ1omA117Br2avlXX09v',$,$,$,(#3099),#2943);
#3102=IFCCARTESIANPOINT((0.,0.,0.));
#3103=IFCDIRECTION((1.,0.,0.));
#3104=IFCDIRECTION((0.,1.,0.));
#3105=IFCDIRECTION((0.,0.,1.));
#3106=IFCCARTESIANTRANSFORMATIONOPERATOR3D(#3103,#3104,#3102,1.,#3105);
#3107=IFCMAPPEDITEM(#2946,#3106);
#3108=IFCSHAPEREPRESENTATION(#18,'Profile','MappedRepresentation',(#3107));
#3109=IFCPRODUCTDEFINITIONSHAPE($,$,(#3108,#3116,#3123,#3271));
#3110=IFCCARTESIANPOINT((0.,0.,0.));
#3111=IFCDIRECTION((1.,0.,0.));
#3112=IFCDIRECTION((0.,1.,0.));
#3113=IFCDIRECTION((0.,0.,1.));
#3114=IFCCARTESIANTRANSFORMATIONOPERATOR3D(#3111,#3112,#3110,1.,#3113);
#3115=IFCMAPPEDITEM(#2954,#3114);
#3116=IFCSHAPEREPRESENTATION(#11,'Body','MappedRepresentation',(#3115));
#3117=IFCCARTESIANPOINT((0.,0.,0.));
#3118=IFCDIRECTION((1.,0.,0.));
#3119=IFCDIRECTION((0.,1.,0.));
#3120=IFCDIRECTION((0.,0.,1.));
#3121=IFCCARTESIANTRANSFORMATIONOPERATOR3D(#3118,#3119,#3117,1.,#3120);
#3122=IFCMAPPEDITEM(#3014,#3121);
#3123=IFCSHAPEREPRESENTATION(#24,'Body','MappedRepresentation',(#3122));
#3124=IFCOPENINGELEMENT('3Zvz5WSgb35w2P7vfonuo3',$,'Opening',$,$,#3377,#3152,$,.OPENING.);
#3140=IFCCARTESIANPOINT((0.,0.,0.));
#3141=IFCDIRECTION((1.,0.,0.));
#3142=IFCDIRECTION((0.,0.,1.));
#3143=IFCAXIS2PLACEMENT3D(#3140,#3142,#3141);
#3144=IFCREPRESENTATIONMAP(#3143,#3367);
#3145=IFCCARTESIANPOINT((0.,0.,0.));
#3146=IFCDIRECTION((1.,0.,0.));
#3147=IFCDIRECTION((0.,1.,0.));
#3148=IFCDIRECTION((0.,0.,1.));
#3149=IFCCARTESIANTRANSFORMATIONOPERATOR3D(#3146,#3147,#3145,1.,#3148);
#3150=IFCMAPPEDITEM(#3144,#3149);
#3151=IFCSHAPEREPRESENTATION(#11,'Body','MappedRepresentation',(#3150));
#3152=IFCPRODUCTDEFINITIONSHAPE($,$,(#3151));
#3153=IFCRELVOIDSELEMENT('0lXaXY_Z15KBvxrqZuZ1iE',$,$,$,#851,#3124);
#3159=IFCRELFILLSELEMENT('24S9qFLJzACg4TzlVDYv4_',$,$,$,#3124,#3099);
#3198=IFCCARTESIANPOINTLIST2D(((0.,0.),(0.,2.),(1.3665246963500977,2.),(1.3665246963500977,0.),(1.3165246956050396,0.),(1.3165246956050396,1.9499999992549419),(0.05000000074505806,1.9499999992549419),(0.05000000074505806,0.)));
#3199=IFCINDEXEDPOLYCURVE(#3198,(IFCLINEINDEX((1,2,3,4,5,6,7,8,1))),$);
#3200=IFCARBITRARYCLOSEDPROFILEDEF(.AREA.,$,#3199);
#3201=IFCCARTESIANPOINT((0.,0.,0.));
#3202=IFCDIRECTION((0.,-1.,0.));
#3203=IFCDIRECTION((1.,0.,0.));
#3204=IFCAXIS2PLACEMENT3D(#3201,#3202,#3203);
#3205=IFCDIRECTION((0.,0.,-1.));
#3206=IFCEXTRUDEDAREASOLID(#3200,#3204,#3205,0.05000000074505806);
#3207=IFCCARTESIANPOINTLIST2D(((0.,0.),(1.2665246948599815,0.),(1.2665246948599815,0.10000000149011612),(0.,0.10000000149011612)));
#3208=IFCINDEXEDPOLYCURVE(#3207,(IFCLINEINDEX((1,2,3,4,1))),$);
#3209=IFCARBITRARYCLOSEDPROFILEDEF(.AREA.,$,#3208);
#3210=IFCCARTESIANPOINT((0.05000000074505806,0.,0.));
#3211=IFCDIRECTION((0.,0.,1.));
#3212=IFCDIRECTION((1.,0.,0.));
#3213=IFCAXIS2PLACEMENT3D(#3210,#3211,#3212);
#3214=IFCDIRECTION((0.,0.,1.));
#3215=IFCEXTRUDEDAREASOLID(#3209,#3213,#3214,0.02500000037252903);
#3216=IFCCARTESIANPOINTLIST2D(((0.,0.),(1.2665246948599815,0.),(1.2665246948599815,0.035000000149011612),(0.,0.035000000149011612)));
#3217=IFCINDEXEDPOLYCURVE(#3216,(IFCLINEINDEX((1,2,3,4,1))),$);
#3218=IFCARBITRARYCLOSEDPROFILEDEF(.AREA.,$,#3217);
#3219=IFCCARTESIANPOINT((0.05000000074505806,-0.035000000149011612,0.02500000037252903));
#3220=IFCDIRECTION((0.,0.,1.));
#3221=IFCDIRECTION((1.,0.,0.));
#3222=IFCAXIS2PLACEMENT3D(#3219,#3220,#3221);
#3223=IFCDIRECTION((0.,0.,1.));
#3224=IFCEXTRUDEDAREASOLID(#3218,#3222,#3223,1.9249999988824129);
#3225=IFCCARTESIANPOINTLIST2D(((0.,0.),(0.,-0.040000000000000001),(0.12,-0.040000000000000001),(0.12,-0.02),(0.02,-0.02),(0.02,0.)));
#3226=IFCINDEXEDPOLYCURVE(#3225,(IFCLINEINDEX((1,2,3,4,5,6,1))),$);
#3227=IFCARBITRARYCLOSEDPROFILEDEF(.AREA.,$,#3226);
#3228=IFCCARTESIANPOINT((0.10000000074505806,-0.035000000149011612,1.015000000372529));
#3229=IFCDIRECTION((0.,0.,1.));
#3230=IFCDIRECTION((1.,0.,0.));
#3231=IFCAXIS2PLACEMENT3D(#3228,#3229,#3230);
#3232=IFCDIRECTION((0.,0.,1.));
#3233=IFCEXTRUDEDAREASOLID(#3227,#3231,#3232,0.02);
#3234=IFCEXTRUDEDAREASOLID(#3235,#3238,#3242,0.02);
#3235=IFCARBITRARYCLOSEDPROFILEDEF(.AREA.,$,#3236);
#3236=IFCINDEXEDPOLYCURVE(#3237,(IFCLINEINDEX((1,2,3,4,5,6,1))),$);
#3237=IFCCARTESIANPOINTLIST2D(((0.,0.),(0.,0.040000000000000008),(0.11999999999999998,0.040000000000000008),(0.11999999999999998,0.020000000000000004),(0.020000000000000004,0.020000000000000004),(0.020000000000000004,0.)));
#3238=IFCAXIS2PLACEMENT3D(#3239,#3240,#3241);
#3239=IFCCARTESIANPOINT((0.10000000074505806,0.,1.015000000372529));
#3240=IFCDIRECTION((0.,0.,1.));
#3241=IFCDIRECTION((1.,0.,0.));
#3242=IFCDIRECTION((0.,0.,1.));
#3244=IFCSHAPEREPRESENTATION(#11,'Body','SweptSolid',(#3308,#3317,#3206,#3215));
#3245=IFCSHAPEASPECT((#3244),'Lining',$,.T.,#3109);
#3246=IFCSHAPEREPRESENTATION(#11,'Body','SweptSolid',(#3233,#3234,#3335,#3224,#3336,#3326));
#3247=IFCSHAPEASPECT((#3246),'Framing',$,.T.,#3109);
#3260=IFCCARTESIANPOINT((0.,0.,0.));
#3261=IFCDIRECTION((1.,0.,0.));
#3262=IFCDIRECTION((0.,0.,1.));
#3263=IFCAXIS2PLACEMENT3D(#3260,#3262,#3261);
#3264=IFCREPRESENTATIONMAP(#3263,#3357);
#3265=IFCCARTESIANPOINT((0.,0.,0.));
#3266=IFCDIRECTION((1.,0.,0.));
#3267=IFCDIRECTION((0.,1.,0.));
#3268=IFCDIRECTION((0.,0.,1.));
#3269=IFCCARTESIANTRANSFORMATIONOPERATOR3D(#3266,#3267,#3265,1.,#3268);
#3270=IFCMAPPEDITEM(#3264,#3269);
#3271=IFCSHAPEREPRESENTATION(#25,'Annotation','MappedRepresentation',(#3270));
#3297=IFCCARTESIANPOINTLIST3D(((0.,0.,0.),(1.3665246963500977,0.,0.),(1.3665246963500977,0.,2.),(0.,0.,2.)));
#3298=IFCINDEXEDPOLYCURVE(#3297,(IFCLINEINDEX((1,2,3,4,1))),$);
#3299=IFCSHAPEREPRESENTATION(#18,'Profile','Curve3D',(#3298));
#3300=IFCCARTESIANPOINTLIST2D(((0.,0.),(0.,2.),(1.3665246963500977,2.),(1.3665246963500977,0.),(1.3165246956050396,0.),(1.3165246956050396,1.9499999992549419),(0.05000000074505806,1.9499999992549419),(0.05000000074505806,0.)));
#3301=IFCINDEXEDPOLYCURVE(#3300,(IFCLINEINDEX((1,2,3,4,5,6,7,8,1))),$);
#3302=IFCARBITRARYCLOSEDPROFILEDEF(.AREA.,$,#3301);
#3303=IFCCARTESIANPOINT((0.,0.,0.));
#3304=IFCDIRECTION((0.,-1.,0.));
#3305=IFCDIRECTION((1.,0.,0.));
#3306=IFCAXIS2PLACEMENT3D(#3303,#3304,#3305);
#3307=IFCDIRECTION((0.,0.,-1.));
#3308=IFCEXTRUDEDAREASOLID(#3302,#3306,#3307,0.05000000074505806);
#3309=IFCCARTESIANPOINTLIST2D(((0.,0.),(1.2665246948599815,0.),(1.2665246948599815,0.10000000149011612),(0.,0.10000000149011612)));
#3310=IFCINDEXEDPOLYCURVE(#3309,(IFCLINEINDEX((1,2,3,4,1))),$);
#3311=IFCARBITRARYCLOSEDPROFILEDEF(.AREA.,$,#3310);
#3312=IFCCARTESIANPOINT((0.05000000074505806,0.,0.));
#3313=IFCDIRECTION((0.,0.,1.));
#3314=IFCDIRECTION((1.,0.,0.));
#3315=IFCAXIS2PLACEMENT3D(#3312,#3313,#3314);
#3316=IFCDIRECTION((0.,0.,1.));
#3317=IFCEXTRUDEDAREASOLID(#3311,#3315,#3316,0.02500000037252903);
#3318=IFCCARTESIANPOINTLIST2D(((0.,0.),(1.2665246948599815,0.),(1.2665246948599815,0.035000000149011612),(0.,0.035000000149011612)));
#3319=IFCINDEXEDPOLYCURVE(#3318,(IFCLINEINDEX((1,2,3,4,1))),$);
#3320=IFCARBITRARYCLOSEDPROFILEDEF(.AREA.,$,#3319);
#3321=IFCCARTESIANPOINT((0.05000000074505806,-0.035000000149011612,0.02500000037252903));
#3322=IFCDIRECTION((0.,0.,1.));
#3323=IFCDIRECTION((1.,0.,0.));
#3324=IFCAXIS2PLACEMENT3D(#3321,#3322,#3323);
#3325=IFCDIRECTION((0.,0.,1.));
#3326=IFCEXTRUDEDAREASOLID(#3320,#3324,#3325,1.9249999988824129);
#3327=IFCCARTESIANPOINTLIST2D(((0.,0.),(0.,-0.040000000000000001),(0.12,-0.040000000000000001),(0.12,-0.02),(0.02,-0.02),(0.02,0.)));
#3328=IFCINDEXEDPOLYCURVE(#3327,(IFCLINEINDEX((1,2,3,4,5,6,1))),$);
#3329=IFCARBITRARYCLOSEDPROFILEDEF(.AREA.,$,#3328);
#3330=IFCCARTESIANPOINT((0.10000000074505806,-0.035000000149011612,1.015000000372529));
#3331=IFCDIRECTION((0.,0.,1.));
#3332=IFCDIRECTION((1.,0.,0.));
#3333=IFCAXIS2PLACEMENT3D(#3330,#3331,#3332);
#3334=IFCDIRECTION((0.,0.,1.));
#3335=IFCEXTRUDEDAREASOLID(#3329,#3333,#3334,0.02);
#3336=IFCEXTRUDEDAREASOLID(#3337,#3340,#3344,0.02);
#3337=IFCARBITRARYCLOSEDPROFILEDEF(.AREA.,$,#3338);
#3338=IFCINDEXEDPOLYCURVE(#3339,(IFCLINEINDEX((1,2,3,4,5,6,1))),$);
#3339=IFCCARTESIANPOINTLIST2D(((0.,0.),(0.,0.040000000000000008),(0.11999999999999998,0.040000000000000008),(0.11999999999999998,0.020000000000000004),(0.020000000000000004,0.020000000000000004),(0.020000000000000004,0.)));
#3340=IFCAXIS2PLACEMENT3D(#3341,#3342,#3343);
#3341=IFCCARTESIANPOINT((0.10000000074505806,0.,1.015000000372529));
#3342=IFCDIRECTION((0.,0.,1.));
#3343=IFCDIRECTION((1.,0.,0.));
#3344=IFCDIRECTION((0.,0.,1.));
#3345=IFCSHAPEREPRESENTATION(#11,'Body','SweptSolid',(#3308,#3326,#3335,#3336,#3317));
#3346=IFCCARTESIANPOINTLIST2D(((0.,0.),(0.05000000074505806,0.),(0.05000000074505806,0.05000000074505806),(0.,0.05000000074505806)));
#3347=IFCINDEXEDPOLYCURVE(#3346,(IFCLINEINDEX((1,2,3,4,1))),$);
#3348=IFCINDEXEDPOLYCURVE(#3349,(IFCLINEINDEX((1,2,3,4,1))),$);
#3349=IFCCARTESIANPOINTLIST2D(((1.3665246963500977,0.),(1.3165246956050396,0.),(1.3165246956050396,0.05000000074505806),(1.3665246963500977,0.05000000074505806)));
#3350=IFCCARTESIANPOINTLIST2D(((1.9497870430350304,-0.035000000149011612),(0.68326234817504883,-0.035000000149011612),(0.68326234817504883,0.),(1.9497870430350304,0.)));
#3351=IFCINDEXEDPOLYCURVE(#3350,(IFCLINEINDEX((1,2,3,4,1))),$);
#3352=IFCSHAPEREPRESENTATION(#24,'Body','Curve2D',(#3347,#3348,#3351));
#3353=IFCCARTESIANPOINTLIST2D(((0.49328364394605156,-0.081587428267465345),(0.87324105240404604,-0.081587428267465345)));
#3354=IFCINDEXEDPOLYCURVE(#3353,$,$);
#3355=IFCCARTESIANPOINTLIST2D(((0.52328364394605154,-0.050529142855162856),(0.49328364394605156,-0.081587428267465345),(0.52328364394605154,-0.11264571367976783)));
#3356=IFCINDEXEDPOLYCURVE(#3355,$,$);
#3357=IFCSHAPEREPRESENTATION(#25,'Annotation','Curve2D',(#3354,#3356));
#3358=IFCCARTESIANPOINTLIST2D(((0.,0.),(1.3665246963500977,0.),(1.3665246963500977,2.),(0.,2.)));
#3359=IFCINDEXEDPOLYCURVE(#3358,(IFCLINEINDEX((1,2,3,4,1))),$);
#3360=IFCARBITRARYCLOSEDPROFILEDEF(.AREA.,$,#3359);
#3361=IFCCARTESIANPOINT((0.,-0.60000002384185791,0.));
#3362=IFCDIRECTION((0.,-1.,0.));
#3363=IFCDIRECTION((1.,0.,0.));
#3364=IFCAXIS2PLACEMENT3D(#3361,#3362,#3363);
#3365=IFCDIRECTION((0.,0.,-1.));
#3366=IFCEXTRUDEDAREASOLID(#3360,#3364,#3365,1.2);
#3367=IFCSHAPEREPRESENTATION(#11,'Body','SweptSolid',(#3366));
#3373=IFCCARTESIANPOINT((0.032104238070888136,0.025000584706376117,0.));
#3374=IFCDIRECTION((0.,0.,1.));
#3375=IFCDIRECTION((0.99999999999988631,-4.7683715820291007E-07,0.));
#3376=IFCAXIS2PLACEMENT3D(#3373,#3374,#3375);
#3377=IFCLOCALPLACEMENT(#1071,#3376);
#3378=IFCCARTESIANPOINT((0.,0.,0.));
#3379=IFCDIRECTION((0.,0.,1.));
#3380=IFCDIRECTION((1.,3.1763735522036263E-22,0.));
#3381=IFCAXIS2PLACEMENT3D(#3378,#3379,#3380);
#3382=IFCLOCALPLACEMENT(#3377,#3381);
#3383=IFCWINDOWTYPE('3bAPOY6YDDRPieqxC43YL_',$,'Living-GF',$,$,(#3384),(#3393,#3441,#3463),$,$,.WINDOW.,.SINGLE_PANEL.,$,$);
#3384=IFCPROPERTYSET('1joLhp_OLEVOcrb1DX6fz7',$,'BBIM_Window',$,(#3385));
#3385=IFCPROPERTYSINGLEVALUE('Data',$,IFCTEXT('{"window_type": "SINGLE_PANEL", "overall_height": 0.8999999761581421, "overall_width": 0.8179734945297241, "lining_properties": {"lining_depth": 0.05000000074505806, "lining_thickness": 0.05000000074505806, "lining_offset": 0.05000000074505806, "lining_to_panel_offset_x": 0.02500000037252903, "lining_to_panel_offset_y": 0.02500000037252903}, "panel_properties": {"frame_depth": [0.03500000014901161, 0.03500000014901161, 0.03500000014901161], "frame_thickness": [0.03500000014901161, 0.03500000014901161, 0.03500000014901161]}}'),$);
#3389=IFCCARTESIANPOINT((0.,0.,0.));
#3390=IFCDIRECTION((1.,0.,0.));
#3391=IFCDIRECTION((0.,0.,1.));
#3392=IFCAXIS2PLACEMENT3D(#3389,#3391,#3390);
#3393=IFCREPRESENTATIONMAP(#3392,#4867);
#3437=IFCCARTESIANPOINT((0.,0.,0.));
#3438=IFCDIRECTION((1.,0.,0.));
#3439=IFCDIRECTION((0.,0.,1.));
#3440=IFCAXIS2PLACEMENT3D(#3437,#3439,#3438);
#3441=IFCREPRESENTATIONMAP(#3440,#4910);
#3459=IFCCARTESIANPOINT((0.,0.,0.));
#3460=IFCDIRECTION((1.,0.,0.));
#3461=IFCDIRECTION((0.,0.,1.));
#3462=IFCAXIS2PLACEMENT3D(#3459,#3461,#3460);
#3463=IFCREPRESENTATIONMAP(#3462,#4927);
#3464=IFCWINDOW('0AO4wn1W9DChparMXs6Slh',$,'Window',$,$,#4952,#3474,$,0.89999997615814209,0.81797349452972412,$,.SINGLE_PANEL.,$);
#3466=IFCRELDEFINESBYTYPE('3RxRyOoVDCQQyk1HMChKiB',$,$,$,(#3464),#3383);
#3467=IFCCARTESIANPOINT((0.,0.,0.));
#3468=IFCDIRECTION((1.,0.,0.));
#3469=IFCDIRECTION((0.,1.,0.));
#3470=IFCDIRECTION((0.,0.,1.));
#3471=IFCCARTESIANTRANSFORMATIONOPERATOR3D(#3468,#3469,#3467,1.,#3470);
#3472=IFCMAPPEDITEM(#3393,#3471);
#3473=IFCSHAPEREPRESENTATION(#18,'Profile','MappedRepresentation',(#3472));
#3474=IFCPRODUCTDEFINITIONSHAPE($,$,(#3473,#3481,#3488));
#3475=IFCCARTESIANPOINT((0.,0.,0.));
#3476=IFCDIRECTION((1.,0.,0.));
#3477=IFCDIRECTION((0.,1.,0.));
#3478=IFCDIRECTION((0.,0.,1.));
#3479=IFCCARTESIANTRANSFORMATIONOPERATOR3D(#3476,#3477,#3475,1.,#3478);
#3480=IFCMAPPEDITEM(#3441,#3479);
#3481=IFCSHAPEREPRESENTATION(#11,'Body','MappedRepresentation',(#3480));
#3482=IFCCARTESIANPOINT((0.,0.,0.));
#3483=IFCDIRECTION((1.,0.,0.));
#3484=IFCDIRECTION((0.,1.,0.));
#3485=IFCDIRECTION((0.,0.,1.));
#3486=IFCCARTESIANTRANSFORMATIONOPERATOR3D(#3483,#3484,#3482,1.,#3485);
#3487=IFCMAPPEDITEM(#3463,#3486);
#3488=IFCSHAPEREPRESENTATION(#24,'Body','MappedRepresentation',(#3487));
#3489=IFCOPENINGELEMENT('1NVZDgRHv46ugksUySFUMv',$,'Opening',$,$,#4947,#3517,$,.OPENING.);
#3505=IFCCARTESIANPOINT((0.,0.,0.));
#3506=IFCDIRECTION((1.,0.,0.));
#3507=IFCDIRECTION((0.,0.,1.));
#3508=IFCAXIS2PLACEMENT3D(#3505,#3507,#3506);
#3509=IFCREPRESENTATIONMAP(#3508,#4937);
#3510=IFCCARTESIANPOINT((0.,0.,0.));
#3511=IFCDIRECTION((1.,0.,0.));
#3512=IFCDIRECTION((0.,1.,0.));
#3513=IFCDIRECTION((0.,0.,1.));
#3514=IFCCARTESIANTRANSFORMATIONOPERATOR3D(#3511,#3512,#3510,1.,#3513);
#3515=IFCMAPPEDITEM(#3509,#3514);
#3516=IFCSHAPEREPRESENTATION(#11,'Body','MappedRepresentation',(#3515));
#3517=IFCPRODUCTDEFINITIONSHAPE($,$,(#3516));
#3518=IFCRELVOIDSELEMENT('3fzTrcO6j7TPBMBV4qoD2d',$,$,$,#203,#3489);
#3524=IFCRELFILLSELEMENT('1tjMTCT4rEbB4kOe$daGXk',$,$,$,#3489,#3464);
#3563=IFCCARTESIANPOINTLIST2D(((0.30000001192092896,0.),(0.,0.),(0.,0.89999997615814209),(0.30000001192092896,0.89999997615814209),(0.30000001192092896,0.87499997578561306),(0.02500000037252903,0.87499997578561306),(0.02500000037252903,0.02500000037252903),(0.30000001192092896,0.02500000037252903)));
#3564=IFCINDEXEDPOLYCURVE(#3563,(IFCLINEINDEX((1,2,3,4,5,6,7,8,1))),$);
#3565=IFCARBITRARYCLOSEDPROFILEDEF(.AREA.,$,#3564);
#3566=IFCCARTESIANPOINT((0.,0.090000001713633537,0.));
#3567=IFCDIRECTION((0.,-1.,0.));
#3568=IFCDIRECTION((1.,0.,0.));
#3569=IFCAXIS2PLACEMENT3D(#3566,#3567,#3568);
#3570=IFCDIRECTION((0.,0.,-1.));
#3571=IFCEXTRUDEDAREASOLID(#3565,#3569,#3570,0.0099999997764825821);
#3572=IFCCARTESIANPOINTLIST2D(((0.,0.),(0.30000001192092896,0.),(0.30000001192092896,0.89999997615814209),(0.,0.89999997615814209)));
#3573=IFCINDEXEDPOLYCURVE(#3572,(IFCLINEINDEX((1,2,3,4,1))),$);
#3574=IFCCARTESIANPOINTLIST2D(((0.05000000074505806,0.05000000074505806),(0.27500001154839993,0.05000000074505806),(0.27500001154839993,0.84999997541308403),(0.05000000074505806,0.84999997541308403)));
#3575=IFCINDEXEDPOLYCURVE(#3574,(IFCLINEINDEX((1,2,3,4,1))),$);
#3576=IFCARBITRARYPROFILEDEFWITHVOIDS(.AREA.,$,#3573,(#3575));
#3577=IFCCARTESIANPOINT((0.,0.05000000074505806,0.));
#3578=IFCDIRECTION((0.,-1.,0.));
#3579=IFCDIRECTION((1.,0.,0.));
#3580=IFCAXIS2PLACEMENT3D(#3577,#3578,#3579);
#3581=IFCDIRECTION((0.,0.,-1.));
#3582=IFCEXTRUDEDAREASOLID(#3576,#3580,#3581,0.040000000968575478);
#3583=IFCCARTESIANPOINTLIST2D(((0.,0.),(0.27500001154839993,0.),(0.27500001154839993,0.84999997541308403),(0.,0.84999997541308403)));
#3584=IFCINDEXEDPOLYCURVE(#3583,(IFCLINEINDEX((1,2,3,4,1))),$);
#3585=IFCCARTESIANPOINTLIST2D(((0.035000000149011612,0.035000000149011612),(0.24000001139938831,0.035000000149011612),(0.24000001139938831,0.81499997526407242),(0.035000000149011612,0.81499997526407242)));
#3586=IFCINDEXEDPOLYCURVE(#3585,(IFCLINEINDEX((1,2,3,4,1))),$);
#3587=IFCARBITRARYPROFILEDEFWITHVOIDS(.AREA.,$,#3584,(#3586));
#3588=IFCCARTESIANPOINT((0.02500000037252903,0.090000001713633537,0.02500000037252903));
#3589=IFCDIRECTION((0.,-1.,0.));
#3590=IFCDIRECTION((1.,0.,0.));
#3591=IFCAXIS2PLACEMENT3D(#3588,#3589,#3590);
#3592=IFCDIRECTION((0.,0.,-1.));
#3593=IFCEXTRUDEDAREASOLID(#3587,#3591,#3592,0.035000000149011612);
#3594=IFCINDEXEDPOLYCURVE(#3595,(IFCLINEINDEX((1,2,3,4,1))),$);
#3595=IFCCARTESIANPOINTLIST2D(((0.035000000149011612,0.035000000149011612),(0.24000001139938831,0.035000000149011612),(0.24000001139938831,0.81499997526407242),(0.035000000149011612,0.81499997526407242)));
#3596=IFCARBITRARYCLOSEDPROFILEDEF(.AREA.,$,#3594);
#3597=IFCCARTESIANPOINT((0.02500000037252903,0.10250000178813934,0.02500000037252903));
#3598=IFCDIRECTION((0.,-1.,0.));
#3599=IFCDIRECTION((1.,0.,0.));
#3600=IFCAXIS2PLACEMENT3D(#3597,#3598,#3599);
#3601=IFCDIRECTION((0.,0.,-1.));
#3602=IFCEXTRUDEDAREASOLID(#3596,#3600,#3601,0.01);
#3603=IFCCARTESIANPOINTLIST2D(((0.,0.89999997615814209),(0.51797348260879517,0.89999997615814209),(0.51797348260879517,0.),(0.,0.),(0.,0.02500000037252903),(0.49297348223626614,0.02500000037252903),(0.49297348223626614,0.87499997578561306),(0.,0.87499997578561306)));
#3604=IFCINDEXEDPOLYCURVE(#3603,(IFCLINEINDEX((1,2,3,4,5,6,7,8,1))),$);
#3605=IFCARBITRARYCLOSEDPROFILEDEF(.AREA.,$,#3604);
#3606=IFCCARTESIANPOINT((0.30000001192092896,0.090000001713633537,0.));
#3607=IFCDIRECTION((0.,-1.,0.));
#3608=IFCDIRECTION((1.,0.,0.));
#3609=IFCAXIS2PLACEMENT3D(#3606,#3607,#3608);
#3610=IFCDIRECTION((0.,0.,-1.));
#3611=IFCEXTRUDEDAREASOLID(#3605,#3609,#3610,0.0099999997764825821);
#3612=IFCCARTESIANPOINTLIST2D(((0.,0.),(0.51797348260879517,0.),(0.51797348260879517,0.89999997615814209),(0.,0.89999997615814209)));
#3613=IFCINDEXEDPOLYCURVE(#3612,(IFCLINEINDEX((1,2,3,4,1))),$);
#3614=IFCCARTESIANPOINTLIST2D(((0.02500000037252903,0.05000000074505806),(0.46797348186373711,0.05000000074505806),(0.46797348186373711,0.84999997541308403),(0.02500000037252903,0.84999997541308403)));
#3615=IFCINDEXEDPOLYCURVE(#3614,(IFCLINEINDEX((1,2,3,4,1))),$);
#3616=IFCARBITRARYPROFILEDEFWITHVOIDS(.AREA.,$,#3613,(#3615));
#3617=IFCCARTESIANPOINT((0.30000001192092896,0.05000000074505806,0.));
#3618=IFCDIRECTION((0.,-1.,0.));
#3619=IFCDIRECTION((1.,0.,0.));
#3620=IFCAXIS2PLACEMENT3D(#3617,#3618,#3619);
#3621=IFCDIRECTION((0.,0.,-1.));
#3622=IFCEXTRUDEDAREASOLID(#3616,#3620,#3621,0.040000000968575478);
#3623=IFCCARTESIANPOINTLIST2D(((0.,0.),(0.49297348223626614,0.),(0.49297348223626614,0.84999997541308403),(0.,0.84999997541308403)));
#3624=IFCINDEXEDPOLYCURVE(#3623,(IFCLINEINDEX((1,2,3,4,1))),$);
#3625=IFCCARTESIANPOINTLIST2D(((0.035000000149011612,0.035000000149011612),(0.45797348208725452,0.035000000149011612),(0.45797348208725452,0.81499997526407242),(0.035000000149011612,0.81499997526407242)));
#3626=IFCINDEXEDPOLYCURVE(#3625,(IFCLINEINDEX((1,2,3,4,1))),$);
#3627=IFCARBITRARYPROFILEDEFWITHVOIDS(.AREA.,$,#3624,(#3626));
#3628=IFCCARTESIANPOINT((0.30000001192092896,0.090000001713633537,0.02500000037252903));
#3629=IFCDIRECTION((0.,-1.,0.));
#3630=IFCDIRECTION((1.,0.,0.));
#3631=IFCAXIS2PLACEMENT3D(#3628,#3629,#3630);
#3632=IFCDIRECTION((0.,0.,-1.));
#3633=IFCEXTRUDEDAREASOLID(#3627,#3631,#3632,0.035000000149011612);
#3634=IFCINDEXEDPOLYCURVE(#3635,(IFCLINEINDEX((1,2,3,4,1))),$);
#3635=IFCCARTESIANPOINTLIST2D(((0.035000000149011612,0.035000000149011612),(0.45797348208725452,0.035000000149011612),(0.45797348208725452,0.81499997526407242),(0.035000000149011612,0.81499997526407242)));
#3636=IFCARBITRARYCLOSEDPROFILEDEF(.AREA.,$,#3634);
#3637=IFCCARTESIANPOINT((0.30000001192092896,0.10250000178813934,0.02500000037252903));
#3638=IFCDIRECTION((0.,-1.,0.));
#3639=IFCDIRECTION((1.,0.,0.));
#3640=IFCAXIS2PLACEMENT3D(#3637,#3638,#3639);
#3641=IFCDIRECTION((0.,0.,-1.));
#3642=IFCEXTRUDEDAREASOLID(#3636,#3640,#3641,0.01);
#3644=IFCSHAPEREPRESENTATION(#11,'Body','SweptSolid',(#4573,#4734,#4613,#4602,#3571,#3611,#4774,#4785,#4878,#4889,#4562,#3582,#4745,#3622));
#3645=IFCSHAPEASPECT((#3644),'Lining',$,.T.,#3474);
#3646=IFCSHAPEREPRESENTATION(#11,'Body','SweptSolid',(#3633,#4796,#4900,#4584,#3593,#4756,#4624));
#3647=IFCSHAPEASPECT((#3646),'Framing',$,.T.,#3474);
#3648=IFCSHAPEREPRESENTATION(#11,'Body','SweptSolid',(#4593,#3602,#4765,#4633,#3642,#4805,#4909));
#3649=IFCSHAPEASPECT((#3648),'Glazing',$,.T.,#3474);
#3728=IFCWINDOWTYPE('19qpuhdw93yvkGSpzEXHBG',$,'Guest-1-GF',$,$,(#3729),(#3731,#3739,#3825),$,$,.WINDOW.,.SINGLE_PANEL.,$,$);
#3729=IFCPROPERTYSET('2mw5Ok9mT93Bjhs3U6Bx2G',$,'BBIM_Window',$,(#3730));
#3730=IFCPROPERTYSINGLEVALUE('Data',$,IFCTEXT('{"window_type": "DOUBLE_PANEL_VERTICAL", "overall_height": 0.8999999761581421, "overall_width": 1.0841559171676636, "lining_properties": {"lining_depth": 0.05000000074505806, "lining_thickness": 0.05000000074505806, "lining_offset": 0.05000000074505806, "lining_to_panel_offset_x": 0.02500000037252903, "lining_to_panel_offset_y": 0.02500000037252903, "mullion_thickness": 0.05000000074505806, "first_mullion_offset": 0.49673396348953247}, "panel_properties": {"frame_depth": [0.03500000014901161, 0.03500000014901161, 0.03500000014901161], "frame_thickness": [0.03500000014901161, 0.03500000014901161, 0.03500000014901161]}}'),$);
#3731=IFCREPRESENTATIONMAP(#3732,#4411);
#3732=IFCAXIS2PLACEMENT3D(#3733,#3734,#3735);
#3733=IFCCARTESIANPOINT((0.,0.,0.));
#3734=IFCDIRECTION((0.,0.,1.));
#3735=IFCDIRECTION((1.,0.,0.));
#3739=IFCREPRESENTATIONMAP(#3740,#4492);
#3740=IFCAXIS2PLACEMENT3D(#3741,#3742,#3743);
#3741=IFCCARTESIANPOINT((0.,0.,0.));
#3742=IFCDIRECTION((0.,0.,1.));
#3743=IFCDIRECTION((1.,0.,0.));
#3825=IFCREPRESENTATIONMAP(#3826,#4525);
#3826=IFCAXIS2PLACEMENT3D(#3827,#3828,#3829);
#3827=IFCCARTESIANPOINT((0.,0.,0.));
#3828=IFCDIRECTION((0.,0.,1.));
#3829=IFCDIRECTION((1.,0.,0.));
#3863=IFCWINDOW('2RSYKSGFP0fvlY972xduW_',$,'Window',$,$,#4972,#3873,$,0.89999997615814209,1.0841559171676636,$,.DOUBLE_PANEL_VERTICAL.,$);
#3865=IFCRELDEFINESBYTYPE('1HHNo9U0L2B88Lw2l5UjT6',$,$,$,(#3863),#3728);
#3866=IFCCARTESIANPOINT((0.,0.,0.));
#3867=IFCDIRECTION((1.,0.,0.));
#3868=IFCDIRECTION((0.,1.,0.));
#3869=IFCDIRECTION((0.,0.,1.));
#3870=IFCCARTESIANTRANSFORMATIONOPERATOR3D(#3867,#3868,#3866,1.,#3869);
#3871=IFCMAPPEDITEM(#3731,#3870);
#3872=IFCSHAPEREPRESENTATION(#18,'Profile','MappedRepresentation',(#3871));
#3873=IFCPRODUCTDEFINITIONSHAPE($,$,(#3872,#3880,#3887));
#3874=IFCCARTESIANPOINT((0.,0.,0.));
#3875=IFCDIRECTION((1.,0.,0.));
#3876=IFCDIRECTION((0.,1.,0.));
#3877=IFCDIRECTION((0.,0.,1.));
#3878=IFCCARTESIANTRANSFORMATIONOPERATOR3D(#3875,#3876,#3874,1.,#3877);
#3879=IFCMAPPEDITEM(#3739,#3878);
#3880=IFCSHAPEREPRESENTATION(#11,'Body','MappedRepresentation',(#3879));
#3881=IFCCARTESIANPOINT((0.,0.,0.));
#3882=IFCDIRECTION((1.,0.,0.));
#3883=IFCDIRECTION((0.,1.,0.));
#3884=IFCDIRECTION((0.,0.,1.));
#3885=IFCCARTESIANTRANSFORMATIONOPERATOR3D(#3882,#3883,#3881,1.,#3884);
#3886=IFCMAPPEDITEM(#3825,#3885);
#3887=IFCSHAPEREPRESENTATION(#24,'Body','MappedRepresentation',(#3886));
#3888=IFCOPENINGELEMENT('3hJmfr_Yb2gQB2dW0tznVv',$,'Opening',$,$,#4962,#3916,$,.OPENING.);
#3904=IFCCARTESIANPOINT((0.,0.,0.));
#3905=IFCDIRECTION((1.,0.,0.));
#3906=IFCDIRECTION((0.,0.,1.));
#3907=IFCAXIS2PLACEMENT3D(#3904,#3906,#3905);
#3908=IFCREPRESENTATIONMAP(#3907,#4535);
#3909=IFCCARTESIANPOINT((0.,0.,0.));
#3910=IFCDIRECTION((1.,0.,0.));
#3911=IFCDIRECTION((0.,1.,0.));
#3912=IFCDIRECTION((0.,0.,1.));
#3913=IFCCARTESIANTRANSFORMATIONOPERATOR3D(#3910,#3911,#3909,1.,#3912);
#3914=IFCMAPPEDITEM(#3908,#3913);
#3915=IFCSHAPEREPRESENTATION(#11,'Body','MappedRepresentation',(#3914));
#3916=IFCPRODUCTDEFINITIONSHAPE($,$,(#3915));
#3917=IFCRELVOIDSELEMENT('2hG5qFKUX5JRoDFPtQ87md',$,$,$,#87,#3888);
#3923=IFCRELFILLSELEMENT('2YNSvkll9DGQT8YxMDffNv',$,$,$,#3888,#3863);
#3932=IFCCARTESIANPOINTLIST2D(((0.30000001192092896,0.),(0.,0.),(0.,0.89999997615814209),(0.30000001192092896,0.89999997615814209),(0.30000001192092896,0.87499997578561306),(0.02500000037252903,0.87499997578561306),(0.02500000037252903,0.02500000037252903),(0.30000001192092896,0.02500000037252903)));
#3933=IFCINDEXEDPOLYCURVE(#3932,(IFCLINEINDEX((1,2,3,4,5,6,7,8,1))),$);
#3934=IFCARBITRARYCLOSEDPROFILEDEF(.AREA.,$,#3933);
#3935=IFCCARTESIANPOINT((0.,0.090000001713633537,0.));
#3936=IFCDIRECTION((0.,-1.,0.));
#3937=IFCDIRECTION((1.,0.,0.));
#3938=IFCAXIS2PLACEMENT3D(#3935,#3936,#3937);
#3939=IFCDIRECTION((0.,0.,-1.));
#3940=IFCEXTRUDEDAREASOLID(#3934,#3938,#3939,0.0099999997764825821);
#3941=IFCCARTESIANPOINTLIST2D(((0.,0.),(0.30000001192092896,0.),(0.30000001192092896,0.89999997615814209),(0.,0.89999997615814209)));
#3942=IFCINDEXEDPOLYCURVE(#3941,(IFCLINEINDEX((1,2,3,4,1))),$);
#3943=IFCCARTESIANPOINTLIST2D(((0.05000000074505806,0.05000000074505806),(0.27500001154839993,0.05000000074505806),(0.27500001154839993,0.84999997541308403),(0.05000000074505806,0.84999997541308403)));
#3944=IFCINDEXEDPOLYCURVE(#3943,(IFCLINEINDEX((1,2,3,4,1))),$);
#3945=IFCARBITRARYPROFILEDEFWITHVOIDS(.AREA.,$,#3942,(#3944));
#3946=IFCCARTESIANPOINT((0.,0.05000000074505806,0.));
#3947=IFCDIRECTION((0.,-1.,0.));
#3948=IFCDIRECTION((1.,0.,0.));
#3949=IFCAXIS2PLACEMENT3D(#3946,#3947,#3948);
#3950=IFCDIRECTION((0.,0.,-1.));
#3951=IFCEXTRUDEDAREASOLID(#3945,#3949,#3950,0.040000000968575478);
#3952=IFCCARTESIANPOINTLIST2D(((0.,0.),(0.27500001154839993,0.),(0.27500001154839993,0.84999997541308403),(0.,0.84999997541308403)));
#3953=IFCINDEXEDPOLYCURVE(#3952,(IFCLINEINDEX((1,2,3,4,1))),$);
#3954=IFCCARTESIANPOINTLIST2D(((0.035000000149011612,0.035000000149011612),(0.24000001139938831,0.035000000149011612),(0.24000001139938831,0.81499997526407242),(0.035000000149011612,0.81499997526407242)));
#3955=IFCINDEXEDPOLYCURVE(#3954,(IFCLINEINDEX((1,2,3,4,1))),$);
#3956=IFCARBITRARYPROFILEDEFWITHVOIDS(.AREA.,$,#3953,(#3955));
#3957=IFCCARTESIANPOINT((0.02500000037252903,0.090000001713633537,0.02500000037252903));
#3958=IFCDIRECTION((0.,-1.,0.));
#3959=IFCDIRECTION((1.,0.,0.));
#3960=IFCAXIS2PLACEMENT3D(#3957,#3958,#3959);
#3961=IFCDIRECTION((0.,0.,-1.));
#3962=IFCEXTRUDEDAREASOLID(#3956,#3960,#3961,0.035000000149011612);
#3963=IFCINDEXEDPOLYCURVE(#3964,(IFCLINEINDEX((1,2,3,4,1))),$);
#3964=IFCCARTESIANPOINTLIST2D(((0.035000000149011612,0.035000000149011612),(0.24000001139938831,0.035000000149011612),(0.24000001139938831,0.81499997526407242),(0.035000000149011612,0.81499997526407242)));
#3965=IFCARBITRARYCLOSEDPROFILEDEF(.AREA.,$,#3963);
#3966=IFCCARTESIANPOINT((0.02500000037252903,0.10250000178813934,0.02500000037252903));
#3967=IFCDIRECTION((0.,-1.,0.));
#3968=IFCDIRECTION((1.,0.,0.));
#3969=IFCAXIS2PLACEMENT3D(#3966,#3967,#3968);
#3970=IFCDIRECTION((0.,0.,-1.));
#3971=IFCEXTRUDEDAREASOLID(#3965,#3969,#3970,0.01);
#3972=IFCCARTESIANPOINTLIST2D(((0.,0.89999997615814209),(0.78415590524673462,0.89999997615814209),(0.78415590524673462,0.),(0.,0.),(0.,0.02500000037252903),(0.75915590487420559,0.02500000037252903),(0.75915590487420559,0.87499997578561306),(0.,0.87499997578561306)));
#3973=IFCINDEXEDPOLYCURVE(#3972,(IFCLINEINDEX((1,2,3,4,5,6,7,8,1))),$);
#3974=IFCARBITRARYCLOSEDPROFILEDEF(.AREA.,$,#3973);
#3975=IFCCARTESIANPOINT((0.30000001192092896,0.090000001713633537,0.));
#3976=IFCDIRECTION((0.,-1.,0.));
#3977=IFCDIRECTION((1.,0.,0.));
#3978=IFCAXIS2PLACEMENT3D(#3975,#3976,#3977);
#3979=IFCDIRECTION((0.,0.,-1.));
#3980=IFCEXTRUDEDAREASOLID(#3974,#3978,#3979,0.0099999997764825821);
#3981=IFCCARTESIANPOINTLIST2D(((0.,0.),(0.78415590524673462,0.),(0.78415590524673462,0.89999997615814209),(0.,0.89999997615814209)));
#3982=IFCINDEXEDPOLYCURVE(#3981,(IFCLINEINDEX((1,2,3,4,1))),$);
#3983=IFCCARTESIANPOINTLIST2D(((0.02500000037252903,0.05000000074505806),(0.73415590450167656,0.05000000074505806),(0.73415590450167656,0.84999997541308403),(0.02500000037252903,0.84999997541308403)));
#3984=IFCINDEXEDPOLYCURVE(#3983,(IFCLINEINDEX((1,2,3,4,1))),$);
#3985=IFCARBITRARYPROFILEDEFWITHVOIDS(.AREA.,$,#3982,(#3984));
#3986=IFCCARTESIANPOINT((0.30000001192092896,0.05000000074505806,0.));
#3987=IFCDIRECTION((0.,-1.,0.));
#3988=IFCDIRECTION((1.,0.,0.));
#3989=IFCAXIS2PLACEMENT3D(#3986,#3987,#3988);
#3990=IFCDIRECTION((0.,0.,-1.));
#3991=IFCEXTRUDEDAREASOLID(#3985,#3989,#3990,0.040000000968575478);
#3992=IFCCARTESIANPOINTLIST2D(((0.,0.),(0.75915590487420559,0.),(0.75915590487420559,0.84999997541308403),(0.,0.84999997541308403)));
#3993=IFCINDEXEDPOLYCURVE(#3992,(IFCLINEINDEX((1,2,3,4,1))),$);
#3994=IFCCARTESIANPOINTLIST2D(((0.035000000149011612,0.035000000149011612),(0.72415590472519398,0.035000000149011612),(0.72415590472519398,0.81499997526407242),(0.035000000149011612,0.81499997526407242)));
#3995=IFCINDEXEDPOLYCURVE(#3994,(IFCLINEINDEX((1,2,3,4,1))),$);
#3996=IFCARBITRARYPROFILEDEFWITHVOIDS(.AREA.,$,#3993,(#3995));
#3997=IFCCARTESIANPOINT((0.30000001192092896,0.090000001713633537,0.02500000037252903));
#3998=IFCDIRECTION((0.,-1.,0.));
#3999=IFCDIRECTION((1.,0.,0.));
#4000=IFCAXIS2PLACEMENT3D(#3997,#3998,#3999);
#4001=IFCDIRECTION((0.,0.,-1.));
#4002=IFCEXTRUDEDAREASOLID(#3996,#4000,#4001,0.035000000149011612);
#4003=IFCINDEXEDPOLYCURVE(#4004,(IFCLINEINDEX((1,2,3,4,1))),$);
#4004=IFCCARTESIANPOINTLIST2D(((0.035000000149011612,0.035000000149011612),(0.72415590472519398,0.035000000149011612),(0.72415590472519398,0.81499997526407242),(0.035000000149011612,0.81499997526407242)));
#4005=IFCARBITRARYCLOSEDPROFILEDEF(.AREA.,$,#4003);
#4006=IFCCARTESIANPOINT((0.30000001192092896,0.10250000178813934,0.02500000037252903));
#4007=IFCDIRECTION((0.,-1.,0.));
#4008=IFCDIRECTION((1.,0.,0.));
#4009=IFCAXIS2PLACEMENT3D(#4006,#4007,#4008);
#4010=IFCDIRECTION((0.,0.,-1.));
#4011=IFCEXTRUDEDAREASOLID(#4005,#4009,#4010,0.01);
#4013=IFCSHAPEREPRESENTATION(#11,'Body','SweptSolid',(#4289,#4471,#4460,#4431,#3951,#4318,#4329,#3991,#3980,#4420,#4278,#3940));
#4014=IFCSHAPEASPECT((#4013),'Lining',$,.T.,#3873);
#4015=IFCSHAPEREPRESENTATION(#11,'Body','SweptSolid',(#3962,#4340,#4482,#4002,#4442,#4300));
#4016=IFCSHAPEASPECT((#4015),'Framing',$,.T.,#3873);
#4017=IFCSHAPEREPRESENTATION(#11,'Body','SweptSolid',(#4011,#4451,#4309,#3971,#4349,#4491));
#4018=IFCSHAPEASPECT((#4017),'Glazing',$,.T.,#3873);
#4270=IFCCARTESIANPOINTLIST2D(((0.30000001192092896,0.),(0.,0.),(0.,0.89999997615814209),(0.30000001192092896,0.89999997615814209),(0.30000001192092896,0.87499997578561306),(0.02500000037252903,0.87499997578561306),(0.02500000037252903,0.02500000037252903),(0.30000001192092896,0.02500000037252903)));
#4271=IFCINDEXEDPOLYCURVE(#4270,(IFCLINEINDEX((1,2,3,4,5,6,7,8,1))),$);
#4272=IFCARBITRARYCLOSEDPROFILEDEF(.AREA.,$,#4271);
#4273=IFCCARTESIANPOINT((0.,0.090000001713633537,0.));
#4274=IFCDIRECTION((0.,-1.,0.));
#4275=IFCDIRECTION((1.,0.,0.));
#4276=IFCAXIS2PLACEMENT3D(#4273,#4274,#4275);
#4277=IFCDIRECTION((0.,0.,-1.));
#4278=IFCEXTRUDEDAREASOLID(#4272,#4276,#4277,0.0099999997764825821);
#4279=IFCCARTESIANPOINTLIST2D(((0.,0.),(0.30000001192092896,0.),(0.30000001192092896,0.89999997615814209),(0.,0.89999997615814209)));
#4280=IFCINDEXEDPOLYCURVE(#4279,(IFCLINEINDEX((1,2,3,4,1))),$);
#4281=IFCCARTESIANPOINTLIST2D(((0.05000000074505806,0.05000000074505806),(0.27500001154839993,0.05000000074505806),(0.27500001154839993,0.84999997541308403),(0.05000000074505806,0.84999997541308403)));
#4282=IFCINDEXEDPOLYCURVE(#4281,(IFCLINEINDEX((1,2,3,4,1))),$);
#4283=IFCARBITRARYPROFILEDEFWITHVOIDS(.AREA.,$,#4280,(#4282));
#4284=IFCCARTESIANPOINT((0.,0.05000000074505806,0.));
#4285=IFCDIRECTION((0.,-1.,0.));
#4286=IFCDIRECTION((1.,0.,0.));
#4287=IFCAXIS2PLACEMENT3D(#4284,#4285,#4286);
#4288=IFCDIRECTION((0.,0.,-1.));
#4289=IFCEXTRUDEDAREASOLID(#4283,#4287,#4288,0.040000000968575478);
#4290=IFCCARTESIANPOINTLIST2D(((0.,0.),(0.27500001154839993,0.),(0.27500001154839993,0.84999997541308403),(0.,0.84999997541308403)));
#4291=IFCINDEXEDPOLYCURVE(#4290,(IFCLINEINDEX((1,2,3,4,1))),$);
#4292=IFCCARTESIANPOINTLIST2D(((0.035000000149011612,0.035000000149011612),(0.24000001139938831,0.035000000149011612),(0.24000001139938831,0.81499997526407242),(0.035000000149011612,0.81499997526407242)));
#4293=IFCINDEXEDPOLYCURVE(#4292,(IFCLINEINDEX((1,2,3,4,1))),$);
#4294=IFCARBITRARYPROFILEDEFWITHVOIDS(.AREA.,$,#4291,(#4293));
#4295=IFCCARTESIANPOINT((0.02500000037252903,0.090000001713633537,0.02500000037252903));
#4296=IFCDIRECTION((0.,-1.,0.));
#4297=IFCDIRECTION((1.,0.,0.));
#4298=IFCAXIS2PLACEMENT3D(#4295,#4296,#4297);
#4299=IFCDIRECTION((0.,0.,-1.));
#4300=IFCEXTRUDEDAREASOLID(#4294,#4298,#4299,0.035000000149011612);
#4301=IFCINDEXEDPOLYCURVE(#4302,(IFCLINEINDEX((1,2,3,4,1))),$);
#4302=IFCCARTESIANPOINTLIST2D(((0.035000000149011612,0.035000000149011612),(0.24000001139938831,0.035000000149011612),(0.24000001139938831,0.81499997526407242),(0.035000000149011612,0.81499997526407242)));
#4303=IFCARBITRARYCLOSEDPROFILEDEF(.AREA.,$,#4301);
#4304=IFCCARTESIANPOINT((0.02500000037252903,0.10250000178813934,0.02500000037252903));
#4305=IFCDIRECTION((0.,-1.,0.));
#4306=IFCDIRECTION((1.,0.,0.));
#4307=IFCAXIS2PLACEMENT3D(#4304,#4305,#4306);
#4308=IFCDIRECTION((0.,0.,-1.));
#4309=IFCEXTRUDEDAREASOLID(#4303,#4307,#4308,0.01);
#4310=IFCCARTESIANPOINTLIST2D(((0.,0.89999997615814209),(0.78415590524673462,0.89999997615814209),(0.78415590524673462,0.),(0.,0.),(0.,0.02500000037252903),(0.75915590487420559,0.02500000037252903),(0.75915590487420559,0.87499997578561306),(0.,0.87499997578561306)));
#4311=IFCINDEXEDPOLYCURVE(#4310,(IFCLINEINDEX((1,2,3,4,5,6,7,8,1))),$);
#4312=IFCARBITRARYCLOSEDPROFILEDEF(.AREA.,$,#4311);
#4313=IFCCARTESIANPOINT((0.30000001192092896,0.090000001713633537,0.));
#4314=IFCDIRECTION((0.,-1.,0.));
#4315=IFCDIRECTION((1.,0.,0.));
#4316=IFCAXIS2PLACEMENT3D(#4313,#4314,#4315);
#4317=IFCDIRECTION((0.,0.,-1.));
#4318=IFCEXTRUDEDAREASOLID(#4312,#4316,#4317,0.0099999997764825821);
#4319=IFCCARTESIANPOINTLIST2D(((0.,0.),(0.78415590524673462,0.),(0.78415590524673462,0.89999997615814209),(0.,0.89999997615814209)));
#4320=IFCINDEXEDPOLYCURVE(#4319,(IFCLINEINDEX((1,2,3,4,1))),$);
#4321=IFCCARTESIANPOINTLIST2D(((0.02500000037252903,0.05000000074505806),(0.73415590450167656,0.05000000074505806),(0.73415590450167656,0.84999997541308403),(0.02500000037252903,0.84999997541308403)));
#4322=IFCINDEXEDPOLYCURVE(#4321,(IFCLINEINDEX((1,2,3,4,1))),$);
#4323=IFCARBITRARYPROFILEDEFWITHVOIDS(.AREA.,$,#4320,(#4322));
#4324=IFCCARTESIANPOINT((0.30000001192092896,0.05000000074505806,0.));
#4325=IFCDIRECTION((0.,-1.,0.));
#4326=IFCDIRECTION((1.,0.,0.));
#4327=IFCAXIS2PLACEMENT3D(#4324,#4325,#4326);
#4328=IFCDIRECTION((0.,0.,-1.));
#4329=IFCEXTRUDEDAREASOLID(#4323,#4327,#4328,0.040000000968575478);
#4330=IFCCARTESIANPOINTLIST2D(((0.,0.),(0.75915590487420559,0.),(0.75915590487420559,0.84999997541308403),(0.,0.84999997541308403)));
#4331=IFCINDEXEDPOLYCURVE(#4330,(IFCLINEINDEX((1,2,3,4,1))),$);
#4332=IFCCARTESIANPOINTLIST2D(((0.035000000149011612,0.035000000149011612),(0.72415590472519398,0.035000000149011612),(0.72415590472519398,0.81499997526407242),(0.035000000149011612,0.81499997526407242)));
#4333=IFCINDEXEDPOLYCURVE(#4332,(IFCLINEINDEX((1,2,3,4,1))),$);
#4334=IFCARBITRARYPROFILEDEFWITHVOIDS(.AREA.,$,#4331,(#4333));
#4335=IFCCARTESIANPOINT((0.30000001192092896,0.090000001713633537,0.02500000037252903));
#4336=IFCDIRECTION((0.,-1.,0.));
#4337=IFCDIRECTION((1.,0.,0.));
#4338=IFCAXIS2PLACEMENT3D(#4335,#4336,#4337);
#4339=IFCDIRECTION((0.,0.,-1.));
#4340=IFCEXTRUDEDAREASOLID(#4334,#4338,#4339,0.035000000149011612);
#4341=IFCINDEXEDPOLYCURVE(#4342,(IFCLINEINDEX((1,2,3,4,1))),$);
#4342=IFCCARTESIANPOINTLIST2D(((0.035000000149011612,0.035000000149011612),(0.72415590472519398,0.035000000149011612),(0.72415590472519398,0.81499997526407242),(0.035000000149011612,0.81499997526407242)));
#4343=IFCARBITRARYCLOSEDPROFILEDEF(.AREA.,$,#4341);
#4344=IFCCARTESIANPOINT((0.30000001192092896,0.10250000178813934,0.02500000037252903));
#4345=IFCDIRECTION((0.,-1.,0.));
#4346=IFCDIRECTION((1.,0.,0.));
#4347=IFCAXIS2PLACEMENT3D(#4344,#4345,#4346);
#4348=IFCDIRECTION((0.,0.,-1.));
#4349=IFCEXTRUDEDAREASOLID(#4343,#4347,#4348,0.01);
#4409=IFCCARTESIANPOINTLIST3D(((0.,0.,0.),(1.0841559171676636,0.,0.),(1.0841559171676636,0.,0.89999997615814209),(0.,0.,0.89999997615814209)));
#4410=IFCINDEXEDPOLYCURVE(#4409,(IFCLINEINDEX((1,2,3,4,1))),$);
#4411=IFCSHAPEREPRESENTATION(#18,'Profile','Curve3D',(#4410));
#4412=IFCCARTESIANPOINTLIST2D(((0.49673396348953247,0.),(0.,0.),(0.,0.89999997615814209),(0.49673396348953247,0.89999997615814209),(0.49673396348953247,0.87499997578561306),(0.02500000037252903,0.87499997578561306),(0.02500000037252903,0.02500000037252903),(0.49673396348953247,0.02500000037252903)));
#4413=IFCINDEXEDPOLYCURVE(#4412,(IFCLINEINDEX((1,2,3,4,5,6,7,8,1))),$);
#4414=IFCARBITRARYCLOSEDPROFILEDEF(.AREA.,$,#4413);
#4415=IFCCARTESIANPOINT((0.,0.090000001713633537,0.));
#4416=IFCDIRECTION((0.,-1.,0.));
#4417=IFCDIRECTION((1.,0.,0.));
#4418=IFCAXIS2PLACEMENT3D(#4415,#4416,#4417);
#4419=IFCDIRECTION((0.,0.,-1.));
#4420=IFCEXTRUDEDAREASOLID(#4414,#4418,#4419,0.0099999997764825821);
#4421=IFCCARTESIANPOINTLIST2D(((0.,0.),(0.49673396348953247,0.),(0.49673396348953247,0.89999997615814209),(0.,0.89999997615814209)));
#4422=IFCINDEXEDPOLYCURVE(#4421,(IFCLINEINDEX((1,2,3,4,1))),$);
#4423=IFCCARTESIANPOINTLIST2D(((0.05000000074505806,0.05000000074505806),(0.47173396311700344,0.05000000074505806),(0.47173396311700344,0.84999997541308403),(0.05000000074505806,0.84999997541308403)));
#4424=IFCINDEXEDPOLYCURVE(#4423,(IFCLINEINDEX((1,2,3,4,1))),$);
#4425=IFCARBITRARYPROFILEDEFWITHVOIDS(.AREA.,$,#4422,(#4424));
#4426=IFCCARTESIANPOINT((0.,0.05000000074505806,0.));
#4427=IFCDIRECTION((0.,-1.,0.));
#4428=IFCDIRECTION((1.,0.,0.));
#4429=IFCAXIS2PLACEMENT3D(#4426,#4427,#4428);
#4430=IFCDIRECTION((0.,0.,-1.));
#4431=IFCEXTRUDEDAREASOLID(#4425,#4429,#4430,0.040000000968575478);
#4432=IFCCARTESIANPOINTLIST2D(((0.,0.),(0.47173396311700344,0.),(0.47173396311700344,0.84999997541308403),(0.,0.84999997541308403)));
#4433=IFCINDEXEDPOLYCURVE(#4432,(IFCLINEINDEX((1,2,3,4,1))),$);
#4434=IFCCARTESIANPOINTLIST2D(((0.035000000149011612,0.035000000149011612),(0.43673396296799183,0.035000000149011612),(0.43673396296799183,0.81499997526407242),(0.035000000149011612,0.81499997526407242)));
#4435=IFCINDEXEDPOLYCURVE(#4434,(IFCLINEINDEX((1,2,3,4,1))),$);
#4436=IFCARBITRARYPROFILEDEFWITHVOIDS(.AREA.,$,#4433,(#4435));
#4437=IFCCARTESIANPOINT((0.02500000037252903,0.090000001713633537,0.02500000037252903));
#4438=IFCDIRECTION((0.,-1.,0.));
#4439=IFCDIRECTION((1.,0.,0.));
#4440=IFCAXIS2PLACEMENT3D(#4437,#4438,#4439);
#4441=IFCDIRECTION((0.,0.,-1.));
#4442=IFCEXTRUDEDAREASOLID(#4436,#4440,#4441,0.035000000149011612);
#4443=IFCINDEXEDPOLYCURVE(#4444,(IFCLINEINDEX((1,2,3,4,1))),$);
#4444=IFCCARTESIANPOINTLIST2D(((0.035000000149011612,0.035000000149011612),(0.43673396296799183,0.035000000149011612),(0.43673396296799183,0.81499997526407242),(0.035000000149011612,0.81499997526407242)));
#4445=IFCARBITRARYCLOSEDPROFILEDEF(.AREA.,$,#4443);
#4446=IFCCARTESIANPOINT((0.02500000037252903,0.10250000178813934,0.02500000037252903));
#4447=IFCDIRECTION((0.,-1.,0.));
#4448=IFCDIRECTION((1.,0.,0.));
#4449=IFCAXIS2PLACEMENT3D(#4446,#4447,#4448);
#4450=IFCDIRECTION((0.,0.,-1.));
#4451=IFCEXTRUDEDAREASOLID(#4445,#4449,#4450,0.01);
#4452=IFCCARTESIANPOINTLIST2D(((0.,0.89999997615814209),(0.5874219536781311,0.89999997615814209),(0.5874219536781311,0.),(0.,0.),(0.,0.02500000037252903),(0.56242195330560207,0.02500000037252903),(0.56242195330560207,0.87499997578561306),(0.,0.87499997578561306)));
#4453=IFCINDEXEDPOLYCURVE(#4452,(IFCLINEINDEX((1,2,3,4,5,6,7,8,1))),$);
#4454=IFCARBITRARYCLOSEDPROFILEDEF(.AREA.,$,#4453);
#4455=IFCCARTESIANPOINT((0.49673396348953247,0.090000001713633537,0.));
#4456=IFCDIRECTION((0.,-1.,0.));
#4457=IFCDIRECTION((1.,0.,0.));
#4458=IFCAXIS2PLACEMENT3D(#4455,#4456,#4457);
#4459=IFCDIRECTION((0.,0.,-1.));
#4460=IFCEXTRUDEDAREASOLID(#4454,#4458,#4459,0.0099999997764825821);
#4461=IFCCARTESIANPOINTLIST2D(((0.,0.),(0.5874219536781311,0.),(0.5874219536781311,0.89999997615814209),(0.,0.89999997615814209)));
#4462=IFCINDEXEDPOLYCURVE(#4461,(IFCLINEINDEX((1,2,3,4,1))),$);
#4463=IFCCARTESIANPOINTLIST2D(((0.02500000037252903,0.05000000074505806),(0.53742195293307304,0.05000000074505806),(0.53742195293307304,0.84999997541308403),(0.02500000037252903,0.84999997541308403)));
#4464=IFCINDEXEDPOLYCURVE(#4463,(IFCLINEINDEX((1,2,3,4,1))),$);
#4465=IFCARBITRARYPROFILEDEFWITHVOIDS(.AREA.,$,#4462,(#4464));
#4466=IFCCARTESIANPOINT((0.49673396348953247,0.05000000074505806,0.));
#4467=IFCDIRECTION((0.,-1.,0.));
#4468=IFCDIRECTION((1.,0.,0.));
#4469=IFCAXIS2PLACEMENT3D(#4466,#4467,#4468);
#4470=IFCDIRECTION((0.,0.,-1.));
#4471=IFCEXTRUDEDAREASOLID(#4465,#4469,#4470,0.040000000968575478);
#4472=IFCCARTESIANPOINTLIST2D(((0.,0.),(0.56242195330560207,0.),(0.56242195330560207,0.84999997541308403),(0.,0.84999997541308403)));
#4473=IFCINDEXEDPOLYCURVE(#4472,(IFCLINEINDEX((1,2,3,4,1))),$);
#4474=IFCCARTESIANPOINTLIST2D(((0.035000000149011612,0.035000000149011612),(0.52742195315659046,0.035000000149011612),(0.52742195315659046,0.81499997526407242),(0.035000000149011612,0.81499997526407242)));
#4475=IFCINDEXEDPOLYCURVE(#4474,(IFCLINEINDEX((1,2,3,4,1))),$);
#4476=IFCARBITRARYPROFILEDEFWITHVOIDS(.AREA.,$,#4473,(#4475));
#4477=IFCCARTESIANPOINT((0.49673396348953247,0.090000001713633537,0.02500000037252903));
#4478=IFCDIRECTION((0.,-1.,0.));
#4479=IFCDIRECTION((1.,0.,0.));
#4480=IFCAXIS2PLACEMENT3D(#4477,#4478,#4479);
#4481=IFCDIRECTION((0.,0.,-1.));
#4482=IFCEXTRUDEDAREASOLID(#4476,#4480,#4481,0.035000000149011612);
#4483=IFCINDEXEDPOLYCURVE(#4484,(IFCLINEINDEX((1,2,3,4,1))),$);
#4484=IFCCARTESIANPOINTLIST2D(((0.035000000149011612,0.035000000149011612),(0.52742195315659046,0.035000000149011612),(0.52742195315659046,0.81499997526407242),(0.035000000149011612,0.81499997526407242)));
#4485=IFCARBITRARYCLOSEDPROFILEDEF(.AREA.,$,#4483);
#4486=IFCCARTESIANPOINT((0.49673396348953247,0.10250000178813934,0.02500000037252903));
#4487=IFCDIRECTION((0.,-1.,0.));
#4488=IFCDIRECTION((1.,0.,0.));
#4489=IFCAXIS2PLACEMENT3D(#4486,#4487,#4488);
#4490=IFCDIRECTION((0.,0.,-1.));
#4491=IFCEXTRUDEDAREASOLID(#4485,#4489,#4490,0.01);
#4492=IFCSHAPEREPRESENTATION(#11,'Body','SweptSolid',(#4420,#4431,#4442,#4451,#4460,#4471,#4482,#4491));
#4493=IFCCARTESIANPOINTLIST2D(((0.05000000074505806,0.05000000074505806),(0.47173396311700344,0.05000000074505806)));
#4494=IFCINDEXEDPOLYCURVE(#4493,$,$);
#4495=IFCCARTESIANPOINTLIST2D(((0.,0.10000000149011612),(0.02500000037252903,0.10000000149011612),(0.02500000037252903,0.090000001713633537),(0.05000000074505806,0.090000001713633537),(0.05000000074505806,0.05000000074505806),(0.,0.05000000074505806)));
#4496=IFCINDEXEDPOLYCURVE(#4495,(IFCLINEINDEX((1,2,3,4,5,6,1))),$);
#4497=IFCCARTESIANPOINTLIST2D(((0.49673396348953247,0.10000000149011612),(0.49673396348953247,0.10000000149011612),(0.49673396348953247,0.090000001713633537),(0.47173396311700344,0.090000001713633537),(0.47173396311700344,0.05000000074505806),(0.49673396348953247,0.05000000074505806)));
#4498=IFCINDEXEDPOLYCURVE(#4497,$,$);
#4499=IFCCARTESIANPOINTLIST2D(((0.02500000037252903,0.090000001713633537),(0.060000000521540642,0.090000001713633537),(0.060000000521540642,0.12500000186264515),(0.02500000037252903,0.12500000186264515)));
#4500=IFCINDEXEDPOLYCURVE(#4499,(IFCLINEINDEX((1,2,3,4,1))),$);
#4501=IFCINDEXEDPOLYCURVE(#4502,(IFCLINEINDEX((1,2,3,4,1))),$);
#4502=IFCCARTESIANPOINTLIST2D(((0.49673396348953247,0.090000001713633537),(0.46173396334052086,0.090000001713633537),(0.46173396334052086,0.12500000186264515),(0.49673396348953247,0.12500000186264515)));
#4503=IFCCARTESIANPOINTLIST2D(((0.060000000521540642,0.090000001713633537),(0.46173396334052086,0.090000001713633537)));
#4504=IFCINDEXEDPOLYCURVE(#4503,$,$);
#4505=IFCINDEXEDPOLYCURVE(#4506,$,$);
#4506=IFCCARTESIANPOINTLIST2D(((0.060000000521540642,0.12500000186264515),(0.46173396334052086,0.12500000186264515)));
#4507=IFCINDEXEDPOLYCURVE(#4508,$,$);
#4508=IFCCARTESIANPOINTLIST2D(((0.060000000521540642,0.10750000178813934),(0.46173396334052086,0.10750000178813934)));
#4509=IFCCARTESIANPOINTLIST2D(((0.5217339638620615,0.05000000074505806),(1.0341559164226055,0.05000000074505806)));
#4510=IFCINDEXEDPOLYCURVE(#4509,$,$);
#4511=IFCCARTESIANPOINTLIST2D(((0.49673396348953247,0.10000000149011612),(0.49673396348953247,0.10000000149011612),(0.49673396348953247,0.090000001713633537),(0.5217339638620615,0.090000001713633537),(0.5217339638620615,0.05000000074505806),(0.49673396348953247,0.05000000074505806)));
#4512=IFCINDEXEDPOLYCURVE(#4511,$,$);
#4513=IFCCARTESIANPOINTLIST2D(((1.0841559171676636,0.10000000149011612),(1.0591559167951345,0.10000000149011612),(1.0591559167951345,0.090000001713633537),(1.0341559164226055,0.090000001713633537),(1.0341559164226055,0.05000000074505806),(1.0841559171676636,0.05000000074505806)));
#4514=IFCINDEXEDPOLYCURVE(#4513,(IFCLINEINDEX((1,2,3,4,5,6,1))),$);
#4515=IFCCARTESIANPOINTLIST2D(((0.49673396348953247,0.090000001713633537),(0.53173396363854408,0.090000001713633537),(0.53173396363854408,0.12500000186264515),(0.49673396348953247,0.12500000186264515)));
#4516=IFCINDEXEDPOLYCURVE(#4515,(IFCLINEINDEX((1,2,3,4,1))),$);
#4517=IFCINDEXEDPOLYCURVE(#4518,(IFCLINEINDEX((1,2,3,4,1))),$);
#4518=IFCCARTESIANPOINTLIST2D(((1.0591559167951345,0.090000001713633537),(1.0241559166461229,0.090000001713633537),(1.0241559166461229,0.12500000186264515),(1.0591559167951345,0.12500000186264515)));
#4519=IFCCARTESIANPOINTLIST2D(((0.53173396363854408,0.090000001713633537),(1.0241559166461229,0.090000001713633537)));
#4520=IFCINDEXEDPOLYCURVE(#4519,$,$);
#4521=IFCINDEXEDPOLYCURVE(#4522,$,$);
#4522=IFCCARTESIANPOINTLIST2D(((0.53173396363854408,0.12500000186264515),(1.0241559166461229,0.12500000186264515)));
#4523=IFCINDEXEDPOLYCURVE(#4524,$,$);
#4524=IFCCARTESIANPOINTLIST2D(((0.53173396363854408,0.10750000178813934),(1.0241559166461229,0.10750000178813934)));
#4525=IFCSHAPEREPRESENTATION(#24,'Body','Curve2D',(#4494,#4496,#4498,#4500,#4501,#4504,#4505,#4507,#4510,#4512,#4514,#4516,#4517,#4520,#4521,#4523));
#4526=IFCCARTESIANPOINTLIST2D(((0.,0.),(1.0841559171676636,0.),(1.0841559171676636,0.89999997615814209),(0.,0.89999997615814209)));
#4527=IFCINDEXEDPOLYCURVE(#4526,(IFCLINEINDEX((1,2,3,4,1))),$);
#4528=IFCARBITRARYCLOSEDPROFILEDEF(.AREA.,$,#4527);
#4529=IFCCARTESIANPOINT((0.,-0.60000002384185791,0.));
#4530=IFCDIRECTION((0.,-1.,0.));
#4531=IFCDIRECTION((1.,0.,0.));
#4532=IFCAXIS2PLACEMENT3D(#4529,#4530,#4531);
#4533=IFCDIRECTION((0.,0.,-1.));
#4534=IFCEXTRUDEDAREASOLID(#4528,#4532,#4533,1.2);
#4535=IFCSHAPEREPRESENTATION(#11,'Body','SweptSolid',(#4534));
#4554=IFCCARTESIANPOINTLIST2D(((0.38108164072036743,0.),(0.,0.),(0.,0.89999997615814209),(0.38108164072036743,0.89999997615814209),(0.38108164072036743,0.87499997578561306),(0.02500000037252903,0.87499997578561306),(0.02500000037252903,0.02500000037252903),(0.38108164072036743,0.02500000037252903)));
#4555=IFCINDEXEDPOLYCURVE(#4554,(IFCLINEINDEX((1,2,3,4,5,6,7,8,1))),$);
#4556=IFCARBITRARYCLOSEDPROFILEDEF(.AREA.,$,#4555);
#4557=IFCCARTESIANPOINT((0.,0.090000001713633537,0.));
#4558=IFCDIRECTION((0.,-1.,0.));
#4559=IFCDIRECTION((1.,0.,0.));
#4560=IFCAXIS2PLACEMENT3D(#4557,#4558,#4559);
#4561=IFCDIRECTION((0.,0.,-1.));
#4562=IFCEXTRUDEDAREASOLID(#4556,#4560,#4561,0.0099999997764825821);
#4563=IFCCARTESIANPOINTLIST2D(((0.,0.),(0.38108164072036743,0.),(0.38108164072036743,0.89999997615814209),(0.,0.89999997615814209)));
#4564=IFCINDEXEDPOLYCURVE(#4563,(IFCLINEINDEX((1,2,3,4,1))),$);
#4565=IFCCARTESIANPOINTLIST2D(((0.05000000074505806,0.05000000074505806),(0.3560816403478384,0.05000000074505806),(0.3560816403478384,0.84999997541308403),(0.05000000074505806,0.84999997541308403)));
#4566=IFCINDEXEDPOLYCURVE(#4565,(IFCLINEINDEX((1,2,3,4,1))),$);
#4567=IFCARBITRARYPROFILEDEFWITHVOIDS(.AREA.,$,#4564,(#4566));
#4568=IFCCARTESIANPOINT((0.,0.05000000074505806,0.));
#4569=IFCDIRECTION((0.,-1.,0.));
#4570=IFCDIRECTION((1.,0.,0.));
#4571=IFCAXIS2PLACEMENT3D(#4568,#4569,#4570);
#4572=IFCDIRECTION((0.,0.,-1.));
#4573=IFCEXTRUDEDAREASOLID(#4567,#4571,#4572,0.040000000968575478);
#4574=IFCCARTESIANPOINTLIST2D(((0.,0.),(0.3560816403478384,0.),(0.3560816403478384,0.84999997541308403),(0.,0.84999997541308403)));
#4575=IFCINDEXEDPOLYCURVE(#4574,(IFCLINEINDEX((1,2,3,4,1))),$);
#4576=IFCCARTESIANPOINTLIST2D(((0.035000000149011612,0.035000000149011612),(0.32108164019882679,0.035000000149011612),(0.32108164019882679,0.81499997526407242),(0.035000000149011612,0.81499997526407242)));
#4577=IFCINDEXEDPOLYCURVE(#4576,(IFCLINEINDEX((1,2,3,4,1))),$);
#4578=IFCARBITRARYPROFILEDEFWITHVOIDS(.AREA.,$,#4575,(#4577));
#4579=IFCCARTESIANPOINT((0.02500000037252903,0.090000001713633537,0.02500000037252903));
#4580=IFCDIRECTION((0.,-1.,0.));
#4581=IFCDIRECTION((1.,0.,0.));
#4582=IFCAXIS2PLACEMENT3D(#4579,#4580,#4581);
#4583=IFCDIRECTION((0.,0.,-1.));
#4584=IFCEXTRUDEDAREASOLID(#4578,#4582,#4583,0.035000000149011612);
#4585=IFCINDEXEDPOLYCURVE(#4586,(IFCLINEINDEX((1,2,3,4,1))),$);
#4586=IFCCARTESIANPOINTLIST2D(((0.035000000149011612,0.035000000149011612),(0.32108164019882679,0.035000000149011612),(0.32108164019882679,0.81499997526407242),(0.035000000149011612,0.81499997526407242)));
#4587=IFCARBITRARYCLOSEDPROFILEDEF(.AREA.,$,#4585);
#4588=IFCCARTESIANPOINT((0.02500000037252903,0.10250000178813934,0.02500000037252903));
#4589=IFCDIRECTION((0.,-1.,0.));
#4590=IFCDIRECTION((1.,0.,0.));
#4591=IFCAXIS2PLACEMENT3D(#4588,#4589,#4590);
#4592=IFCDIRECTION((0.,0.,-1.));
#4593=IFCEXTRUDEDAREASOLID(#4587,#4591,#4592,0.01);
#4594=IFCCARTESIANPOINTLIST2D(((0.,0.89999997615814209),(0.43689185380935669,0.89999997615814209),(0.43689185380935669,0.),(0.,0.),(0.,0.02500000037252903),(0.41189185343682766,0.02500000037252903),(0.41189185343682766,0.87499997578561306),(0.,0.87499997578561306)));
#4595=IFCINDEXEDPOLYCURVE(#4594,(IFCLINEINDEX((1,2,3,4,5,6,7,8,1))),$);
#4596=IFCARBITRARYCLOSEDPROFILEDEF(.AREA.,$,#4595);
#4597=IFCCARTESIANPOINT((0.38108164072036743,0.090000001713633537,0.));
#4598=IFCDIRECTION((0.,-1.,0.));
#4599=IFCDIRECTION((1.,0.,0.));
#4600=IFCAXIS2PLACEMENT3D(#4597,#4598,#4599);
#4601=IFCDIRECTION((0.,0.,-1.));
#4602=IFCEXTRUDEDAREASOLID(#4596,#4600,#4601,0.0099999997764825821);
#4603=IFCCARTESIANPOINTLIST2D(((0.,0.),(0.43689185380935669,0.),(0.43689185380935669,0.89999997615814209),(0.,0.89999997615814209)));
#4604=IFCINDEXEDPOLYCURVE(#4603,(IFCLINEINDEX((1,2,3,4,1))),$);
#4605=IFCCARTESIANPOINTLIST2D(((0.02500000037252903,0.05000000074505806),(0.38689185306429863,0.05000000074505806),(0.38689185306429863,0.84999997541308403),(0.02500000037252903,0.84999997541308403)));
#4606=IFCINDEXEDPOLYCURVE(#4605,(IFCLINEINDEX((1,2,3,4,1))),$);
#4607=IFCARBITRARYPROFILEDEFWITHVOIDS(.AREA.,$,#4604,(#4606));
#4608=IFCCARTESIANPOINT((0.38108164072036743,0.05000000074505806,0.));
#4609=IFCDIRECTION((0.,-1.,0.));
#4610=IFCDIRECTION((1.,0.,0.));
#4611=IFCAXIS2PLACEMENT3D(#4608,#4609,#4610);
#4612=IFCDIRECTION((0.,0.,-1.));
#4613=IFCEXTRUDEDAREASOLID(#4607,#4611,#4612,0.040000000968575478);
#4614=IFCCARTESIANPOINTLIST2D(((0.,0.),(0.41189185343682766,0.),(0.41189185343682766,0.84999997541308403),(0.,0.84999997541308403)));
#4615=IFCINDEXEDPOLYCURVE(#4614,(IFCLINEINDEX((1,2,3,4,1))),$);
#4616=IFCCARTESIANPOINTLIST2D(((0.035000000149011612,0.035000000149011612),(0.37689185328781605,0.035000000149011612),(0.37689185328781605,0.81499997526407242),(0.035000000149011612,0.81499997526407242)));
#4617=IFCINDEXEDPOLYCURVE(#4616,(IFCLINEINDEX((1,2,3,4,1))),$);
#4618=IFCARBITRARYPROFILEDEFWITHVOIDS(.AREA.,$,#4615,(#4617));
#4619=IFCCARTESIANPOINT((0.38108164072036743,0.090000001713633537,0.02500000037252903));
#4620=IFCDIRECTION((0.,-1.,0.));
#4621=IFCDIRECTION((1.,0.,0.));
#4622=IFCAXIS2PLACEMENT3D(#4619,#4620,#4621);
#4623=IFCDIRECTION((0.,0.,-1.));
#4624=IFCEXTRUDEDAREASOLID(#4618,#4622,#4623,0.035000000149011612);
#4625=IFCINDEXEDPOLYCURVE(#4626,(IFCLINEINDEX((1,2,3,4,1))),$);
#4626=IFCCARTESIANPOINTLIST2D(((0.035000000149011612,0.035000000149011612),(0.37689185328781605,0.035000000149011612),(0.37689185328781605,0.81499997526407242),(0.035000000149011612,0.81499997526407242)));
#4627=IFCARBITRARYCLOSEDPROFILEDEF(.AREA.,$,#4625);
#4628=IFCCARTESIANPOINT((0.38108164072036743,0.10250000178813934,0.02500000037252903));
#4629=IFCDIRECTION((0.,-1.,0.));
#4630=IFCDIRECTION((1.,0.,0.));
#4631=IFCAXIS2PLACEMENT3D(#4628,#4629,#4630);
#4632=IFCDIRECTION((0.,0.,-1.));
#4633=IFCEXTRUDEDAREASOLID(#4627,#4631,#4632,0.01);
#4726=IFCCARTESIANPOINTLIST2D(((0.38108164072036743,0.),(0.,0.),(0.,0.89999997615814209),(0.38108164072036743,0.89999997615814209),(0.38108164072036743,0.87499997578561306),(0.02500000037252903,0.87499997578561306),(0.02500000037252903,0.02500000037252903),(0.38108164072036743,0.02500000037252903)));
#4727=IFCINDEXEDPOLYCURVE(#4726,(IFCLINEINDEX((1,2,3,4,5,6,7,8,1))),$);
#4728=IFCARBITRARYCLOSEDPROFILEDEF(.AREA.,$,#4727);
#4729=IFCCARTESIANPOINT((0.,0.090000001713633537,0.));
#4730=IFCDIRECTION((0.,-1.,0.));
#4731=IFCDIRECTION((1.,0.,0.));
#4732=IFCAXIS2PLACEMENT3D(#4729,#4730,#4731);
#4733=IFCDIRECTION((0.,0.,-1.));
#4734=IFCEXTRUDEDAREASOLID(#4728,#4732,#4733,0.0099999997764825821);
#4735=IFCCARTESIANPOINTLIST2D(((0.,0.),(0.38108164072036743,0.),(0.38108164072036743,0.89999997615814209),(0.,0.89999997615814209)));
#4736=IFCINDEXEDPOLYCURVE(#4735,(IFCLINEINDEX((1,2,3,4,1))),$);
#4737=IFCCARTESIANPOINTLIST2D(((0.05000000074505806,0.05000000074505806),(0.3560816403478384,0.05000000074505806),(0.3560816403478384,0.84999997541308403),(0.05000000074505806,0.84999997541308403)));
#4738=IFCINDEXEDPOLYCURVE(#4737,(IFCLINEINDEX((1,2,3,4,1))),$);
#4739=IFCARBITRARYPROFILEDEFWITHVOIDS(.AREA.,$,#4736,(#4738));
#4740=IFCCARTESIANPOINT((0.,0.05000000074505806,0.));
#4741=IFCDIRECTION((0.,-1.,0.));
#4742=IFCDIRECTION((1.,0.,0.));
#4743=IFCAXIS2PLACEMENT3D(#4740,#4741,#4742);
#4744=IFCDIRECTION((0.,0.,-1.));
#4745=IFCEXTRUDEDAREASOLID(#4739,#4743,#4744,0.040000000968575478);
#4746=IFCCARTESIANPOINTLIST2D(((0.,0.),(0.3560816403478384,0.),(0.3560816403478384,0.84999997541308403),(0.,0.84999997541308403)));
#4747=IFCINDEXEDPOLYCURVE(#4746,(IFCLINEINDEX((1,2,3,4,1))),$);
#4748=IFCCARTESIANPOINTLIST2D(((0.035000000149011612,0.035000000149011612),(0.32108164019882679,0.035000000149011612),(0.32108164019882679,0.81499997526407242),(0.035000000149011612,0.81499997526407242)));
#4749=IFCINDEXEDPOLYCURVE(#4748,(IFCLINEINDEX((1,2,3,4,1))),$);
#4750=IFCARBITRARYPROFILEDEFWITHVOIDS(.AREA.,$,#4747,(#4749));
#4751=IFCCARTESIANPOINT((0.02500000037252903,0.090000001713633537,0.02500000037252903));
#4752=IFCDIRECTION((0.,-1.,0.));
#4753=IFCDIRECTION((1.,0.,0.));
#4754=IFCAXIS2PLACEMENT3D(#4751,#4752,#4753);
#4755=IFCDIRECTION((0.,0.,-1.));
#4756=IFCEXTRUDEDAREASOLID(#4750,#4754,#4755,0.035000000149011612);
#4757=IFCINDEXEDPOLYCURVE(#4758,(IFCLINEINDEX((1,2,3,4,1))),$);
#4758=IFCCARTESIANPOINTLIST2D(((0.035000000149011612,0.035000000149011612),(0.32108164019882679,0.035000000149011612),(0.32108164019882679,0.81499997526407242),(0.035000000149011612,0.81499997526407242)));
#4759=IFCARBITRARYCLOSEDPROFILEDEF(.AREA.,$,#4757);
#4760=IFCCARTESIANPOINT((0.02500000037252903,0.10250000178813934,0.02500000037252903));
#4761=IFCDIRECTION((0.,-1.,0.));
#4762=IFCDIRECTION((1.,0.,0.));
#4763=IFCAXIS2PLACEMENT3D(#4760,#4761,#4762);
#4764=IFCDIRECTION((0.,0.,-1.));
#4765=IFCEXTRUDEDAREASOLID(#4759,#4763,#4764,0.01);
#4766=IFCCARTESIANPOINTLIST2D(((0.,0.89999997615814209),(0.43689185380935669,0.89999997615814209),(0.43689185380935669,0.),(0.,0.),(0.,0.02500000037252903),(0.41189185343682766,0.02500000037252903),(0.41189185343682766,0.87499997578561306),(0.,0.87499997578561306)));
#4767=IFCINDEXEDPOLYCURVE(#4766,(IFCLINEINDEX((1,2,3,4,5,6,7,8,1))),$);
#4768=IFCARBITRARYCLOSEDPROFILEDEF(.AREA.,$,#4767);
#4769=IFCCARTESIANPOINT((0.38108164072036743,0.090000001713633537,0.));
#4770=IFCDIRECTION((0.,-1.,0.));
#4771=IFCDIRECTION((1.,0.,0.));
#4772=IFCAXIS2PLACEMENT3D(#4769,#4770,#4771);
#4773=IFCDIRECTION((0.,0.,-1.));
#4774=IFCEXTRUDEDAREASOLID(#4768,#4772,#4773,0.0099999997764825821);
#4775=IFCCARTESIANPOINTLIST2D(((0.,0.),(0.43689185380935669,0.),(0.43689185380935669,0.89999997615814209),(0.,0.89999997615814209)));
#4776=IFCINDEXEDPOLYCURVE(#4775,(IFCLINEINDEX((1,2,3,4,1))),$);
#4777=IFCCARTESIANPOINTLIST2D(((0.02500000037252903,0.05000000074505806),(0.38689185306429863,0.05000000074505806),(0.38689185306429863,0.84999997541308403),(0.02500000037252903,0.84999997541308403)));
#4778=IFCINDEXEDPOLYCURVE(#4777,(IFCLINEINDEX((1,2,3,4,1))),$);
#4779=IFCARBITRARYPROFILEDEFWITHVOIDS(.AREA.,$,#4776,(#4778));
#4780=IFCCARTESIANPOINT((0.38108164072036743,0.05000000074505806,0.));
#4781=IFCDIRECTION((0.,-1.,0.));
#4782=IFCDIRECTION((1.,0.,0.));
#4783=IFCAXIS2PLACEMENT3D(#4780,#4781,#4782);
#4784=IFCDIRECTION((0.,0.,-1.));
#4785=IFCEXTRUDEDAREASOLID(#4779,#4783,#4784,0.040000000968575478);
#4786=IFCCARTESIANPOINTLIST2D(((0.,0.),(0.41189185343682766,0.),(0.41189185343682766,0.84999997541308403),(0.,0.84999997541308403)));
#4787=IFCINDEXEDPOLYCURVE(#4786,(IFCLINEINDEX((1,2,3,4,1))),$);
#4788=IFCCARTESIANPOINTLIST2D(((0.035000000149011612,0.035000000149011612),(0.37689185328781605,0.035000000149011612),(0.37689185328781605,0.81499997526407242),(0.035000000149011612,0.81499997526407242)));
#4789=IFCINDEXEDPOLYCURVE(#4788,(IFCLINEINDEX((1,2,3,4,1))),$);
#4790=IFCARBITRARYPROFILEDEFWITHVOIDS(.AREA.,$,#4787,(#4789));
#4791=IFCCARTESIANPOINT((0.38108164072036743,0.090000001713633537,0.02500000037252903));
#4792=IFCDIRECTION((0.,-1.,0.));
#4793=IFCDIRECTION((1.,0.,0.));
#4794=IFCAXIS2PLACEMENT3D(#4791,#4792,#4793);
#4795=IFCDIRECTION((0.,0.,-1.));
#4796=IFCEXTRUDEDAREASOLID(#4790,#4794,#4795,0.035000000149011612);
#4797=IFCINDEXEDPOLYCURVE(#4798,(IFCLINEINDEX((1,2,3,4,1))),$);
#4798=IFCCARTESIANPOINTLIST2D(((0.035000000149011612,0.035000000149011612),(0.37689185328781605,0.035000000149011612),(0.37689185328781605,0.81499997526407242),(0.035000000149011612,0.81499997526407242)));
#4799=IFCARBITRARYCLOSEDPROFILEDEF(.AREA.,$,#4797);
#4800=IFCCARTESIANPOINT((0.38108164072036743,0.10250000178813934,0.02500000037252903));
#4801=IFCDIRECTION((0.,-1.,0.));
#4802=IFCDIRECTION((1.,0.,0.));
#4803=IFCAXIS2PLACEMENT3D(#4800,#4801,#4802);
#4804=IFCDIRECTION((0.,0.,-1.));
#4805=IFCEXTRUDEDAREASOLID(#4799,#4803,#4804,0.01);
#4865=IFCCARTESIANPOINTLIST3D(((0.,0.,0.),(0.81797349452972412,0.,0.),(0.81797349452972412,0.,0.89999997615814209),(0.,0.,0.89999997615814209)));
#4866=IFCINDEXEDPOLYCURVE(#4865,(IFCLINEINDEX((1,2,3,4,1))),$);
#4867=IFCSHAPEREPRESENTATION(#18,'Profile','Curve3D',(#4866));
#4868=IFCCARTESIANPOINTLIST2D(((0.,0.),(0.81797349452972412,0.),(0.81797349452972412,0.89999997615814209),(0.,0.89999997615814209)));
#4869=IFCINDEXEDPOLYCURVE(#4868,(IFCLINEINDEX((1,2,3,4,1))),$);
#4870=IFCCARTESIANPOINTLIST2D(((0.02500000037252903,0.02500000037252903),(0.79297349415719509,0.02500000037252903),(0.79297349415719509,0.87499997578561306),(0.02500000037252903,0.87499997578561306)));
#4871=IFCINDEXEDPOLYCURVE(#4870,(IFCLINEINDEX((1,2,3,4,1))),$);
#4872=IFCARBITRARYPROFILEDEFWITHVOIDS(.AREA.,$,#4869,(#4871));
#4873=IFCCARTESIANPOINT((0.,0.090000001713633537,0.));
#4874=IFCDIRECTION((0.,-1.,0.));
#4875=IFCDIRECTION((1.,0.,0.));
#4876=IFCAXIS2PLACEMENT3D(#4873,#4874,#4875);
#4877=IFCDIRECTION((0.,0.,-1.));
#4878=IFCEXTRUDEDAREASOLID(#4872,#4876,#4877,0.0099999997764825821);
#4879=IFCCARTESIANPOINTLIST2D(((0.,0.),(0.81797349452972412,0.),(0.81797349452972412,0.89999997615814209),(0.,0.89999997615814209)));
#4880=IFCINDEXEDPOLYCURVE(#4879,(IFCLINEINDEX((1,2,3,4,1))),$);
#4881=IFCCARTESIANPOINTLIST2D(((0.05000000074505806,0.05000000074505806),(0.76797349378466606,0.05000000074505806),(0.76797349378466606,0.84999997541308403),(0.05000000074505806,0.84999997541308403)));
#4882=IFCINDEXEDPOLYCURVE(#4881,(IFCLINEINDEX((1,2,3,4,1))),$);
#4883=IFCARBITRARYPROFILEDEFWITHVOIDS(.AREA.,$,#4880,(#4882));
#4884=IFCCARTESIANPOINT((0.,0.05000000074505806,0.));
#4885=IFCDIRECTION((0.,-1.,0.));
#4886=IFCDIRECTION((1.,0.,0.));
#4887=IFCAXIS2PLACEMENT3D(#4884,#4885,#4886);
#4888=IFCDIRECTION((0.,0.,-1.));
#4889=IFCEXTRUDEDAREASOLID(#4883,#4887,#4888,0.040000000968575478);
#4890=IFCCARTESIANPOINTLIST2D(((0.,0.),(0.76797349378466606,0.),(0.76797349378466606,0.84999997541308403),(0.,0.84999997541308403)));
#4891=IFCINDEXEDPOLYCURVE(#4890,(IFCLINEINDEX((1,2,3,4,1))),$);
#4892=IFCCARTESIANPOINTLIST2D(((0.035000000149011612,0.035000000149011612),(0.73297349363565445,0.035000000149011612),(0.73297349363565445,0.81499997526407242),(0.035000000149011612,0.81499997526407242)));
#4893=IFCINDEXEDPOLYCURVE(#4892,(IFCLINEINDEX((1,2,3,4,1))),$);
#4894=IFCARBITRARYPROFILEDEFWITHVOIDS(.AREA.,$,#4891,(#4893));
#4895=IFCCARTESIANPOINT((0.02500000037252903,0.090000001713633537,0.02500000037252903));
#4896=IFCDIRECTION((0.,-1.,0.));
#4897=IFCDIRECTION((1.,0.,0.));
#4898=IFCAXIS2PLACEMENT3D(#4895,#4896,#4897);
#4899=IFCDIRECTION((0.,0.,-1.));
#4900=IFCEXTRUDEDAREASOLID(#4894,#4898,#4899,0.035000000149011612);
#4901=IFCINDEXEDPOLYCURVE(#4902,(IFCLINEINDEX((1,2,3,4,1))),$);
#4902=IFCCARTESIANPOINTLIST2D(((0.035000000149011612,0.035000000149011612),(0.73297349363565445,0.035000000149011612),(0.73297349363565445,0.81499997526407242),(0.035000000149011612,0.81499997526407242)));
#4903=IFCARBITRARYCLOSEDPROFILEDEF(.AREA.,$,#4901);
#4904=IFCCARTESIANPOINT((0.02500000037252903,0.10250000178813934,0.02500000037252903));
#4905=IFCDIRECTION((0.,-1.,0.));
#4906=IFCDIRECTION((1.,0.,0.));
#4907=IFCAXIS2PLACEMENT3D(#4904,#4905,#4906);
#4908=IFCDIRECTION((0.,0.,-1.));
#4909=IFCEXTRUDEDAREASOLID(#4903,#4907,#4908,0.01);
#4910=IFCSHAPEREPRESENTATION(#11,'Body','SweptSolid',(#4878,#4889,#4900,#4909));
#4911=IFCCARTESIANPOINTLIST2D(((0.05000000074505806,0.05000000074505806),(0.76797349378466606,0.05000000074505806)));
#4912=IFCINDEXEDPOLYCURVE(#4911,$,$);
#4913=IFCCARTESIANPOINTLIST2D(((0.,0.10000000149011612),(0.02500000037252903,0.10000000149011612),(0.02500000037252903,0.090000001713633537),(0.05000000074505806,0.090000001713633537),(0.05000000074505806,0.05000000074505806),(0.,0.05000000074505806)));
#4914=IFCINDEXEDPOLYCURVE(#4913,(IFCLINEINDEX((1,2,3,4,5,6,1))),$);
#4915=IFCCARTESIANPOINTLIST2D(((0.81797349452972412,0.10000000149011612),(0.79297349415719509,0.10000000149011612),(0.79297349415719509,0.090000001713633537),(0.76797349378466606,0.090000001713633537),(0.76797349378466606,0.05000000074505806),(0.81797349452972412,0.05000000074505806)));
#4916=IFCINDEXEDPOLYCURVE(#4915,(IFCLINEINDEX((1,2,3,4,5,6,1))),$);
#4917=IFCCARTESIANPOINTLIST2D(((0.02500000037252903,0.090000001713633537),(0.060000000521540642,0.090000001713633537),(0.060000000521540642,0.12500000186264515),(0.02500000037252903,0.12500000186264515)));
#4918=IFCINDEXEDPOLYCURVE(#4917,(IFCLINEINDEX((1,2,3,4,1))),$);
#4919=IFCINDEXEDPOLYCURVE(#4920,(IFCLINEINDEX((1,2,3,4,1))),$);
#4920=IFCCARTESIANPOINTLIST2D(((0.79297349415719509,0.090000001713633537),(0.75797349400818348,0.090000001713633537),(0.75797349400818348,0.12500000186264515),(0.79297349415719509,0.12500000186264515)));
#4921=IFCCARTESIANPOINTLIST2D(((0.060000000521540642,0.090000001713633537),(0.75797349400818348,0.090000001713633537)));
#4922=IFCINDEXEDPOLYCURVE(#4921,$,$);
#4923=IFCINDEXEDPOLYCURVE(#4924,$,$);
#4924=IFCCARTESIANPOINTLIST2D(((0.060000000521540642,0.12500000186264515),(0.75797349400818348,0.12500000186264515)));
#4925=IFCINDEXEDPOLYCURVE(#4926,$,$);
#4926=IFCCARTESIANPOINTLIST2D(((0.060000000521540642,0.10750000178813934),(0.75797349400818348,0.10750000178813934)));
#4927=IFCSHAPEREPRESENTATION(#24,'Body','Curve2D',(#4912,#4914,#4916,#4918,#4919,#4922,#4923,#4925));
#4928=IFCCARTESIANPOINTLIST2D(((0.,0.),(0.81797349452972412,0.),(0.81797349452972412,0.89999997615814209),(0.,0.89999997615814209)));
#4929=IFCINDEXEDPOLYCURVE(#4928,(IFCLINEINDEX((1,2,3,4,1))),$);
#4930=IFCARBITRARYCLOSEDPROFILEDEF(.AREA.,$,#4929);
#4931=IFCCARTESIANPOINT((0.,-0.60000002384185791,0.));
#4932=IFCDIRECTION((0.,-1.,0.));
#4933=IFCDIRECTION((1.,0.,0.));
#4934=IFCAXIS2PLACEMENT3D(#4931,#4932,#4933);
#4935=IFCDIRECTION((0.,0.,-1.));
#4936=IFCEXTRUDEDAREASOLID(#4930,#4934,#4935,1.2);
#4937=IFCSHAPEREPRESENTATION(#11,'Body','SweptSolid',(#4936));
#4943=IFCCARTESIANPOINT((1.7458128716583021,1.9073486328125E-06,1.));
#4944=IFCDIRECTION((0.,0.,1.));
#4945=IFCDIRECTION((0.9999999999997442,-7.1525573730450454E-07,0.));
#4946=IFCAXIS2PLACEMENT3D(#4943,#4944,#4945);
#4947=IFCLOCALPLACEMENT(#1122,#4946);
#4948=IFCCARTESIANPOINT((0.,0.,0.));
#4949=IFCDIRECTION((0.,0.,1.));
#4950=IFCDIRECTION((1.,0.,0.));
#4951=IFCAXIS2PLACEMENT3D(#4948,#4949,#4950);
#4952=IFCLOCALPLACEMENT(#4947,#4951);
#4958=IFCCARTESIANPOINT((1.8473649533587668,0.0999993732303468,1.));
#4959=IFCDIRECTION((0.,0.,1.));
#4960=IFCDIRECTION((-0.99999999999992406,3.894143816296034E-07,0.));
#4961=IFCAXIS2PLACEMENT3D(#4958,#4959,#4960);
#4962=IFCLOCALPLACEMENT(#100,#4961);
#4968=IFCCARTESIANPOINT((2.2204460492503131E-16,1.3877787807814457E-17,0.));
#4969=IFCDIRECTION((0.,0.,1.));
#4970=IFCDIRECTION((1.,1.0587911840678754E-22,0.));
#4971=IFCAXIS2PLACEMENT3D(#4968,#4969,#4970);
#4972=IFCLOCALPLACEMENT(#4962,#4971);
#4973=IFCWINDOWTYPE('18D1iutejEqAnpEZ$Nbogq',$,'Guest-2-GF',$,$,(#4974),(#4976,#4984,#5032),$,$,.WINDOW.,.SINGLE_PANEL.,$,$);
#4974=IFCPROPERTYSET('02P5_8$8H1cQcXmbpCqWsn',$,'BBIM_Window',$,(#4975));
#4975=IFCPROPERTYSINGLEVALUE('Data',$,IFCTEXT('{"window_type": "SINGLE_PANEL", "overall_height": 0.8999999761581421, "overall_width": 0.8179734945297241, "lining_properties": {"lining_depth": 0.05000000074505806, "lining_thickness": 0.05000000074505806, "lining_offset": 0.05000000074505806, "lining_to_panel_offset_x": 0.02500000037252903, "lining_to_panel_offset_y": 0.02500000037252903}, "panel_properties": {"frame_depth": [0.03500000014901161, 0.03500000014901161, 0.03500000014901161], "frame_thickness": [0.03500000014901161, 0.03500000014901161, 0.03500000014901161]}}'),$);
#4976=IFCREPRESENTATIONMAP(#4977,#5261);
#4977=IFCAXIS2PLACEMENT3D(#4978,#4979,#4980);
#4978=IFCCARTESIANPOINT((0.,0.,0.));
#4979=IFCDIRECTION((0.,0.,1.));
#4980=IFCDIRECTION((1.,0.,0.));
#4984=IFCREPRESENTATIONMAP(#4985,#5304);
#4985=IFCAXIS2PLACEMENT3D(#4986,#4987,#4988);
#4986=IFCCARTESIANPOINT((0.,0.,0.));
#4987=IFCDIRECTION((0.,0.,1.));
#4988=IFCDIRECTION((1.,0.,0.));
#5032=IFCREPRESENTATIONMAP(#5033,#5321);
#5033=IFCAXIS2PLACEMENT3D(#5034,#5035,#5036);
#5034=IFCCARTESIANPOINT((0.,0.,0.));
#5035=IFCDIRECTION((0.,0.,1.));
#5036=IFCDIRECTION((1.,0.,0.));
#5054=IFCWINDOW('2pSzsF8s52a8Ky3tl6WQee',$,'Window',$,$,#5346,#5064,$,0.89999997615814209,0.81797349452972412,$,.SINGLE_PANEL.,$);
#5056=IFCRELDEFINESBYTYPE('0feNaTFr57sAXEh9r2QnnI',$,$,$,(#5054),#4973);
#5057=IFCCARTESIANPOINT((0.,0.,0.));
#5058=IFCDIRECTION((1.,0.,0.));
#5059=IFCDIRECTION((0.,1.,0.));
#5060=IFCDIRECTION((0.,0.,1.));
#5061=IFCCARTESIANTRANSFORMATIONOPERATOR3D(#5058,#5059,#5057,1.,#5060);
#5062=IFCMAPPEDITEM(#4976,#5061);
#5063=IFCSHAPEREPRESENTATION(#18,'Profile','MappedRepresentation',(#5062));
#5064=IFCPRODUCTDEFINITIONSHAPE($,$,(#5063,#5071,#5078));
#5065=IFCCARTESIANPOINT((0.,0.,0.));
#5066=IFCDIRECTION((1.,0.,0.));
#5067=IFCDIRECTION((0.,1.,0.));
#5068=IFCDIRECTION((0.,0.,1.));
#5069=IFCCARTESIANTRANSFORMATIONOPERATOR3D(#5066,#5067,#5065,1.,#5068);
#5070=IFCMAPPEDITEM(#4984,#5069);
#5071=IFCSHAPEREPRESENTATION(#11,'Body','MappedRepresentation',(#5070));
#5072=IFCCARTESIANPOINT((0.,0.,0.));
#5073=IFCDIRECTION((1.,0.,0.));
#5074=IFCDIRECTION((0.,1.,0.));
#5075=IFCDIRECTION((0.,0.,1.));
#5076=IFCCARTESIANTRANSFORMATIONOPERATOR3D(#5073,#5074,#5072,1.,#5075);
#5077=IFCMAPPEDITEM(#5032,#5076);
#5078=IFCSHAPEREPRESENTATION(#24,'Body','MappedRepresentation',(#5077));
#5079=IFCOPENINGELEMENT('2HmJr9Y4TEYx4bEn3omyyZ',$,'Opening',$,$,#5341,#5107,$,.OPENING.);
#5095=IFCCARTESIANPOINT((0.,0.,0.));
#5096=IFCDIRECTION((1.,0.,0.));
#5097=IFCDIRECTION((0.,0.,1.));
#5098=IFCAXIS2PLACEMENT3D(#5095,#5097,#5096);
#5099=IFCREPRESENTATIONMAP(#5098,#5331);
#5100=IFCCARTESIANPOINT((0.,0.,0.));
#5101=IFCDIRECTION((1.,0.,0.));
#5102=IFCDIRECTION((0.,1.,0.));
#5103=IFCDIRECTION((0.,0.,1.));
#5104=IFCCARTESIANTRANSFORMATIONOPERATOR3D(#5101,#5102,#5100,1.,#5103);
#5105=IFCMAPPEDITEM(#5099,#5104);
#5106=IFCSHAPEREPRESENTATION(#11,'Body','MappedRepresentation',(#5105));
#5107=IFCPRODUCTDEFINITIONSHAPE($,$,(#5106));
#5108=IFCRELVOIDSELEMENT('2MjKxd_uvF$wrgDjw9o_u9',$,$,$,#583,#5079);
#5114=IFCRELFILLSELEMENT('3QEZWlW0n0K8gPz2GdHhWe',$,$,$,#5079,#5054);
#5153=IFCCARTESIANPOINTLIST2D(((0.,0.),(0.81797349452972412,0.),(0.81797349452972412,0.89999997615814209),(0.,0.89999997615814209)));
#5154=IFCINDEXEDPOLYCURVE(#5153,(IFCLINEINDEX((1,2,3,4,1))),$);
#5155=IFCCARTESIANPOINTLIST2D(((0.02500000037252903,0.02500000037252903),(0.79297349415719509,0.02500000037252903),(0.79297349415719509,0.87499997578561306),(0.02500000037252903,0.87499997578561306)));
#5156=IFCINDEXEDPOLYCURVE(#5155,(IFCLINEINDEX((1,2,3,4,1))),$);
#5157=IFCARBITRARYPROFILEDEFWITHVOIDS(.AREA.,$,#5154,(#5156));
#5158=IFCCARTESIANPOINT((0.,0.090000001713633537,0.));
#5159=IFCDIRECTION((0.,-1.,0.));
#5160=IFCDIRECTION((1.,0.,0.));
#5161=IFCAXIS2PLACEMENT3D(#5158,#5159,#5160);
#5162=IFCDIRECTION((0.,0.,-1.));
#5163=IFCEXTRUDEDAREASOLID(#5157,#5161,#5162,0.0099999997764825821);
#5164=IFCCARTESIANPOINTLIST2D(((0.,0.),(0.81797349452972412,0.),(0.81797349452972412,0.89999997615814209),(0.,0.89999997615814209)));
#5165=IFCINDEXEDPOLYCURVE(#5164,(IFCLINEINDEX((1,2,3,4,1))),$);
#5166=IFCCARTESIANPOINTLIST2D(((0.05000000074505806,0.05000000074505806),(0.76797349378466606,0.05000000074505806),(0.76797349378466606,0.84999997541308403),(0.05000000074505806,0.84999997541308403)));
#5167=IFCINDEXEDPOLYCURVE(#5166,(IFCLINEINDEX((1,2,3,4,1))),$);
#5168=IFCARBITRARYPROFILEDEFWITHVOIDS(.AREA.,$,#5165,(#5167));
#5169=IFCCARTESIANPOINT((0.,0.05000000074505806,0.));
#5170=IFCDIRECTION((0.,-1.,0.));
#5171=IFCDIRECTION((1.,0.,0.));
#5172=IFCAXIS2PLACEMENT3D(#5169,#5170,#5171);
#5173=IFCDIRECTION((0.,0.,-1.));
#5174=IFCEXTRUDEDAREASOLID(#5168,#5172,#5173,0.040000000968575478);
#5175=IFCCARTESIANPOINTLIST2D(((0.,0.),(0.76797349378466606,0.),(0.76797349378466606,0.84999997541308403),(0.,0.84999997541308403)));
#5176=IFCINDEXEDPOLYCURVE(#5175,(IFCLINEINDEX((1,2,3,4,1))),$);
#5177=IFCCARTESIANPOINTLIST2D(((0.035000000149011612,0.035000000149011612),(0.73297349363565445,0.035000000149011612),(0.73297349363565445,0.81499997526407242),(0.035000000149011612,0.81499997526407242)));
#5178=IFCINDEXEDPOLYCURVE(#5177,(IFCLINEINDEX((1,2,3,4,1))),$);
#5179=IFCARBITRARYPROFILEDEFWITHVOIDS(.AREA.,$,#5176,(#5178));
#5180=IFCCARTESIANPOINT((0.02500000037252903,0.090000001713633537,0.02500000037252903));
#5181=IFCDIRECTION((0.,-1.,0.));
#5182=IFCDIRECTION((1.,0.,0.));
#5183=IFCAXIS2PLACEMENT3D(#5180,#5181,#5182);
#5184=IFCDIRECTION((0.,0.,-1.));
#5185=IFCEXTRUDEDAREASOLID(#5179,#5183,#5184,0.035000000149011612);
#5186=IFCINDEXEDPOLYCURVE(#5187,(IFCLINEINDEX((1,2,3,4,1))),$);
#5187=IFCCARTESIANPOINTLIST2D(((0.035000000149011612,0.035000000149011612),(0.73297349363565445,0.035000000149011612),(0.73297349363565445,0.81499997526407242),(0.035000000149011612,0.81499997526407242)));
#5188=IFCARBITRARYCLOSEDPROFILEDEF(.AREA.,$,#5186);
#5189=IFCCARTESIANPOINT((0.02500000037252903,0.10250000178813934,0.02500000037252903));
#5190=IFCDIRECTION((0.,-1.,0.));
#5191=IFCDIRECTION((1.,0.,0.));
#5192=IFCAXIS2PLACEMENT3D(#5189,#5190,#5191);
#5193=IFCDIRECTION((0.,0.,-1.));
#5194=IFCEXTRUDEDAREASOLID(#5188,#5192,#5193,0.01);
#5196=IFCSHAPEREPRESENTATION(#11,'Body','SweptSolid',(#5163,#5174,#5272,#5283));
#5197=IFCSHAPEASPECT((#5196),'Lining',$,.T.,#5064);
#5198=IFCSHAPEREPRESENTATION(#11,'Body','SweptSolid',(#5185,#5294));
#5199=IFCSHAPEASPECT((#5198),'Framing',$,.T.,#5064);
#5200=IFCSHAPEREPRESENTATION(#11,'Body','SweptSolid',(#5303,#5194));
#5201=IFCSHAPEASPECT((#5200),'Glazing',$,.T.,#5064);
#5259=IFCCARTESIANPOINTLIST3D(((0.,0.,0.),(0.81797349452972412,0.,0.),(0.81797349452972412,0.,0.89999997615814209),(0.,0.,0.89999997615814209)));
#5260=IFCINDEXEDPOLYCURVE(#5259,(IFCLINEINDEX((1,2,3,4,1))),$);
#5261=IFCSHAPEREPRESENTATION(#18,'Profile','Curve3D',(#5260));
#5262=IFCCARTESIANPOINTLIST2D(((0.,0.),(0.81797349452972412,0.),(0.81797349452972412,0.89999997615814209),(0.,0.89999997615814209)));
#5263=IFCINDEXEDPOLYCURVE(#5262,(IFCLINEINDEX((1,2,3,4,1))),$);
#5264=IFCCARTESIANPOINTLIST2D(((0.02500000037252903,0.02500000037252903),(0.79297349415719509,0.02500000037252903),(0.79297349415719509,0.87499997578561306),(0.02500000037252903,0.87499997578561306)));
#5265=IFCINDEXEDPOLYCURVE(#5264,(IFCLINEINDEX((1,2,3,4,1))),$);
#5266=IFCARBITRARYPROFILEDEFWITHVOIDS(.AREA.,$,#5263,(#5265));
#5267=IFCCARTESIANPOINT((0.,0.090000001713633537,0.));
#5268=IFCDIRECTION((0.,-1.,0.));
#5269=IFCDIRECTION((1.,0.,0.));
#5270=IFCAXIS2PLACEMENT3D(#5267,#5268,#5269);
#5271=IFCDIRECTION((0.,0.,-1.));
#5272=IFCEXTRUDEDAREASOLID(#5266,#5270,#5271,0.0099999997764825821);
#5273=IFCCARTESIANPOINTLIST2D(((0.,0.),(0.81797349452972412,0.),(0.81797349452972412,0.89999997615814209),(0.,0.89999997615814209)));
#5274=IFCINDEXEDPOLYCURVE(#5273,(IFCLINEINDEX((1,2,3,4,1))),$);
#5275=IFCCARTESIANPOINTLIST2D(((0.05000000074505806,0.05000000074505806),(0.76797349378466606,0.05000000074505806),(0.76797349378466606,0.84999997541308403),(0.05000000074505806,0.84999997541308403)));
#5276=IFCINDEXEDPOLYCURVE(#5275,(IFCLINEINDEX((1,2,3,4,1))),$);
#5277=IFCARBITRARYPROFILEDEFWITHVOIDS(.AREA.,$,#5274,(#5276));
#5278=IFCCARTESIANPOINT((0.,0.05000000074505806,0.));
#5279=IFCDIRECTION((0.,-1.,0.));
#5280=IFCDIRECTION((1.,0.,0.));
#5281=IFCAXIS2PLACEMENT3D(#5278,#5279,#5280);
#5282=IFCDIRECTION((0.,0.,-1.));
#5283=IFCEXTRUDEDAREASOLID(#5277,#5281,#5282,0.040000000968575478);
#5284=IFCCARTESIANPOINTLIST2D(((0.,0.),(0.76797349378466606,0.),(0.76797349378466606,0.84999997541308403),(0.,0.84999997541308403)));
#5285=IFCINDEXEDPOLYCURVE(#5284,(IFCLINEINDEX((1,2,3,4,1))),$);
#5286=IFCCARTESIANPOINTLIST2D(((0.035000000149011612,0.035000000149011612),(0.73297349363565445,0.035000000149011612),(0.73297349363565445,0.81499997526407242),(0.035000000149011612,0.81499997526407242)));
#5287=IFCINDEXEDPOLYCURVE(#5286,(IFCLINEINDEX((1,2,3,4,1))),$);
#5288=IFCARBITRARYPROFILEDEFWITHVOIDS(.AREA.,$,#5285,(#5287));
#5289=IFCCARTESIANPOINT((0.02500000037252903,0.090000001713633537,0.02500000037252903));
#5290=IFCDIRECTION((0.,-1.,0.));
#5291=IFCDIRECTION((1.,0.,0.));
#5292=IFCAXIS2PLACEMENT3D(#5289,#5290,#5291);
#5293=IFCDIRECTION((0.,0.,-1.));
#5294=IFCEXTRUDEDAREASOLID(#5288,#5292,#5293,0.035000000149011612);
#5295=IFCINDEXEDPOLYCURVE(#5296,(IFCLINEINDEX((1,2,3,4,1))),$);
#5296=IFCCARTESIANPOINTLIST2D(((0.035000000149011612,0.035000000149011612),(0.73297349363565445,0.035000000149011612),(0.73297349363565445,0.81499997526407242),(0.035000000149011612,0.81499997526407242)));
#5297=IFCARBITRARYCLOSEDPROFILEDEF(.AREA.,$,#5295);
#5298=IFCCARTESIANPOINT((0.02500000037252903,0.10250000178813934,0.02500000037252903));
#5299=IFCDIRECTION((0.,-1.,0.));
#5300=IFCDIRECTION((1.,0.,0.));
#5301=IFCAXIS2PLACEMENT3D(#5298,#5299,#5300);
#5302=IFCDIRECTION((0.,0.,-1.));
#5303=IFCEXTRUDEDAREASOLID(#5297,#5301,#5302,0.01);
#5304=IFCSHAPEREPRESENTATION(#11,'Body','SweptSolid',(#5272,#5283,#5294,#5303));
#5305=IFCCARTESIANPOINTLIST2D(((0.05000000074505806,0.05000000074505806),(0.76797349378466606,0.05000000074505806)));
#5306=IFCINDEXEDPOLYCURVE(#5305,$,$);
#5307=IFCCARTESIANPOINTLIST2D(((0.,0.10000000149011612),(0.02500000037252903,0.10000000149011612),(0.02500000037252903,0.090000001713633537),(0.05000000074505806,0.090000001713633537),(0.05000000074505806,0.05000000074505806),(0.,0.05000000074505806)));
#5308=IFCINDEXEDPOLYCURVE(#5307,(IFCLINEINDEX((1,2,3,4,5,6,1))),$);
#5309=IFCCARTESIANPOINTLIST2D(((0.81797349452972412,0.10000000149011612),(0.79297349415719509,0.10000000149011612),(0.79297349415719509,0.090000001713633537),(0.76797349378466606,0.090000001713633537),(0.76797349378466606,0.05000000074505806),(0.81797349452972412,0.05000000074505806)));
#5310=IFCINDEXEDPOLYCURVE(#5309,(IFCLINEINDEX((1,2,3,4,5,6,1))),$);
#5311=IFCCARTESIANPOINTLIST2D(((0.02500000037252903,0.090000001713633537),(0.060000000521540642,0.090000001713633537),(0.060000000521540642,0.12500000186264515),(0.02500000037252903,0.12500000186264515)));
#5312=IFCINDEXEDPOLYCURVE(#5311,(IFCLINEINDEX((1,2,3,4,1))),$);
#5313=IFCINDEXEDPOLYCURVE(#5314,(IFCLINEINDEX((1,2,3,4,1))),$);
#5314=IFCCARTESIANPOINTLIST2D(((0.79297349415719509,0.090000001713633537),(0.75797349400818348,0.090000001713633537),(0.75797349400818348,0.12500000186264515),(0.79297349415719509,0.12500000186264515)));
#5315=IFCCARTESIANPOINTLIST2D(((0.060000000521540642,0.090000001713633537),(0.75797349400818348,0.090000001713633537)));
#5316=IFCINDEXEDPOLYCURVE(#5315,$,$);
#5317=IFCINDEXEDPOLYCURVE(#5318,$,$);
#5318=IFCCARTESIANPOINTLIST2D(((0.060000000521540642,0.12500000186264515),(0.75797349400818348,0.12500000186264515)));
#5319=IFCINDEXEDPOLYCURVE(#5320,$,$);
#5320=IFCCARTESIANPOINTLIST2D(((0.060000000521540642,0.10750000178813934),(0.75797349400818348,0.10750000178813934)));
#5321=IFCSHAPEREPRESENTATION(#24,'Body','Curve2D',(#5306,#5308,#5310,#5312,#5313,#5316,#5317,#5319));
#5322=IFCCARTESIANPOINTLIST2D(((0.,0.),(0.81797349452972412,0.),(0.81797349452972412,0.89999997615814209),(0.,0.89999997615814209)));
#5323=IFCINDEXEDPOLYCURVE(#5322,(IFCLINEINDEX((1,2,3,4,1))),$);
#5324=IFCARBITRARYCLOSEDPROFILEDEF(.AREA.,$,#5323);
#5325=IFCCARTESIANPOINT((0.,-0.60000002384185791,0.));
#5326=IFCDIRECTION((0.,-1.,0.));
#5327=IFCDIRECTION((1.,0.,0.));
#5328=IFCAXIS2PLACEMENT3D(#5325,#5326,#5327);
#5329=IFCDIRECTION((0.,0.,-1.));
#5330=IFCEXTRUDEDAREASOLID(#5324,#5328,#5329,1.2);
#5331=IFCSHAPEREPRESENTATION(#11,'Body','SweptSolid',(#5330));
#5337=IFCCARTESIANPOINT((0.23895530591892644,5.4114965042373342E-07,1.));
#5338=IFCDIRECTION((0.,0.,1.));
#5339=IFCDIRECTION((0.99999999999993616,-3.5761174666838758E-07,0.));
#5340=IFCAXIS2PLACEMENT3D(#5337,#5338,#5339);
#5341=IFCLOCALPLACEMENT(#594,#5340);
#5342=IFCCARTESIANPOINT((0.,8.8817841970012523E-16,0.));
#5343=IFCDIRECTION((0.,0.,1.));
#5344=IFCDIRECTION((1.,-5.2041704279304213E-18,0.));
#5345=IFCAXIS2PLACEMENT3D(#5342,#5343,#5344);
#5346=IFCLOCALPLACEMENT(#5341,#5345);
#5347=IFCWINDOWTYPE('2xwfxB35v9RAO32qe3GYv9',$,'Maids-GF',$,$,(#5348),(#5350,#5358,#5406),$,$,.WINDOW.,.SINGLE_PANEL.,$,$);
#5348=IFCPROPERTYSET('3JlokRB4v0SOJgYjXUXN2i',$,'BBIM_Window',$,(#5349));
#5349=IFCPROPERTYSINGLEVALUE('Data',$,IFCTEXT('{"window_type": "SINGLE_PANEL", "overall_height": 0.8999999761581421, "overall_width": 0.8253417015075684, "lining_properties": {"lining_depth": 0.05000000074505806, "lining_thickness": 0.05000000074505806, "lining_offset": 0.05000000074505806, "lining_to_panel_offset_x": 0.02500000037252903, "lining_to_panel_offset_y": 0.02500000037252903}, "panel_properties": {"frame_depth": [0.03500000014901161, 0.03500000014901161, 0.03500000014901161], "frame_thickness": [0.03500000014901161, 0.03500000014901161, 0.03500000014901161]}}'),$);
#5350=IFCREPRESENTATIONMAP(#5351,#5723);
#5351=IFCAXIS2PLACEMENT3D(#5352,#5353,#5354);
#5352=IFCCARTESIANPOINT((0.,0.,0.));
#5353=IFCDIRECTION((0.,0.,1.));
#5354=IFCDIRECTION((1.,0.,0.));
#5358=IFCREPRESENTATIONMAP(#5359,#5766);
#5359=IFCAXIS2PLACEMENT3D(#5360,#5361,#5362);
#5360=IFCCARTESIANPOINT((0.,0.,0.));
#5361=IFCDIRECTION((0.,0.,1.));
#5362=IFCDIRECTION((1.,0.,0.));
#5406=IFCREPRESENTATIONMAP(#5407,#5783);
#5407=IFCAXIS2PLACEMENT3D(#5408,#5409,#5410);
#5408=IFCCARTESIANPOINT((0.,0.,0.));
#5409=IFCDIRECTION((0.,0.,1.));
#5410=IFCDIRECTION((1.,0.,0.));
#5428=IFCWINDOW('3$bsm3STH2zfX7Jhc9MOZ7',$,'Window',$,$,#5808,#5438,$,0.89999997615814209,0.82534170150756836,$,.SINGLE_PANEL.,$);
#5430=IFCRELDEFINESBYTYPE('1Nev$vcwbB38lw6lF0fkvB',$,$,$,(#5428),#5347);
#5431=IFCCARTESIANPOINT((0.,0.,0.));
#5432=IFCDIRECTION((1.,0.,0.));
#5433=IFCDIRECTION((0.,1.,0.));
#5434=IFCDIRECTION((0.,0.,1.));
#5435=IFCCARTESIANTRANSFORMATIONOPERATOR3D(#5432,#5433,#5431,1.,#5434);
#5436=IFCMAPPEDITEM(#5350,#5435);
#5437=IFCSHAPEREPRESENTATION(#18,'Profile','MappedRepresentation',(#5436));
#5438=IFCPRODUCTDEFINITIONSHAPE($,$,(#5437,#5445,#5452));
#5439=IFCCARTESIANPOINT((0.,0.,0.));
#5440=IFCDIRECTION((1.,0.,0.));
#5441=IFCDIRECTION((0.,1.,0.));
#5442=IFCDIRECTION((0.,0.,1.));
#5443=IFCCARTESIANTRANSFORMATIONOPERATOR3D(#5440,#5441,#5439,1.,#5442);
#5444=IFCMAPPEDITEM(#5358,#5443);
#5445=IFCSHAPEREPRESENTATION(#11,'Body','MappedRepresentation',(#5444));
#5446=IFCCARTESIANPOINT((0.,0.,0.));
#5447=IFCDIRECTION((1.,0.,0.));
#5448=IFCDIRECTION((0.,1.,0.));
#5449=IFCDIRECTION((0.,0.,1.));
#5450=IFCCARTESIANTRANSFORMATIONOPERATOR3D(#5447,#5448,#5446,1.,#5449);
#5451=IFCMAPPEDITEM(#5406,#5450);
#5452=IFCSHAPEREPRESENTATION(#24,'Body','MappedRepresentation',(#5451));
#5453=IFCOPENINGELEMENT('3za9gr_4T4Igx0Sh7qIqb2',$,'Opening',$,$,#5803,#5481,$,.OPENING.);
#5469=IFCCARTESIANPOINT((0.,0.,0.));
#5470=IFCDIRECTION((1.,0.,0.));
#5471=IFCDIRECTION((0.,0.,1.));
#5472=IFCAXIS2PLACEMENT3D(#5469,#5471,#5470);
#5473=IFCREPRESENTATIONMAP(#5472,#5793);
#5474=IFCCARTESIANPOINT((0.,0.,0.));
#5475=IFCDIRECTION((1.,0.,0.));
#5476=IFCDIRECTION((0.,1.,0.));
#5477=IFCDIRECTION((0.,0.,1.));
#5478=IFCCARTESIANTRANSFORMATIONOPERATOR3D(#5475,#5476,#5474,1.,#5477);
#5479=IFCMAPPEDITEM(#5473,#5478);
#5480=IFCSHAPEREPRESENTATION(#11,'Body','MappedRepresentation',(#5479));
#5481=IFCPRODUCTDEFINITIONSHAPE($,$,(#5480));
#5482=IFCRELVOIDSELEMENT('0knKKCnvT8ae1nzmy8lhEj',$,$,$,#507,#5453);
#5488=IFCRELFILLSELEMENT('2c0BbrfJL0KQsBrU9djKuM',$,$,$,#5453,#5428);
#5497=IFCCARTESIANPOINTLIST2D(((0.,0.),(0.78113293647766113,0.),(0.78113293647766113,0.89999997615814209),(0.,0.89999997615814209)));
#5498=IFCINDEXEDPOLYCURVE(#5497,(IFCLINEINDEX((1,2,3,4,1))),$);
#5499=IFCCARTESIANPOINTLIST2D(((0.02500000037252903,0.02500000037252903),(0.7561329361051321,0.02500000037252903),(0.7561329361051321,0.87499997578561306),(0.02500000037252903,0.87499997578561306)));
#5500=IFCINDEXEDPOLYCURVE(#5499,(IFCLINEINDEX((1,2,3,4,1))),$);
#5501=IFCARBITRARYPROFILEDEFWITHVOIDS(.AREA.,$,#5498,(#5500));
#5502=IFCCARTESIANPOINT((0.,0.090000001713633537,0.));
#5503=IFCDIRECTION((0.,-1.,0.));
#5504=IFCDIRECTION((1.,0.,0.));
#5505=IFCAXIS2PLACEMENT3D(#5502,#5503,#5504);
#5506=IFCDIRECTION((0.,0.,-1.));
#5507=IFCEXTRUDEDAREASOLID(#5501,#5505,#5506,0.0099999997764825821);
#5508=IFCCARTESIANPOINTLIST2D(((0.,0.),(0.78113293647766113,0.),(0.78113293647766113,0.89999997615814209),(0.,0.89999997615814209)));
#5509=IFCINDEXEDPOLYCURVE(#5508,(IFCLINEINDEX((1,2,3,4,1))),$);
#5510=IFCCARTESIANPOINTLIST2D(((0.05000000074505806,0.05000000074505806),(0.73113293573260307,0.05000000074505806),(0.73113293573260307,0.84999997541308403),(0.05000000074505806,0.84999997541308403)));
#5511=IFCINDEXEDPOLYCURVE(#5510,(IFCLINEINDEX((1,2,3,4,1))),$);
#5512=IFCARBITRARYPROFILEDEFWITHVOIDS(.AREA.,$,#5509,(#5511));
#5513=IFCCARTESIANPOINT((0.,0.05000000074505806,0.));
#5514=IFCDIRECTION((0.,-1.,0.));
#5515=IFCDIRECTION((1.,0.,0.));
#5516=IFCAXIS2PLACEMENT3D(#5513,#5514,#5515);
#5517=IFCDIRECTION((0.,0.,-1.));
#5518=IFCEXTRUDEDAREASOLID(#5512,#5516,#5517,0.040000000968575478);
#5519=IFCCARTESIANPOINTLIST2D(((0.,0.),(0.73113293573260307,0.),(0.73113293573260307,0.84999997541308403),(0.,0.84999997541308403)));
#5520=IFCINDEXEDPOLYCURVE(#5519,(IFCLINEINDEX((1,2,3,4,1))),$);
#5521=IFCCARTESIANPOINTLIST2D(((0.035000000149011612,0.035000000149011612),(0.69613293558359146,0.035000000149011612),(0.69613293558359146,0.81499997526407242),(0.035000000149011612,0.81499997526407242)));
#5522=IFCINDEXEDPOLYCURVE(#5521,(IFCLINEINDEX((1,2,3,4,1))),$);
#5523=IFCARBITRARYPROFILEDEFWITHVOIDS(.AREA.,$,#5520,(#5522));
#5524=IFCCARTESIANPOINT((0.02500000037252903,0.090000001713633537,0.02500000037252903));
#5525=IFCDIRECTION((0.,-1.,0.));
#5526=IFCDIRECTION((1.,0.,0.));
#5527=IFCAXIS2PLACEMENT3D(#5524,#5525,#5526);
#5528=IFCDIRECTION((0.,0.,-1.));
#5529=IFCEXTRUDEDAREASOLID(#5523,#5527,#5528,0.035000000149011612);
#5530=IFCINDEXEDPOLYCURVE(#5531,(IFCLINEINDEX((1,2,3,4,1))),$);
#5531=IFCCARTESIANPOINTLIST2D(((0.035000000149011612,0.035000000149011612),(0.69613293558359146,0.035000000149011612),(0.69613293558359146,0.81499997526407242),(0.035000000149011612,0.81499997526407242)));
#5532=IFCARBITRARYCLOSEDPROFILEDEF(.AREA.,$,#5530);
#5533=IFCCARTESIANPOINT((0.02500000037252903,0.10250000178813934,0.02500000037252903));
#5534=IFCDIRECTION((0.,-1.,0.));
#5535=IFCDIRECTION((1.,0.,0.));
#5536=IFCAXIS2PLACEMENT3D(#5533,#5534,#5535);
#5537=IFCDIRECTION((0.,0.,-1.));
#5538=IFCEXTRUDEDAREASOLID(#5532,#5536,#5537,0.01);
#5540=IFCSHAPEREPRESENTATION(#11,'Body','SweptSolid',(#5507,#5518,#5631,#5745,#5642,#5734));
#5541=IFCSHAPEASPECT((#5540),'Lining',$,.T.,#5438);
#5542=IFCSHAPEREPRESENTATION(#11,'Body','SweptSolid',(#5653,#5529,#5756));
#5543=IFCSHAPEASPECT((#5542),'Framing',$,.T.,#5438);
#5544=IFCSHAPEREPRESENTATION(#11,'Body','SweptSolid',(#5765,#5662,#5538));
#5545=IFCSHAPEASPECT((#5544),'Glazing',$,.T.,#5438);
#5621=IFCCARTESIANPOINTLIST2D(((0.,0.),(0.78113293647766113,0.),(0.78113293647766113,0.89999997615814209),(0.,0.89999997615814209)));
#5622=IFCINDEXEDPOLYCURVE(#5621,(IFCLINEINDEX((1,2,3,4,1))),$);
#5623=IFCCARTESIANPOINTLIST2D(((0.02500000037252903,0.02500000037252903),(0.7561329361051321,0.02500000037252903),(0.7561329361051321,0.87499997578561306),(0.02500000037252903,0.87499997578561306)));
#5624=IFCINDEXEDPOLYCURVE(#5623,(IFCLINEINDEX((1,2,3,4,1))),$);
#5625=IFCARBITRARYPROFILEDEFWITHVOIDS(.AREA.,$,#5622,(#5624));
#5626=IFCCARTESIANPOINT((0.,0.090000001713633537,0.));
#5627=IFCDIRECTION((0.,-1.,0.));
#5628=IFCDIRECTION((1.,0.,0.));
#5629=IFCAXIS2PLACEMENT3D(#5626,#5627,#5628);
#5630=IFCDIRECTION((0.,0.,-1.));
#5631=IFCEXTRUDEDAREASOLID(#5625,#5629,#5630,0.0099999997764825821);
#5632=IFCCARTESIANPOINTLIST2D(((0.,0.),(0.78113293647766113,0.),(0.78113293647766113,0.89999997615814209),(0.,0.89999997615814209)));
#5633=IFCINDEXEDPOLYCURVE(#5632,(IFCLINEINDEX((1,2,3,4,1))),$);
#5634=IFCCARTESIANPOINTLIST2D(((0.05000000074505806,0.05000000074505806),(0.73113293573260307,0.05000000074505806),(0.73113293573260307,0.84999997541308403),(0.05000000074505806,0.84999997541308403)));
#5635=IFCINDEXEDPOLYCURVE(#5634,(IFCLINEINDEX((1,2,3,4,1))),$);
#5636=IFCARBITRARYPROFILEDEFWITHVOIDS(.AREA.,$,#5633,(#5635));
#5637=IFCCARTESIANPOINT((0.,0.05000000074505806,0.));
#5638=IFCDIRECTION((0.,-1.,0.));
#5639=IFCDIRECTION((1.,0.,0.));
#5640=IFCAXIS2PLACEMENT3D(#5637,#5638,#5639);
#5641=IFCDIRECTION((0.,0.,-1.));
#5642=IFCEXTRUDEDAREASOLID(#5636,#5640,#5641,0.040000000968575478);
#5643=IFCCARTESIANPOINTLIST2D(((0.,0.),(0.73113293573260307,0.),(0.73113293573260307,0.84999997541308403),(0.,0.84999997541308403)));
#5644=IFCINDEXEDPOLYCURVE(#5643,(IFCLINEINDEX((1,2,3,4,1))),$);
#5645=IFCCARTESIANPOINTLIST2D(((0.035000000149011612,0.035000000149011612),(0.69613293558359146,0.035000000149011612),(0.69613293558359146,0.81499997526407242),(0.035000000149011612,0.81499997526407242)));
#5646=IFCINDEXEDPOLYCURVE(#5645,(IFCLINEINDEX((1,2,3,4,1))),$);
#5647=IFCARBITRARYPROFILEDEFWITHVOIDS(.AREA.,$,#5644,(#5646));
#5648=IFCCARTESIANPOINT((0.02500000037252903,0.090000001713633537,0.02500000037252903));
#5649=IFCDIRECTION((0.,-1.,0.));
#5650=IFCDIRECTION((1.,0.,0.));
#5651=IFCAXIS2PLACEMENT3D(#5648,#5649,#5650);
#5652=IFCDIRECTION((0.,0.,-1.));
#5653=IFCEXTRUDEDAREASOLID(#5647,#5651,#5652,0.035000000149011612);
#5654=IFCINDEXEDPOLYCURVE(#5655,(IFCLINEINDEX((1,2,3,4,1))),$);
#5655=IFCCARTESIANPOINTLIST2D(((0.035000000149011612,0.035000000149011612),(0.69613293558359146,0.035000000149011612),(0.69613293558359146,0.81499997526407242),(0.035000000149011612,0.81499997526407242)));
#5656=IFCARBITRARYCLOSEDPROFILEDEF(.AREA.,$,#5654);
#5657=IFCCARTESIANPOINT((0.02500000037252903,0.10250000178813934,0.02500000037252903));
#5658=IFCDIRECTION((0.,-1.,0.));
#5659=IFCDIRECTION((1.,0.,0.));
#5660=IFCAXIS2PLACEMENT3D(#5657,#5658,#5659);
#5661=IFCDIRECTION((0.,0.,-1.));
#5662=IFCEXTRUDEDAREASOLID(#5656,#5660,#5661,0.01);
#5721=IFCCARTESIANPOINTLIST3D(((0.,0.,0.),(0.82534170150756836,0.,0.),(0.82534170150756836,0.,0.89999997615814209),(0.,0.,0.89999997615814209)));
#5722=IFCINDEXEDPOLYCURVE(#5721,(IFCLINEINDEX((1,2,3,4,1))),$);
#5723=IFCSHAPEREPRESENTATION(#18,'Profile','Curve3D',(#5722));
#5724=IFCCARTESIANPOINTLIST2D(((0.,0.),(0.82534170150756836,0.),(0.82534170150756836,0.89999997615814209),(0.,0.89999997615814209)));
#5725=IFCINDEXEDPOLYCURVE(#5724,(IFCLINEINDEX((1,2,3,4,1))),$);
#5726=IFCCARTESIANPOINTLIST2D(((0.02500000037252903,0.02500000037252903),(0.80034170113503933,0.02500000037252903),(0.80034170113503933,0.87499997578561306),(0.02500000037252903,0.87499997578561306)));
#5727=IFCINDEXEDPOLYCURVE(#5726,(IFCLINEINDEX((1,2,3,4,1))),$);
#5728=IFCARBITRARYPROFILEDEFWITHVOIDS(.AREA.,$,#5725,(#5727));
#5729=IFCCARTESIANPOINT((0.,0.090000001713633537,0.));
#5730=IFCDIRECTION((0.,-1.,0.));
#5731=IFCDIRECTION((1.,0.,0.));
#5732=IFCAXIS2PLACEMENT3D(#5729,#5730,#5731);
#5733=IFCDIRECTION((0.,0.,-1.));
#5734=IFCEXTRUDEDAREASOLID(#5728,#5732,#5733,0.0099999997764825821);
#5735=IFCCARTESIANPOINTLIST2D(((0.,0.),(0.82534170150756836,0.),(0.82534170150756836,0.89999997615814209),(0.,0.89999997615814209)));
#5736=IFCINDEXEDPOLYCURVE(#5735,(IFCLINEINDEX((1,2,3,4,1))),$);
#5737=IFCCARTESIANPOINTLIST2D(((0.05000000074505806,0.05000000074505806),(0.7753417007625103,0.05000000074505806),(0.7753417007625103,0.84999997541308403),(0.05000000074505806,0.84999997541308403)));
#5738=IFCINDEXEDPOLYCURVE(#5737,(IFCLINEINDEX((1,2,3,4,1))),$);
#5739=IFCARBITRARYPROFILEDEFWITHVOIDS(.AREA.,$,#5736,(#5738));
#5740=IFCCARTESIANPOINT((0.,0.05000000074505806,0.));
#5741=IFCDIRECTION((0.,-1.,0.));
#5742=IFCDIRECTION((1.,0.,0.));
#5743=IFCAXIS2PLACEMENT3D(#5740,#5741,#5742);
#5744=IFCDIRECTION((0.,0.,-1.));
#5745=IFCEXTRUDEDAREASOLID(#5739,#5743,#5744,0.040000000968575478);
#5746=IFCCARTESIANPOINTLIST2D(((0.,0.),(0.7753417007625103,0.),(0.7753417007625103,0.84999997541308403),(0.,0.84999997541308403)));
#5747=IFCINDEXEDPOLYCURVE(#5746,(IFCLINEINDEX((1,2,3,4,1))),$);
#5748=IFCCARTESIANPOINTLIST2D(((0.035000000149011612,0.035000000149011612),(0.74034170061349869,0.035000000149011612),(0.74034170061349869,0.81499997526407242),(0.035000000149011612,0.81499997526407242)));
#5749=IFCINDEXEDPOLYCURVE(#5748,(IFCLINEINDEX((1,2,3,4,1))),$);
#5750=IFCARBITRARYPROFILEDEFWITHVOIDS(.AREA.,$,#5747,(#5749));
#5751=IFCCARTESIANPOINT((0.02500000037252903,0.090000001713633537,0.02500000037252903));
#5752=IFCDIRECTION((0.,-1.,0.));
#5753=IFCDIRECTION((1.,0.,0.));
#5754=IFCAXIS2PLACEMENT3D(#5751,#5752,#5753);
#5755=IFCDIRECTION((0.,0.,-1.));
#5756=IFCEXTRUDEDAREASOLID(#5750,#5754,#5755,0.035000000149011612);
#5757=IFCINDEXEDPOLYCURVE(#5758,(IFCLINEINDEX((1,2,3,4,1))),$);
#5758=IFCCARTESIANPOINTLIST2D(((0.035000000149011612,0.035000000149011612),(0.74034170061349869,0.035000000149011612),(0.74034170061349869,0.81499997526407242),(0.035000000149011612,0.81499997526407242)));
#5759=IFCARBITRARYCLOSEDPROFILEDEF(.AREA.,$,#5757);
#5760=IFCCARTESIANPOINT((0.02500000037252903,0.10250000178813934,0.02500000037252903));
#5761=IFCDIRECTION((0.,-1.,0.));
#5762=IFCDIRECTION((1.,0.,0.));
#5763=IFCAXIS2PLACEMENT3D(#5760,#5761,#5762);
#5764=IFCDIRECTION((0.,0.,-1.));
#5765=IFCEXTRUDEDAREASOLID(#5759,#5763,#5764,0.01);
#5766=IFCSHAPEREPRESENTATION(#11,'Body','SweptSolid',(#5734,#5745,#5756,#5765));
#5767=IFCCARTESIANPOINTLIST2D(((0.05000000074505806,0.05000000074505806),(0.7753417007625103,0.05000000074505806)));
#5768=IFCINDEXEDPOLYCURVE(#5767,$,$);
#5769=IFCCARTESIANPOINTLIST2D(((0.,0.10000000149011612),(0.02500000037252903,0.10000000149011612),(0.02500000037252903,0.090000001713633537),(0.05000000074505806,0.090000001713633537),(0.05000000074505806,0.05000000074505806),(0.,0.05000000074505806)));
#5770=IFCINDEXEDPOLYCURVE(#5769,(IFCLINEINDEX((1,2,3,4,5,6,1))),$);
#5771=IFCCARTESIANPOINTLIST2D(((0.82534170150756836,0.10000000149011612),(0.80034170113503933,0.10000000149011612),(0.80034170113503933,0.090000001713633537),(0.7753417007625103,0.090000001713633537),(0.7753417007625103,0.05000000074505806),(0.82534170150756836,0.05000000074505806)));
#5772=IFCINDEXEDPOLYCURVE(#5771,(IFCLINEINDEX((1,2,3,4,5,6,1))),$);
#5773=IFCCARTESIANPOINTLIST2D(((0.02500000037252903,0.090000001713633537),(0.060000000521540642,0.090000001713633537),(0.060000000521540642,0.12500000186264515),(0.02500000037252903,0.12500000186264515)));
#5774=IFCINDEXEDPOLYCURVE(#5773,(IFCLINEINDEX((1,2,3,4,1))),$);
#5775=IFCINDEXEDPOLYCURVE(#5776,(IFCLINEINDEX((1,2,3,4,1))),$);
#5776=IFCCARTESIANPOINTLIST2D(((0.80034170113503933,0.090000001713633537),(0.76534170098602772,0.090000001713633537),(0.76534170098602772,0.12500000186264515),(0.80034170113503933,0.12500000186264515)));
#5777=IFCCARTESIANPOINTLIST2D(((0.060000000521540642,0.090000001713633537),(0.76534170098602772,0.090000001713633537)));
#5778=IFCINDEXEDPOLYCURVE(#5777,$,$);
#5779=IFCINDEXEDPOLYCURVE(#5780,$,$);
#5780=IFCCARTESIANPOINTLIST2D(((0.060000000521540642,0.12500000186264515),(0.76534170098602772,0.12500000186264515)));
#5781=IFCINDEXEDPOLYCURVE(#5782,$,$);
#5782=IFCCARTESIANPOINTLIST2D(((0.060000000521540642,0.10750000178813934),(0.76534170098602772,0.10750000178813934)));
#5783=IFCSHAPEREPRESENTATION(#24,'Body','Curve2D',(#5768,#5770,#5772,#5774,#5775,#5778,#5779,#5781));
#5784=IFCCARTESIANPOINTLIST2D(((0.,0.),(0.82534170150756836,0.),(0.82534170150756836,0.89999997615814209),(0.,0.89999997615814209)));
#5785=IFCINDEXEDPOLYCURVE(#5784,(IFCLINEINDEX((1,2,3,4,1))),$);
#5786=IFCARBITRARYCLOSEDPROFILEDEF(.AREA.,$,#5785);
#5787=IFCCARTESIANPOINT((0.,-0.60000002384185791,0.));
#5788=IFCDIRECTION((0.,-1.,0.));
#5789=IFCDIRECTION((1.,0.,0.));
#5790=IFCAXIS2PLACEMENT3D(#5787,#5788,#5789);
#5791=IFCDIRECTION((0.,0.,-1.));
#5792=IFCEXTRUDEDAREASOLID(#5786,#5790,#5791,1.2);
#5793=IFCSHAPEREPRESENTATION(#11,'Body','SweptSolid',(#5792));
#5799=IFCCARTESIANPOINT((0.84222984313964511,7.3630071817376574E-08,1.));
#5800=IFCDIRECTION((0.,0.,1.));
#5801=IFCDIRECTION((0.99999999999985401,-5.4041016994677265E-07,0.));
#5802=IFCAXIS2PLACEMENT3D(#5799,#5800,#5801);
#5803=IFCLOCALPLACEMENT(#518,#5802);
#5804=IFCCARTESIANPOINT((1.1102230246251565E-16,0.,0.));
#5805=IFCDIRECTION((0.,0.,1.));
#5806=IFCDIRECTION((1.,2.1175823681357508E-22,0.));
#5807=IFCAXIS2PLACEMENT3D(#5804,#5805,#5806);
#5808=IFCLOCALPLACEMENT(#5803,#5807);
#5809=IFCCARTESIANPOINT((0.,0.,3.));
#5810=IFCDIRECTION((0.,0.,1.));
#5811=IFCDIRECTION((1.,0.,0.));
#5812=IFCAXIS2PLACEMENT3D(#5809,#5810,#5811);
#5813=IFCLOCALPLACEMENT(#56,#5812);
#5814=IFCSLABTYPE('0$99hsqi5CfPIGtiSoCFYT',$,'Unnamed',$,$,(#5815),(#5844,#5872),$,$,.ROOF.);
#5815=IFCPROPERTYSET('3DYBZn0XP5rxBFuHOtHqVP',$,'BBIM_Roof',$,(#5816));
#5816=IFCPROPERTYSINGLEVALUE('Data',$,IFCTEXT('{"roof_type": "HIP/GABLE ROOF", "generation_method": "ANGLE", "roof_thickness": 0.10000000149011612, "rafter_edge_angle": 1.5707963705062866, "angle": 0.1745329201221466, "percentage": 17.63269805908203, "path_data": {"edges": [[0, 1], [1, 2], [2, 3], [3, 0]], "verts": [[-5.0, -5.0, 0.0], [-5.0, 5.0, 0.0], [5.0, 5.0, 0.0], [5.0, -5.0, 0.0]]}}'),$);
#5840=IFCCARTESIANPOINT((0.,0.,0.));
#5841=IFCDIRECTION((1.,0.,0.));
#5842=IFCDIRECTION((0.,0.,1.));
#5843=IFCAXIS2PLACEMENT3D(#5840,#5842,#5841);
#5844=IFCREPRESENTATIONMAP(#5843,#5863);
#5845=IFCINDEXEDPOLYGONALFACE((3,1,2));
#5846=IFCINDEXEDPOLYGONALFACE((2,4,3));
#5847=IFCINDEXEDPOLYGONALFACE((1,3,5));
#5848=IFCINDEXEDPOLYGONALFACE((4,5,3));
#5849=IFCINDEXEDPOLYGONALFACE((6,7,8));
#5850=IFCINDEXEDPOLYGONALFACE((8,2,1));
#5851=IFCINDEXEDPOLYGONALFACE((8,1,6));
#5852=IFCINDEXEDPOLYGONALFACE((8,7,9));
#5853=IFCINDEXEDPOLYGONALFACE((2,8,9));
#5854=IFCINDEXEDPOLYGONALFACE((2,9,4));
#5855=IFCINDEXEDPOLYGONALFACE((10,7,6));
#5856=IFCINDEXEDPOLYGONALFACE((6,1,5));
#5857=IFCINDEXEDPOLYGONALFACE((6,5,10));
#5858=IFCINDEXEDPOLYGONALFACE((9,7,10));
#5859=IFCINDEXEDPOLYGONALFACE((4,9,10));
#5860=IFCINDEXEDPOLYGONALFACE((4,10,5));
#5861=IFCCARTESIANPOINTLIST3D(((-5.,-5.,0.),(5.,-5.,0.),(0.,0.,0.88163489103317261),(5.,5.,0.),(-5.,5.,0.),(-5.,-5.,-0.10154265910387039),(0.,0.,0.78009223937988281),(5.,-5.,-0.10154265910387039),(5.,5.,-0.10154265910387039),(-5.,5.,-0.10154265910387039)));
#5862=IFCPOLYGONALFACESET(#5861,.T.,(#5845,#5846,#5847,#5848,#5849,#5850,#5851,#5852,#5853,#5854,#5855,#5856,#5857,#5858,#5859,#5860),$);
#5863=IFCSHAPEREPRESENTATION(#11,'Body','Tessellation',(#5862));
#5865=IFCCARTESIANPOINT((-5.,-5.,-0.10154265910387039));
#5866=IFCBOUNDINGBOX(#5865,10.,10.,0.9831775426864624);
#5867=IFCSHAPEREPRESENTATION(#13,'Box','BoundingBox',(#5866));
#5868=IFCCARTESIANPOINT((0.,0.,0.));
#5869=IFCDIRECTION((1.,0.,0.));
#5870=IFCDIRECTION((0.,0.,1.));
#5871=IFCAXIS2PLACEMENT3D(#5868,#5870,#5869);
#5872=IFCREPRESENTATIONMAP(#5871,#5867);
#5873=IFCSLAB('3utTEHTrD3PRPmpDisJPu3',$,'Slab',$,$,#5881,#5888,$,$);
#5874=IFCRELCONTAINEDINSPATIALSTRUCTURE('0pJ9RPKpf9Gurm3pAdWHkz',$,$,$,(#6107,#7202,#9833,#7675,#8091,#6207,#6753,#6677,#6032,#6997,#6867,#6791,#6132,#6082,#6157,#6057,#9450,#9146,#8970,#7382,#8642,#8261,#6715,#5982,#6182,#5873,#6829,#6007),#39);
#5875=IFCMATERIALLAYERSETUSAGE(#1143,.AXIS3.,.POSITIVE.,-0.10000000149011612,$);
#5876=IFCRELASSOCIATESMATERIAL('1ddSK1FWX7w9s$mDA$3yKQ',$,$,$,(#5873),#5875);
#5877=IFCCARTESIANPOINT((0.75529384613037109,6.538203239440918,0.));
#5878=IFCDIRECTION((0.,0.,1.));
#5879=IFCDIRECTION((1.,0.,0.));
#5880=IFCAXIS2PLACEMENT3D(#5877,#5878,#5879);
#5881=IFCLOCALPLACEMENT(#5813,#5880);
#5882=IFCCARTESIANPOINTLIST2D(((0.,0.),(2.9802322387695312E-07,-1.5),(-3.5499997138977051,-1.4999995231628418),(-3.5286362171173096,-6.6000003814697266),(-0.53863614797592163,-6.6000008583068848),(-0.53863561153411865,-9.1500005722045898),(3.399998664855957,-9.1000003814697266),(3.4500002861022949,-4.76837158203125E-07),(0.,0.)));
#5883=IFCINDEXEDPOLYCURVE(#5882,$,$);
#5884=IFCDIRECTION((0.,0.,1.));
#5885=IFCARBITRARYCLOSEDPROFILEDEF(.AREA.,$,#5883);
#5886=IFCEXTRUDEDAREASOLID(#5885,#5895,#5884,0.10000000000000001);
#5887=IFCSHAPEREPRESENTATION(#11,'Body','SweptSolid',(#5886));
#5888=IFCPRODUCTDEFINITIONSHAPE($,$,(#5887));
#5889=IFCPROPERTYSET('0DJpEF6MzCTQ3KEHTjXR_u',$,'EPset_Parametric',$,(#5891));
#5890=IFCRELDEFINESBYPROPERTIES('0lzZvoWV11awBFiSs$aawW',$,$,$,(#5873),#5889);
#5891=IFCPROPERTYSINGLEVALUE('Engine',$,IFCLABEL('Bonsai.DumbLayer3'),$);
#5892=IFCCARTESIANPOINT((-0.,-0.,-0.10000000149011612));
#5893=IFCDIRECTION((0.,0.,1.));
#5894=IFCDIRECTION((1.,0.,0.));
#5895=IFCAXIS2PLACEMENT3D(#5892,#5893,#5894);
#5896=IFCROOFTYPE('3SyB7S6Mb8CviXh$V23tyT',$,'Unnamed',$,$,(#5897),(#5926,#5954),$,$,.HIP_ROOF.);
#5897=IFCPROPERTYSET('1qobk2CxLEjgrcJx8fT32A',$,'BBIM_Roof',$,(#5898));
#5898=IFCPROPERTYSINGLEVALUE('Data',$,IFCTEXT('{"roof_type": "HIP/GABLE ROOF", "generation_method": "ANGLE", "roof_thickness": 0.10000000149011612, "rafter_edge_angle": 1.5707963705062866, "angle": 0.1745329201221466, "percentage": 17.63269805908203, "path_data": {"edges": [[0, 1], [1, 2], [2, 3], [3, 0]], "verts": [[-5.0, -5.0, 0.0], [-5.0, 5.0, 0.0], [5.0, 5.0, 0.0], [5.0, -5.0, 0.0]]}}'),$);
#5922=IFCCARTESIANPOINT((0.,0.,0.));
#5923=IFCDIRECTION((1.,0.,0.));
#5924=IFCDIRECTION((0.,0.,1.));
#5925=IFCAXIS2PLACEMENT3D(#5922,#5924,#5923);
#5926=IFCREPRESENTATIONMAP(#5925,#5945);
#5927=IFCINDEXEDPOLYGONALFACE((3,1,2));
#5928=IFCINDEXEDPOLYGONALFACE((2,4,3));
#5929=IFCINDEXEDPOLYGONALFACE((1,3,5));
#5930=IFCINDEXEDPOLYGONALFACE((4,5,3));
#5931=IFCINDEXEDPOLYGONALFACE((6,7,8));
#5932=IFCINDEXEDPOLYGONALFACE((8,2,1));
#5933=IFCINDEXEDPOLYGONALFACE((8,1,6));
#5934=IFCINDEXEDPOLYGONALFACE((8,7,9));
#5935=IFCINDEXEDPOLYGONALFACE((2,8,9));
#5936=IFCINDEXEDPOLYGONALFACE((2,9,4));
#5937=IFCINDEXEDPOLYGONALFACE((10,7,6));
#5938=IFCINDEXEDPOLYGONALFACE((6,1,5));
#5939=IFCINDEXEDPOLYGONALFACE((6,5,10));
#5940=IFCINDEXEDPOLYGONALFACE((9,7,10));
#5941=IFCINDEXEDPOLYGONALFACE((4,9,10));
#5942=IFCINDEXEDPOLYGONALFACE((4,10,5));
#5943=IFCCARTESIANPOINTLIST3D(((-5.,-5.,0.),(5.,-5.,0.),(0.,0.,0.88163489103317261),(5.,5.,0.),(-5.,5.,0.),(-5.,-5.,-0.10154265910387039),(0.,0.,0.78009223937988281),(5.,-5.,-0.10154265910387039),(5.,5.,-0.10154265910387039),(-5.,5.,-0.10154265910387039)));
#5944=IFCPOLYGONALFACESET(#5943,.T.,(#5927,#5928,#5929,#5930,#5931,#5932,#5933,#5934,#5935,#5936,#5937,#5938,#5939,#5940,#5941,#5942),$);
#5945=IFCSHAPEREPRESENTATION(#11,'Body','Tessellation',(#5944));
#5947=IFCCARTESIANPOINT((-5.,-5.,-0.10154265910387039));
#5948=IFCBOUNDINGBOX(#5947,10.,10.,0.9831775426864624);
#5949=IFCSHAPEREPRESENTATION(#13,'Box','BoundingBox',(#5948));
#5950=IFCCARTESIANPOINT((0.,0.,0.));
#5951=IFCDIRECTION((1.,0.,0.));
#5952=IFCDIRECTION((0.,0.,1.));
#5953=IFCAXIS2PLACEMENT3D(#5950,#5952,#5951);
#5954=IFCREPRESENTATIONMAP(#5953,#5949);
#5982=IFCWALL('0R5R60ZlT4t9v7KCuKhXt9',$,'Wall',$,$,#6663,#5988,$,$);
#5983=IFCMATERIALLAYERSETUSAGE(#82,.AXIS2.,.POSITIVE.,0.,$);
#5984=IFCRELASSOCIATESMATERIAL('0t2AxihLL8VeX0kaGTgRNW',$,$,$,(#5982),#5983);
#5988=IFCPRODUCTDEFINITIONSHAPE($,$,(#6658,#6655));
#6004=IFCPROPERTYSET('1NdUb4ebr6meUpsrV0hE4j',$,'EPset_Parametric',$,(#6006));
#6005=IFCRELDEFINESBYPROPERTIES('0pqmhIRjf5mgIaAw9CNm9N',$,$,$,(#5982),#6004);
#6006=IFCPROPERTYSINGLEVALUE('Engine',$,IFCLABEL('Bonsai.DumbLayer2'),$);
#6007=IFCWALL('1svBF$ayXB3fiwWCkNrpQH',$,'Wall',$,$,#6380,#6013,$,$);
#6008=IFCMATERIALLAYERSETUSAGE(#82,.AXIS2.,.POSITIVE.,0.,$);
#6009=IFCRELASSOCIATESMATERIAL('0XmIXMZlH2dAbe62ulfQjY',$,$,$,(#6007),#6008);
#6013=IFCPRODUCTDEFINITIONSHAPE($,$,(#6420,#6417));
#6029=IFCPROPERTYSET('3F0yrSyij7$efkOV$D0X7W',$,'EPset_Parametric',$,(#6031));
#6030=IFCRELDEFINESBYPROPERTIES('20WHG41Zj3qxwHVeQfeQSa',$,$,$,(#6007),#6029);
#6031=IFCPROPERTYSINGLEVALUE('Engine',$,IFCLABEL('Bonsai.DumbLayer2'),$);
#6032=IFCWALL('0b6kTVlFv6eRsdDY03_hYM',$,'Wall',$,$,#6043,#6038,$,$);
#6033=IFCMATERIALLAYERSETUSAGE(#82,.AXIS2.,.POSITIVE.,0.,$);
#6034=IFCRELASSOCIATESMATERIAL('1$jWJrVMP60fo_aU2NCskZ',$,$,$,(#6032),#6033);
#6038=IFCPRODUCTDEFINITIONSHAPE($,$,(#6452,#6449));
#6039=IFCCARTESIANPOINT((0.22499974071979523,5.5718655586242676,0.));
#6040=IFCDIRECTION((0.,0.,1.));
#6041=IFCDIRECTION((-0.99999999999992428,3.8941436741876494E-07,0.));
#6042=IFCAXIS2PLACEMENT3D(#6039,#6040,#6041);
#6043=IFCLOCALPLACEMENT(#5813,#6042);
#6054=IFCPROPERTYSET('21T5v$Eq57ee$buUvo_zuL',$,'EPset_Parametric',$,(#6056));
#6055=IFCRELDEFINESBYPROPERTIES('2R7gpDuzz389zUeivh2X7F',$,$,$,(#6032),#6054);
#6056=IFCPROPERTYSINGLEVALUE('Engine',$,IFCLABEL('Bonsai.DumbLayer2'),$);
#6057=IFCWALL('1fct9$z_HESeoThpl1J23d',$,'Wall',$,$,#6439,#6063,$,$);
#6058=IFCMATERIALLAYERSETUSAGE(#82,.AXIS2.,.POSITIVE.,0.,$);
#6059=IFCRELASSOCIATESMATERIAL('3iiqh4WvrEzRqHsGBJsqV6',$,$,$,(#6057),#6058);
#6063=IFCPRODUCTDEFINITIONSHAPE($,$,(#6484,#6481));
#6079=IFCPROPERTYSET('0sWrUbnm92feUKNhyE9n1f',$,'EPset_Parametric',$,(#6081));
#6080=IFCRELDEFINESBYPROPERTIES('3oEgm4Dd9B289ZRBWN0ahP',$,$,$,(#6057),#6079);
#6081=IFCPROPERTYSINGLEVALUE('Engine',$,IFCLABEL('Bonsai.DumbLayer2'),$);
#6082=IFCWALL('2G9GfpMyP9Evz5VP9gqWIY',$,'Wall',$,$,#6471,#6088,$,$);
#6083=IFCMATERIALLAYERSETUSAGE(#82,.AXIS2.,.POSITIVE.,0.,$);
#6084=IFCRELASSOCIATESMATERIAL('1Xq7BvbB91IRi6$bXeOtSJ',$,$,$,(#6082),#6083);
#6088=IFCPRODUCTDEFINITIONSHAPE($,$,(#6516,#6513));
#6104=IFCPROPERTYSET('3H1OU3GEX08QcBsvcO1$ja',$,'EPset_Parametric',$,(#6106));
#6105=IFCRELDEFINESBYPROPERTIES('1vFdrBoGn1rxAZf8HkRhUb',$,$,$,(#6082),#6104);
#6106=IFCPROPERTYSINGLEVALUE('Engine',$,IFCLABEL('Bonsai.DumbLayer2'),$);
#6107=IFCWALL('33LwWPJm130w8bk3xeWTPu',$,'Wall',$,$,#6503,#6113,$,$);
#6108=IFCMATERIALLAYERSETUSAGE(#82,.AXIS2.,.POSITIVE.,0.,$);
#6109=IFCRELASSOCIATESMATERIAL('0smdI4DyX6s9Xg6zGfbE9Y',$,$,$,(#6107),#6108);
#6113=IFCPRODUCTDEFINITIONSHAPE($,$,(#6548,#6545));
#6129=IFCPROPERTYSET('2VtZkCPf17GgYkpUemCm_y',$,'EPset_Parametric',$,(#6131));
#6130=IFCRELDEFINESBYPROPERTIES('3YowUG2tzEg9xCqnKeVANR',$,$,$,(#6107),#6129);
#6131=IFCPROPERTYSINGLEVALUE('Engine',$,IFCLABEL('Bonsai.DumbLayer2'),$);
#6132=IFCWALL('2kf_CUiub1_fW8qAu$NwXN',$,'Wall',$,$,#6535,#6138,$,$);
#6133=IFCMATERIALLAYERSETUSAGE(#82,.AXIS2.,.POSITIVE.,0.,$);
#6134=IFCRELASSOCIATESMATERIAL('1rG$B5_FnEOAG2nwPf9sfG',$,$,$,(#6132),#6133);
#6138=IFCPRODUCTDEFINITIONSHAPE($,$,(#6580,#6577));
#6154=IFCPROPERTYSET('1giHuXzYz3xgXgnXiApsgG',$,'EPset_Parametric',$,(#6156));
#6155=IFCRELDEFINESBYPROPERTIES('1YdVx87UbDah1cPMaFQO_C',$,$,$,(#6132),#6154);
#6156=IFCPROPERTYSINGLEVALUE('Engine',$,IFCLABEL('Bonsai.DumbLayer2'),$);
#6157=IFCWALL('2VksAZ1CfB4gV2HMJMGrDY',$,'Wall',$,$,#6567,#6163,$,$);
#6158=IFCMATERIALLAYERSETUSAGE(#82,.AXIS2.,.POSITIVE.,0.,$);
#6159=IFCRELASSOCIATESMATERIAL('3O2r2ddobFRugAW68XaCQ8',$,$,$,(#6157),#6158);
#6163=IFCPRODUCTDEFINITIONSHAPE($,$,(#6612,#6609));
#6179=IFCPROPERTYSET('2SNdQTq955KAEFQb56fNcz',$,'EPset_Parametric',$,(#6181));
#6180=IFCRELDEFINESBYPROPERTIES('1i84uAV$5ARfPoEO5NFQ9m',$,$,$,(#6157),#6179);
#6181=IFCPROPERTYSINGLEVALUE('Engine',$,IFCLABEL('Bonsai.DumbLayer2'),$);
#6182=IFCWALL('2AjrsbKtb3aBmkfRnZjcu8',$,'Wall',$,$,#6599,#6188,$,$);
#6183=IFCMATERIALLAYERSETUSAGE(#82,.AXIS2.,.POSITIVE.,0.,$);
#6184=IFCRELASSOCIATESMATERIAL('0nLat8s8XEyORuQkWCodR8',$,$,$,(#6182),#6183);
#6188=IFCPRODUCTDEFINITIONSHAPE($,$,(#6644,#6641));
#6204=IFCPROPERTYSET('2nT3vd_AX0duke6jVEHmDt',$,'EPset_Parametric',$,(#6206));
#6205=IFCRELDEFINESBYPROPERTIES('1gvv$5rmH1lw9eoRhbFHIn',$,$,$,(#6182),#6204);
#6206=IFCPROPERTYSINGLEVALUE('Engine',$,IFCLABEL('Bonsai.DumbLayer2'),$);
#6207=IFCWALL('0fV0PrQfH4ePgh0sglDg5v',$,'Wall',$,$,#6631,#6213,$,$);
#6208=IFCMATERIALLAYERSETUSAGE(#82,.AXIS2.,.POSITIVE.,0.,$);
#6209=IFCRELASSOCIATESMATERIAL('2rSfa3Pmz3Xel5QbL2lqDK',$,$,$,(#6207),#6208);
#6213=IFCPRODUCTDEFINITIONSHAPE($,$,(#6676,#6673));
#6229=IFCPROPERTYSET('14fLC7TC9A_O$qkqfL2c4H',$,'EPset_Parametric',$,(#6231));
#6230=IFCRELDEFINESBYPROPERTIES('2uVycEKtLCVeCo_hH_M7aV',$,$,$,(#6207),#6229);
#6231=IFCPROPERTYSINGLEVALUE('Engine',$,IFCLABEL('Bonsai.DumbLayer2'),$);
#6362=IFCRELCONNECTSPATHELEMENTS('1BoSWtJMD16O32wAUucUUE',$,$,$,$,#6007,#5982,(),(),.ATEND.,.ATSTART.);
#6376=IFCCARTESIANPOINT((0.2249996662139632,6.5718659039442393,0.));
#6377=IFCDIRECTION((0.,0.,1.));
#6378=IFCDIRECTION((7.5497901264043123E-08,-0.99999999999999722,0.));
#6379=IFCAXIS2PLACEMENT3D(#6376,#6377,#6378);
#6380=IFCLOCALPLACEMENT(#5813,#6379);
#6394=IFCRELCONNECTSPATHELEMENTS('3LH4E5GRDCCOE8bUCqEUag',$,$,$,$,#6032,#6007,(),(),.ATEND.,.ATSTART.);
#6408=IFCCARTESIANPOINTLIST2D(((0.,0.),(0.10000001629206913,0.10000000000000001),(1.1000003918112125,0.10000000000000001),(1.0000003453199748,0.)));
#6409=IFCINDEXEDPOLYCURVE(#6408,(IFCLINEINDEX((1,2,3,4,1))),$);
#6410=IFCARBITRARYCLOSEDPROFILEDEF(.AREA.,$,#6409);
#6411=IFCCARTESIANPOINT((0.,0.,0.));
#6412=IFCDIRECTION((0.,0.,1.));
#6413=IFCDIRECTION((1.,0.,0.));
#6414=IFCAXIS2PLACEMENT3D(#6411,#6412,#6413);
#6415=IFCDIRECTION((0.,0.,1.));
#6416=IFCEXTRUDEDAREASOLID(#6410,#6414,#6415,3.);
#6417=IFCSHAPEREPRESENTATION(#11,'Body','SweptSolid',(#6416));
#6418=IFCCARTESIANPOINTLIST2D(((0.,0.),(1.0000003453199748,0.)));
#6419=IFCINDEXEDPOLYCURVE(#6418,$,$);
#6420=IFCSHAPEREPRESENTATION(#23,'Axis','Curve2D',(#6419));
#6421=IFCRELCONNECTSPATHELEMENTS('1RSqe9hg5CHuCyslBb01Z2',$,$,$,$,#6057,#6032,(),(),.ATEND.,.ATSTART.);
#6435=IFCCARTESIANPOINT((-3.2750003337860778,5.5718669215745829,0.));
#6436=IFCDIRECTION((0.,0.,1.));
#6437=IFCDIRECTION((7.5497901264043123E-08,-0.99999999999999722,0.));
#6438=IFCAXIS2PLACEMENT3D(#6435,#6436,#6437);
#6439=IFCLOCALPLACEMENT(#5813,#6438);
#6440=IFCCARTESIANPOINTLIST2D(((0.,0.),(-0.10000004649123767,0.10000000000000001),(3.4000000290069958,0.10000000000000001),(3.5000000754982334,0.)));
#6441=IFCINDEXEDPOLYCURVE(#6440,(IFCLINEINDEX((1,2,3,4,1))),$);
#6442=IFCARBITRARYCLOSEDPROFILEDEF(.AREA.,$,#6441);
#6443=IFCCARTESIANPOINT((0.,0.,0.));
#6444=IFCDIRECTION((0.,0.,1.));
#6445=IFCDIRECTION((1.,0.,0.));
#6446=IFCAXIS2PLACEMENT3D(#6443,#6444,#6445);
#6447=IFCDIRECTION((0.,0.,1.));
#6448=IFCEXTRUDEDAREASOLID(#6442,#6446,#6447,3.);
#6449=IFCSHAPEREPRESENTATION(#11,'Body','SweptSolid',(#6448));
#6450=IFCCARTESIANPOINTLIST2D(((0.,0.),(3.5000000754982334,0.)));
#6451=IFCINDEXEDPOLYCURVE(#6450,$,$);
#6452=IFCSHAPEREPRESENTATION(#23,'Axis','Curve2D',(#6451));
#6453=IFCRELCONNECTSPATHELEMENTS('2T3T3xIVf5wwi0waOhnrPc',$,$,$,$,#6082,#6057,(),(),.ATEND.,.ATSTART.);
#6467=IFCCARTESIANPOINT((-3.2749997902011363,-1.6281337738037109,0.));
#6468=IFCDIRECTION((0.,0.,1.));
#6469=IFCDIRECTION((1.,0.,0.));
#6470=IFCAXIS2PLACEMENT3D(#6467,#6468,#6469);
#6471=IFCLOCALPLACEMENT(#5813,#6470);
#6472=IFCCARTESIANPOINTLIST2D(((0.,0.),(0.1000000464912377,0.10000000000000001),(7.1000007029281038,0.10000000000000001),(7.2000006953783142,0.)));
#6473=IFCINDEXEDPOLYCURVE(#6472,(IFCLINEINDEX((1,2,3,4,1))),$);
#6474=IFCARBITRARYCLOSEDPROFILEDEF(.AREA.,$,#6473);
#6475=IFCCARTESIANPOINT((0.,0.,0.));
#6476=IFCDIRECTION((0.,0.,1.));
#6477=IFCDIRECTION((1.,0.,0.));
#6478=IFCAXIS2PLACEMENT3D(#6475,#6476,#6477);
#6479=IFCDIRECTION((0.,0.,1.));
#6480=IFCEXTRUDEDAREASOLID(#6474,#6478,#6479,3.);
#6481=IFCSHAPEREPRESENTATION(#11,'Body','SweptSolid',(#6480));
#6482=IFCCARTESIANPOINTLIST2D(((0.,0.),(7.2000006953783142,0.)));
#6483=IFCINDEXEDPOLYCURVE(#6482,$,$);
#6484=IFCSHAPEREPRESENTATION(#23,'Axis','Curve2D',(#6483));
#6485=IFCRELCONNECTSPATHELEMENTS('3kbFHbCfr0iBRn00ujEcHY',$,$,$,$,#6107,#6082,(),(),.ATEND.,.ATSTART.);
#6499=IFCCARTESIANPOINT((0.22500014305113705,-1.6281337738037107,0.));
#6500=IFCDIRECTION((0.,0.,1.));
#6501=IFCDIRECTION((-4.3711388286737889E-08,-0.99999999999999911,0.));
#6502=IFCAXIS2PLACEMENT3D(#6499,#6500,#6501);
#6503=IFCLOCALPLACEMENT(#5813,#6502);
#6504=IFCCARTESIANPOINTLIST2D(((0.,0.),(0.099999992450210171,0.10000000000000001),(3.5999999376234126,0.10000000000000001),(3.4999999332522735,0.)));
#6505=IFCINDEXEDPOLYCURVE(#6504,(IFCLINEINDEX((1,2,3,4,1))),$);
#6506=IFCARBITRARYCLOSEDPROFILEDEF(.AREA.,$,#6505);
#6507=IFCCARTESIANPOINT((0.,0.,0.));
#6508=IFCDIRECTION((0.,0.,1.));
#6509=IFCDIRECTION((1.,0.,0.));
#6510=IFCAXIS2PLACEMENT3D(#6507,#6508,#6509);
#6511=IFCDIRECTION((0.,0.,1.));
#6512=IFCEXTRUDEDAREASOLID(#6506,#6510,#6511,3.);
#6513=IFCSHAPEREPRESENTATION(#11,'Body','SweptSolid',(#6512));
#6514=IFCCARTESIANPOINTLIST2D(((0.,0.),(3.4999999332522735,0.)));
#6515=IFCINDEXEDPOLYCURVE(#6514,$,$);
#6516=IFCSHAPEREPRESENTATION(#23,'Axis','Curve2D',(#6515));
#6517=IFCRELCONNECTSPATHELEMENTS('2KNT3mtMP4MB7$$CigpImC',$,$,$,$,#6132,#6107,(),(),.ATEND.,.ATSTART.);
#6531=IFCCARTESIANPOINT((0.22500011682430829,-2.2281336784362749,0.));
#6532=IFCDIRECTION((0.,0.,1.));
#6533=IFCDIRECTION((0.99999999999997158,2.3841857910155572E-07,0.));
#6534=IFCAXIS2PLACEMENT3D(#6531,#6532,#6533);
#6535=IFCLOCALPLACEMENT(#5813,#6534);
#6536=IFCCARTESIANPOINTLIST2D(((0.,0.),(-0.10000000437113893,0.10000000000000001),(0.49999987641956378,0.10000000000000001),(0.59999990463256458,0.)));
#6537=IFCINDEXEDPOLYCURVE(#6536,(IFCLINEINDEX((1,2,3,4,1))),$);
#6538=IFCARBITRARYCLOSEDPROFILEDEF(.AREA.,$,#6537);
#6539=IFCCARTESIANPOINT((0.,0.,0.));
#6540=IFCDIRECTION((0.,0.,1.));
#6541=IFCDIRECTION((1.,0.,0.));
#6542=IFCAXIS2PLACEMENT3D(#6539,#6540,#6541);
#6543=IFCDIRECTION((0.,0.,1.));
#6544=IFCEXTRUDEDAREASOLID(#6538,#6542,#6543,3.);
#6545=IFCSHAPEREPRESENTATION(#11,'Body','SweptSolid',(#6544));
#6546=IFCCARTESIANPOINTLIST2D(((0.,0.),(0.59999990463256458,0.)));
#6547=IFCINDEXEDPOLYCURVE(#6546,$,$);
#6548=IFCSHAPEREPRESENTATION(#23,'Axis','Curve2D',(#6547));
#6549=IFCRELCONNECTSPATHELEMENTS('1gHmm8LfX6e9jCCUoRvEeL',$,$,$,$,#6157,#6132,(),(),.ATEND.,.ATSTART.);
#6563=IFCCARTESIANPOINT((1.8250001668930287,-2.2281332969665364,0.));
#6564=IFCDIRECTION((0.,0.,1.));
#6565=IFCDIRECTION((-1.6292068494294439E-07,-0.99999999999998679,0.));
#6566=IFCAXIS2PLACEMENT3D(#6563,#6564,#6565);
#6567=IFCLOCALPLACEMENT(#5813,#6566);
#6568=IFCCARTESIANPOINTLIST2D(((0.,0.),(0.10000002821300073,0.10000000000000001),(1.7000000902027002,0.10000000000000001),(1.6000000500687659,0.)));
#6569=IFCINDEXEDPOLYCURVE(#6568,(IFCLINEINDEX((1,2,3,4,1))),$);
#6570=IFCARBITRARYCLOSEDPROFILEDEF(.AREA.,$,#6569);
#6571=IFCCARTESIANPOINT((0.,0.,0.));
#6572=IFCDIRECTION((0.,0.,1.));
#6573=IFCDIRECTION((1.,0.,0.));
#6574=IFCAXIS2PLACEMENT3D(#6571,#6572,#6573);
#6575=IFCDIRECTION((0.,0.,1.));
#6576=IFCEXTRUDEDAREASOLID(#6570,#6574,#6575,3.);
#6577=IFCSHAPEREPRESENTATION(#11,'Body','SweptSolid',(#6576));
#6578=IFCCARTESIANPOINTLIST2D(((0.,0.),(1.6000000500687659,0.)));
#6579=IFCINDEXEDPOLYCURVE(#6578,$,$);
#6580=IFCSHAPEREPRESENTATION(#23,'Axis','Curve2D',(#6579));
#6581=IFCRELCONNECTSPATHELEMENTS('3TS1Q2WDrE2B5hgC2yjaMt',$,$,$,$,#6182,#6157,(),(),.ATEND.,.ATSTART.);
#6595=IFCCARTESIANPOINT((1.8250000202644123,-3.1281332969665527,0.));
#6596=IFCDIRECTION((0.,0.,1.));
#6597=IFCDIRECTION((1.,0.,0.));
#6598=IFCAXIS2PLACEMENT3D(#6595,#6596,#6597);
#6599=IFCLOCALPLACEMENT(#5813,#6598);
#6600=IFCCARTESIANPOINTLIST2D(((0.,0.),(-0.10000004013393446,0.10000000000000001),(0.79999998370795866,0.10000000000000001),(0.90000000000002844,0.)));
#6601=IFCINDEXEDPOLYCURVE(#6600,(IFCLINEINDEX((1,2,3,4,1))),$);
#6602=IFCARBITRARYCLOSEDPROFILEDEF(.AREA.,$,#6601);
#6603=IFCCARTESIANPOINT((0.,0.,0.));
#6604=IFCDIRECTION((0.,0.,1.));
#6605=IFCDIRECTION((1.,0.,0.));
#6606=IFCAXIS2PLACEMENT3D(#6603,#6604,#6605);
#6607=IFCDIRECTION((0.,0.,1.));
#6608=IFCEXTRUDEDAREASOLID(#6602,#6606,#6607,3.);
#6609=IFCSHAPEREPRESENTATION(#11,'Body','SweptSolid',(#6608));
#6610=IFCCARTESIANPOINTLIST2D(((0.,0.),(0.90000000000002844,0.)));
#6611=IFCINDEXEDPOLYCURVE(#6610,$,$);
#6612=IFCSHAPEREPRESENTATION(#23,'Axis','Curve2D',(#6611));
#6613=IFCRELCONNECTSPATHELEMENTS('1k0Jef2YT3Dh95jRd4pweN',$,$,$,$,#6207,#6182,(),(),.ATEND.,.ATSTART.);
#6627=IFCCARTESIANPOINT((4.2250003826986742,-3.1281332969665523,0.));
#6628=IFCDIRECTION((0.,0.,1.));
#6629=IFCDIRECTION((-0.0051545114630320472,0.99998671541754869,0.));
#6630=IFCAXIS2PLACEMENT3D(#6627,#6628,#6629);
#6631=IFCLOCALPLACEMENT(#5813,#6630);
#6632=IFCCARTESIANPOINTLIST2D(((0.,0.),(0.10000001629206984,0.10000000000000001),(2.299483575964421,0.10000000000000001),(2.4000003624342616,0.)));
#6633=IFCINDEXEDPOLYCURVE(#6632,(IFCLINEINDEX((1,2,3,4,1))),$);
#6634=IFCARBITRARYCLOSEDPROFILEDEF(.AREA.,$,#6633);
#6635=IFCCARTESIANPOINT((0.,0.,0.));
#6636=IFCDIRECTION((0.,0.,1.));
#6637=IFCDIRECTION((1.,0.,0.));
#6638=IFCAXIS2PLACEMENT3D(#6635,#6636,#6637);
#6639=IFCDIRECTION((0.,0.,1.));
#6640=IFCEXTRUDEDAREASOLID(#6634,#6638,#6639,3.);
#6641=IFCSHAPEREPRESENTATION(#11,'Body','SweptSolid',(#6640));
#6642=IFCCARTESIANPOINTLIST2D(((0.,0.),(2.4000003624342616,0.)));
#6643=IFCINDEXEDPOLYCURVE(#6642,$,$);
#6644=IFCSHAPEREPRESENTATION(#23,'Axis','Curve2D',(#6643));
#6645=IFCRELCONNECTSPATHELEMENTS('2wMk7r8IjAIPLR8VSBd_Md',$,$,$,$,#5982,#6207,(),(),.ATEND.,.ATSTART.);
#6646=IFCCARTESIANPOINTLIST2D(((0.,0.),(0.099485861784499779,0.10000000000000001),(3.8500012806787058,0.10000000000000001),(3.950001296970775,0.)));
#6647=IFCINDEXEDPOLYCURVE(#6646,(IFCLINEINDEX((1,2,3,4,1))),$);
#6648=IFCARBITRARYCLOSEDPROFILEDEF(.AREA.,$,#6647);
#6649=IFCCARTESIANPOINT((0.,0.,0.));
#6650=IFCDIRECTION((0.,0.,1.));
#6651=IFCDIRECTION((1.,0.,0.));
#6652=IFCAXIS2PLACEMENT3D(#6649,#6650,#6651);
#6653=IFCDIRECTION((0.,0.,1.));
#6654=IFCEXTRUDEDAREASOLID(#6648,#6652,#6653,3.);
#6655=IFCSHAPEREPRESENTATION(#11,'Body','SweptSolid',(#6654));
#6656=IFCCARTESIANPOINTLIST2D(((0.,0.),(3.950001296970775,0.)));
#6657=IFCINDEXEDPOLYCURVE(#6656,$,$);
#6658=IFCSHAPEREPRESENTATION(#23,'Axis','Curve2D',(#6657));
#6659=IFCCARTESIANPOINT((4.1750009631847229,6.5718655586241583,0.));
#6660=IFCDIRECTION((0.,0.,1.));
#6661=IFCDIRECTION((-0.99999999999999623,8.7422776573475527E-08,0.));
#6662=IFCAXIS2PLACEMENT3D(#6659,#6660,#6661);
#6663=IFCLOCALPLACEMENT(#5813,#6662);
#6664=IFCCARTESIANPOINTLIST2D(((0.,0.),(0.1005167864698408,0.10000000000000001),(9.6006418559526647,0.10000000000000001),(9.7001277177371641,0.)));
#6665=IFCINDEXEDPOLYCURVE(#6664,(IFCLINEINDEX((1,2,3,4,1))),$);
#6666=IFCARBITRARYCLOSEDPROFILEDEF(.AREA.,$,#6665);
#6667=IFCCARTESIANPOINT((0.,0.,0.));
#6668=IFCDIRECTION((0.,0.,1.));
#6669=IFCDIRECTION((1.,0.,0.));
#6670=IFCAXIS2PLACEMENT3D(#6667,#6668,#6669);
#6671=IFCDIRECTION((0.,0.,1.));
#6672=IFCEXTRUDEDAREASOLID(#6666,#6670,#6671,3.);
#6673=IFCSHAPEREPRESENTATION(#11,'Body','SweptSolid',(#6672));
#6674=IFCCARTESIANPOINTLIST2D(((0.,0.),(9.7001277177371641,0.)));
#6675=IFCINDEXEDPOLYCURVE(#6674,$,$);
#6676=IFCSHAPEREPRESENTATION(#23,'Axis','Curve2D',(#6675));
#6677=IFCWALL('1UXDo7icX8gRFNb9qxGCqJ',$,'Wall',$,$,#7186,#6683,$,$);
#6678=IFCMATERIALLAYERSETUSAGE(#82,.AXIS2.,.POSITIVE.,0.,$);
#6679=IFCRELASSOCIATESMATERIAL('1YjHgHd5LE8fyJVr1fqa25',$,$,$,(#6677),#6678);
#6683=IFCPRODUCTDEFINITIONSHAPE($,$,(#6714,#6711));
#6699=IFCPROPERTYSET('0AW2WtFY5AnO_drlrgtD1a',$,'EPset_Parametric',$,(#6701));
#6700=IFCRELDEFINESBYPROPERTIES('2JcXAa19n1OxIaXOcoqb7_',$,$,$,(#6677),#6699);
#6701=IFCPROPERTYSINGLEVALUE('Engine',$,IFCLABEL('Bonsai.DumbLayer2'),$);
#6702=IFCCARTESIANPOINTLIST2D(((0.,0.),(0.,0.10000000000000001),(7.0000029972625679,0.10000000000000001),(7.0000029972625679,0.)));
#6703=IFCINDEXEDPOLYCURVE(#6702,(IFCLINEINDEX((1,2,3,4,1))),$);
#6704=IFCARBITRARYCLOSEDPROFILEDEF(.AREA.,$,#6703);
#6705=IFCCARTESIANPOINT((0.,0.,0.));
#6706=IFCDIRECTION((0.,0.,1.));
#6707=IFCDIRECTION((1.,0.,0.));
#6708=IFCAXIS2PLACEMENT3D(#6705,#6706,#6707);
#6709=IFCDIRECTION((0.,0.,1.));
#6710=IFCEXTRUDEDAREASOLID(#6704,#6708,#6709,3.);
#6711=IFCSHAPEREPRESENTATION(#11,'Body','SweptSolid',(#6710));
#6712=IFCCARTESIANPOINTLIST2D(((0.,0.),(7.0000029972625679,0.)));
#6713=IFCINDEXEDPOLYCURVE(#6712,$,$);
#6714=IFCSHAPEREPRESENTATION(#23,'Axis','Curve2D',(#6713));
#6715=IFCWALL('3VCL8eu7j2ihaydPRnAReh',$,'Wall',$,$,#7191,#6721,$,$);
#6716=IFCMATERIALLAYERSETUSAGE(#82,.AXIS2.,.POSITIVE.,0.,$);
#6717=IFCRELASSOCIATESMATERIAL('2UYgD9e499EhAB82crQcya',$,$,$,(#6715),#6716);
#6721=IFCPRODUCTDEFINITIONSHAPE($,$,(#6752,#6749));
#6737=IFCPROPERTYSET('1Rse3MbMTBrOyWtj0dFzG3',$,'EPset_Parametric',$,(#6739));
#6738=IFCRELDEFINESBYPROPERTIES('0ljPlc6YT7ZBPZOBy5r1ii',$,$,$,(#6715),#6737);
#6739=IFCPROPERTYSINGLEVALUE('Engine',$,IFCLABEL('Bonsai.DumbLayer2'),$);
#6740=IFCCARTESIANPOINTLIST2D(((0.,0.),(0.,0.10000000000000001),(3.7886524725795865,0.10000000000000001),(3.7886524725795865,0.)));
#6741=IFCINDEXEDPOLYCURVE(#6740,(IFCLINEINDEX((1,2,3,4,1))),$);
#6742=IFCARBITRARYCLOSEDPROFILEDEF(.AREA.,$,#6741);
#6743=IFCCARTESIANPOINT((0.,0.,0.));
#6744=IFCDIRECTION((0.,0.,1.));
#6745=IFCDIRECTION((1.,0.,0.));
#6746=IFCAXIS2PLACEMENT3D(#6743,#6744,#6745);
#6747=IFCDIRECTION((0.,0.,1.));
#6748=IFCEXTRUDEDAREASOLID(#6742,#6746,#6747,3.);
#6749=IFCSHAPEREPRESENTATION(#11,'Body','SweptSolid',(#6748));
#6750=IFCCARTESIANPOINTLIST2D(((0.,0.),(3.7886524725795865,0.)));
#6751=IFCINDEXEDPOLYCURVE(#6750,$,$);
#6752=IFCSHAPEREPRESENTATION(#23,'Axis','Curve2D',(#6751));
#6753=IFCWALL('0uctX9aFj7Yh$QQY8YILmn',$,'Wall',$,$,#6764,#6759,$,$);
#6754=IFCMATERIALLAYERSETUSAGE(#82,.AXIS2.,.POSITIVE.,0.,$);
#6755=IFCRELASSOCIATESMATERIAL('00DUWFSIz3ov_2ixf_nJhp',$,$,$,(#6753),#6754);
#6759=IFCPRODUCTDEFINITIONSHAPE($,$,(#6790,#6787));
#6760=IFCCARTESIANPOINT((4.0908493995666504,5.0459022521972656,0.));
#6761=IFCDIRECTION((0.,0.,1.));
#6762=IFCDIRECTION((-0.99999999999999623,8.7422776573475527E-08,0.));
#6763=IFCAXIS2PLACEMENT3D(#6760,#6761,#6762);
#6764=IFCLOCALPLACEMENT(#5813,#6763);
#6775=IFCPROPERTYSET('3BTRar7un1ixPDb_55CvLw',$,'EPset_Parametric',$,(#6777));
#6776=IFCRELDEFINESBYPROPERTIES('0p_gs482L3BgnPXU3tnU8b',$,$,$,(#6753),#6775);
#6777=IFCPROPERTYSINGLEVALUE('Engine',$,IFCLABEL('Bonsai.DumbLayer2'),$);
#6778=IFCCARTESIANPOINTLIST2D(((0.,0.),(0.,0.10000000000000001),(3.7658536849485311,0.10000000000000001),(3.7658536849485311,0.)));
#6779=IFCINDEXEDPOLYCURVE(#6778,(IFCLINEINDEX((1,2,3,4,1))),$);
#6780=IFCARBITRARYCLOSEDPROFILEDEF(.AREA.,$,#6779);
#6781=IFCCARTESIANPOINT((0.,0.,0.));
#6782=IFCDIRECTION((0.,0.,1.));
#6783=IFCDIRECTION((1.,0.,0.));
#6784=IFCAXIS2PLACEMENT3D(#6781,#6782,#6783);
#6785=IFCDIRECTION((0.,0.,1.));
#6786=IFCEXTRUDEDAREASOLID(#6780,#6784,#6785,3.);
#6787=IFCSHAPEREPRESENTATION(#11,'Body','SweptSolid',(#6786));
#6788=IFCCARTESIANPOINTLIST2D(((0.,0.),(3.7658536849485311,0.)));
#6789=IFCINDEXEDPOLYCURVE(#6788,$,$);
#6790=IFCSHAPEREPRESENTATION(#23,'Axis','Curve2D',(#6789));
#6791=IFCWALL('0cw2uiUj99df_hs1eDR7vd',$,'Wall',$,$,#7196,#6797,$,$);
#6792=IFCMATERIALLAYERSETUSAGE(#82,.AXIS2.,.POSITIVE.,0.,$);
#6793=IFCRELASSOCIATESMATERIAL('1bzKww961BSuIejy7ov7s6',$,$,$,(#6791),#6792);
#6797=IFCPRODUCTDEFINITIONSHAPE($,$,(#6828,#6825));
#6813=IFCPROPERTYSET('0uOyRGcyL8NPqBuwKF37Gy',$,'EPset_Parametric',$,(#6815));
#6814=IFCRELDEFINESBYPROPERTIES('30x4SDIErDWwkJfgo87k5Q',$,$,$,(#6791),#6813);
#6815=IFCPROPERTYSINGLEVALUE('Engine',$,IFCLABEL('Bonsai.DumbLayer2'),$);
#6816=IFCCARTESIANPOINTLIST2D(((0.,0.),(0.,0.10000000000000001),(3.3999972567827714,0.10000000000000001),(3.3999972567827714,0.)));
#6817=IFCINDEXEDPOLYCURVE(#6816,(IFCLINEINDEX((1,2,3,4,1))),$);
#6818=IFCARBITRARYCLOSEDPROFILEDEF(.AREA.,$,#6817);
#6819=IFCCARTESIANPOINT((0.,0.,0.));
#6820=IFCDIRECTION((0.,0.,1.));
#6821=IFCDIRECTION((1.,0.,0.));
#6822=IFCAXIS2PLACEMENT3D(#6819,#6820,#6821);
#6823=IFCDIRECTION((0.,0.,1.));
#6824=IFCEXTRUDEDAREASOLID(#6818,#6822,#6823,3.);
#6825=IFCSHAPEREPRESENTATION(#11,'Body','SweptSolid',(#6824));
#6826=IFCCARTESIANPOINTLIST2D(((0.,0.),(3.3999972567827714,0.)));
#6827=IFCINDEXEDPOLYCURVE(#6826,$,$);
#6828=IFCSHAPEREPRESENTATION(#23,'Axis','Curve2D',(#6827));
#6829=IFCWALL('1afnNOc6P0DQESC9UuBr$v',$,'Wall',$,$,#7201,#6835,$,$);
#6830=IFCMATERIALLAYERSETUSAGE(#82,.AXIS2.,.POSITIVE.,0.,$);
#6831=IFCRELASSOCIATESMATERIAL('08Jw$X1mD3bwUYK6YHi2M6',$,$,$,(#6829),#6830);
#6835=IFCPRODUCTDEFINITIONSHAPE($,$,(#6866,#6863));
#6851=IFCPROPERTYSET('2FxJvBf5D0MxUgdbIUL7DL',$,'EPset_Parametric',$,(#6853));
#6852=IFCRELDEFINESBYPROPERTIES('3vqCmMZ2zEhQeyt$xG_W6_',$,$,$,(#6829),#6851);
#6853=IFCPROPERTYSINGLEVALUE('Engine',$,IFCLABEL('Bonsai.DumbLayer2'),$);
#6854=IFCCARTESIANPOINTLIST2D(((0.,0.),(0.,0.10000000000000001),(3.3999972567827714,0.10000000000000001),(3.3999972567827714,0.)));
#6855=IFCINDEXEDPOLYCURVE(#6854,(IFCLINEINDEX((1,2,3,4,1))),$);
#6856=IFCARBITRARYCLOSEDPROFILEDEF(.AREA.,$,#6855);
#6857=IFCCARTESIANPOINT((0.,0.,0.));
#6858=IFCDIRECTION((0.,0.,1.));
#6859=IFCDIRECTION((1.,0.,0.));
#6860=IFCAXIS2PLACEMENT3D(#6857,#6858,#6859);
#6861=IFCDIRECTION((0.,0.,1.));
#6862=IFCEXTRUDEDAREASOLID(#6856,#6860,#6861,3.);
#6863=IFCSHAPEREPRESENTATION(#11,'Body','SweptSolid',(#6862));
#6864=IFCCARTESIANPOINTLIST2D(((0.,0.),(3.3999972567827714,0.)));
#6865=IFCINDEXEDPOLYCURVE(#6864,$,$);
#6866=IFCSHAPEREPRESENTATION(#23,'Axis','Curve2D',(#6865));
#6867=IFCSLAB('1dn5uAdk90pB4LnlHz9gVV',$,'Slab',$,$,#6874,#6881,$,$);
#6868=IFCMATERIALLAYERSETUSAGE(#1143,.AXIS3.,.POSITIVE.,-0.10000000149011612,$);
#6869=IFCRELASSOCIATESMATERIAL('2oG$7_Vkz42B_n9Z3Ledz9',$,$,$,(#6867),#6868);
#6870=IFCCARTESIANPOINT((4.1750011444091797,6.5718655586242676,0.));
#6871=IFCDIRECTION((0.,0.,1.));
#6872=IFCDIRECTION((1.,0.,0.));
#6873=IFCAXIS2PLACEMENT3D(#6870,#6871,#6872);
#6874=IFCLOCALPLACEMENT(#5813,#6873);
#6875=IFCCARTESIANPOINTLIST2D(((0.,0.),(-3.9500012397766113,4.76837158203125E-07),(-3.9500012397766113,-0.9999995231628418),(-7.4500017166137695,-0.99999856948852539),(-7.4500036239624023,-9.5999984741210938),(-0.050517559051513672,-9.5999984741210938),(0.,0.)));
#6876=IFCINDEXEDPOLYCURVE(#6875,$,$);
#6877=IFCDIRECTION((0.,0.,1.));
#6878=IFCARBITRARYCLOSEDPROFILEDEF(.AREA.,$,#6876);
#6879=IFCEXTRUDEDAREASOLID(#6878,#6888,#6877,0.10000000000000001);
#6880=IFCSHAPEREPRESENTATION(#11,'Body','SweptSolid',(#6879));
#6881=IFCPRODUCTDEFINITIONSHAPE($,$,(#6880));
#6882=IFCPROPERTYSET('3OCJG0llP7aRNSYAemtCZL',$,'EPset_Parametric',$,(#6884));
#6883=IFCRELDEFINESBYPROPERTIES('2GfxbyrPb5NO0kk5dH6aaU',$,$,$,(#6867),#6882);
#6884=IFCPROPERTYSINGLEVALUE('Engine',$,IFCLABEL('Bonsai.DumbLayer3'),$);
#6885=IFCCARTESIANPOINT((-0.,-0.,-0.10000000149011612));
#6886=IFCDIRECTION((0.,0.,1.));
#6887=IFCDIRECTION((1.,0.,0.));
#6888=IFCAXIS2PLACEMENT3D(#6885,#6886,#6887);
#6889=IFCDOORTYPE('061F1NUUz9JRpfY8CJyaRR',$,'Bedroom2-2F',$,$,(#6890),(#6892,#6900,#6978),$,$,.DOOR.,.SINGLE_SWING_LEFT.,$,$);
#6890=IFCPROPERTYSET('1de6tZRPDAsgsnvOX1mrBn',$,'BBIM_Door',$,(#6891));
#6891=IFCPROPERTYSINGLEVALUE('Data',$,IFCTEXT('{"door_type": "SINGLE_SWING_LEFT", "overall_height": 2.0, "overall_width": 0.9525395631790161, "lining_properties": {"lining_depth": 0.05000000074505806, "lining_thickness": 0.05000000074505806, "lining_offset": 0.0, "lining_to_panel_offset_x": 0.02500000037252903, "lining_to_panel_offset_y": 0.02500000037252903, "transom_thickness": 0.0, "casing_thickness": 0.07500000298023224, "casing_depth": 0.004999999888241291, "threshold_thickness": 0.02500000037252903, "threshold_depth": 0.10000000149011612, "threshold_offset": 0.0}, "panel_properties": {"panel_depth": 0.03500000014901161, "panel_width_ratio": 1.0}}'),$);
#6892=IFCREPRESENTATIONMAP(#6893,#6897);
#6893=IFCAXIS2PLACEMENT3D(#6894,#6895,#6896);
#6894=IFCCARTESIANPOINT((0.,0.,0.));
#6895=IFCDIRECTION((0.,0.,1.));
#6896=IFCDIRECTION((1.,0.,0.));
#6897=IFCSHAPEREPRESENTATION(#18,'Profile','Curve3D',(#6898));
#6898=IFCINDEXEDPOLYCURVE(#6899,(IFCLINEINDEX((1,2,3,4,1))),$);
#6899=IFCCARTESIANPOINTLIST3D(((0.,0.,0.),(0.95253956317901611,0.,0.),(0.95253956317901611,0.,2.),(0.,0.,2.)));
#6900=IFCREPRESENTATIONMAP(#6901,#6905);
#6901=IFCAXIS2PLACEMENT3D(#6902,#6903,#6904);
#6902=IFCCARTESIANPOINT((0.,0.,0.));
#6903=IFCDIRECTION((0.,0.,1.));
#6904=IFCDIRECTION((1.,0.,0.));
#6905=IFCSHAPEREPRESENTATION(#11,'Body','SweptSolid',(#6906,#6915,#6924,#6933,#6942,#6951,#6960,#6969));
#6906=IFCEXTRUDEDAREASOLID(#6907,#6910,#6914,0.02500000037252903);
#6907=IFCARBITRARYCLOSEDPROFILEDEF(.AREA.,$,#6908);
#6908=IFCINDEXEDPOLYCURVE(#6909,(IFCLINEINDEX((1,2,3,4,5,6,7,8,1))),$);
#6909=IFCCARTESIANPOINTLIST2D(((0.,0.),(0.,2.),(0.95253956317901611,2.),(0.95253956317901611,0.),(0.92753956280648708,0.),(0.92753956280648708,1.974999999627471),(0.02500000037252903,1.974999999627471),(0.02500000037252903,0.)));
#6910=IFCAXIS2PLACEMENT3D(#6911,#6912,#6913);
#6911=IFCCARTESIANPOINT((0.,0.02500000037252903,0.));
#6912=IFCDIRECTION((0.,-1.,0.));
#6913=IFCDIRECTION((1.,0.,0.));
#6914=IFCDIRECTION((0.,0.,-1.));
#6915=IFCEXTRUDEDAREASOLID(#6916,#6919,#6923,0.02500000037252903);
#6916=IFCARBITRARYCLOSEDPROFILEDEF(.AREA.,$,#6917);
#6917=IFCINDEXEDPOLYCURVE(#6918,(IFCLINEINDEX((1,2,3,4,5,6,7,8,1))),$);
#6918=IFCCARTESIANPOINTLIST2D(((0.,0.),(0.,2.),(0.95253956317901611,2.),(0.95253956317901611,0.),(0.90253956243395805,0.),(0.90253956243395805,1.9499999992549419),(0.05000000074505806,1.9499999992549419),(0.05000000074505806,0.)));
#6919=IFCAXIS2PLACEMENT3D(#6920,#6921,#6922);
#6920=IFCCARTESIANPOINT((0.,0.,0.));
#6921=IFCDIRECTION((0.,-1.,0.));
#6922=IFCDIRECTION((1.,0.,0.));
#6923=IFCDIRECTION((0.,0.,-1.));
#6924=IFCEXTRUDEDAREASOLID(#6925,#6928,#6932,1.9499999992549419);
#6925=IFCARBITRARYCLOSEDPROFILEDEF(.AREA.,$,#6926);
#6926=IFCINDEXEDPOLYCURVE(#6927,(IFCLINEINDEX((1,2,3,4,1))),$);
#6927=IFCCARTESIANPOINTLIST2D(((0.,0.),(0.90253956243395805,0.),(0.90253956243395805,0.035000000149011612),(0.,0.035000000149011612)));
#6928=IFCAXIS2PLACEMENT3D(#6929,#6930,#6931);
#6929=IFCCARTESIANPOINT((0.02500000037252903,0.02500000037252903,0.02500000037252903));
#6930=IFCDIRECTION((0.,0.,1.));
#6931=IFCDIRECTION((1.,0.,0.));
#6932=IFCDIRECTION((0.,0.,1.));
#6933=IFCEXTRUDEDAREASOLID(#6934,#6937,#6941,0.02);
#6934=IFCARBITRARYCLOSEDPROFILEDEF(.AREA.,$,#6935);
#6935=IFCINDEXEDPOLYCURVE(#6936,(IFCLINEINDEX((1,2,3,4,5,6,1))),$);
#6936=IFCCARTESIANPOINTLIST2D(((0.,0.),(0.,-0.040000000000000001),(-0.11999999999999988,-0.040000000000000001),(-0.11999999999999988,-0.02),(-0.020000000000000018,-0.02),(-0.020000000000000018,0.)));
#6937=IFCAXIS2PLACEMENT3D(#6938,#6939,#6940);
#6938=IFCCARTESIANPOINT((0.87753956280648704,0.02500000037252903,1.015000000372529));
#6939=IFCDIRECTION((0.,0.,1.));
#6940=IFCDIRECTION((1.,0.,0.));
#6941=IFCDIRECTION((0.,0.,1.));
#6942=IFCEXTRUDEDAREASOLID(#6943,#6946,#6950,0.02);
#6943=IFCARBITRARYCLOSEDPROFILEDEF(.AREA.,$,#6944);
#6944=IFCINDEXEDPOLYCURVE(#6945,(IFCLINEINDEX((1,2,3,4,5,6,1))),$);
#6945=IFCCARTESIANPOINTLIST2D(((0.,0.),(0.,0.040000000000000008),(-0.11999999999999988,0.040000000000000008),(-0.11999999999999988,0.020000000000000004),(-0.020000000000000018,0.020000000000000004),(-0.020000000000000018,0.)));
#6946=IFCAXIS2PLACEMENT3D(#6947,#6948,#6949);
#6947=IFCCARTESIANPOINT((0.87753956280648704,0.060000000521540642,1.015000000372529));
#6948=IFCDIRECTION((0.,0.,1.));
#6949=IFCDIRECTION((1.,0.,0.));
#6950=IFCDIRECTION((0.,0.,1.));
#6951=IFCEXTRUDEDAREASOLID(#6952,#6955,#6959,0.02500000037252903);
#6952=IFCARBITRARYCLOSEDPROFILEDEF(.AREA.,$,#6953);
#6953=IFCINDEXEDPOLYCURVE(#6954,(IFCLINEINDEX((1,2,3,4,1))),$);
#6954=IFCCARTESIANPOINTLIST2D(((0.,0.),(0.85253956168889999,0.),(0.85253956168889999,0.10000000149011612),(0.,0.10000000149011612)));
#6955=IFCAXIS2PLACEMENT3D(#6956,#6957,#6958);
#6956=IFCCARTESIANPOINT((0.05000000074505806,0.,0.));
#6957=IFCDIRECTION((0.,0.,1.));
#6958=IFCDIRECTION((1.,0.,0.));
#6959=IFCDIRECTION((0.,0.,1.));
#6960=IFCEXTRUDEDAREASOLID(#6961,#6964,#6968,0.004999999888241291);
#6961=IFCARBITRARYCLOSEDPROFILEDEF(.AREA.,$,#6962);
#6962=IFCINDEXEDPOLYCURVE(#6963,(IFCLINEINDEX((1,2,3,4,5,6,7,8,1))),$);
#6963=IFCCARTESIANPOINTLIST2D(((0.,0.),(0.,2.0250000022351742),(1.0025395676493645,2.0250000022351742),(1.0025395676493645,0.),(0.92753956466913223,0.),(0.92753956466913223,1.9499999992549419),(0.075000002980232239,1.9499999992549419),(0.075000002980232239,0.)));
#6964=IFCAXIS2PLACEMENT3D(#6965,#6966,#6967);
#6965=IFCCARTESIANPOINT((-0.025000002235174179,-0.004999999888241291,0.));
#6966=IFCDIRECTION((0.,-1.,0.));
#6967=IFCDIRECTION((1.,0.,0.));
#6968=IFCDIRECTION((0.,0.,-1.));
#6969=IFCEXTRUDEDAREASOLID(#6970,#6973,#6977,0.004999999888241291);
#6970=IFCARBITRARYCLOSEDPROFILEDEF(.AREA.,$,#6971);
#6971=IFCINDEXEDPOLYCURVE(#6972,(IFCLINEINDEX((1,2,3,4,5,6,7,8,1))),$);
#6972=IFCCARTESIANPOINTLIST2D(((0.,0.),(0.,2.0250000022351742),(1.0025395676493645,2.0250000022351742),(1.0025395676493645,0.),(0.95253956504166126,0.),(0.95253956504166126,1.974999999627471),(0.050000002607703209,1.974999999627471),(0.050000002607703209,0.)));
#6973=IFCAXIS2PLACEMENT3D(#6974,#6975,#6976);
#6974=IFCCARTESIANPOINT((-0.025000002235174179,0.05000000074505806,0.));
#6975=IFCDIRECTION((0.,-1.,0.));
#6976=IFCDIRECTION((1.,0.,0.));
#6977=IFCDIRECTION((0.,0.,-1.));
#6978=IFCREPRESENTATIONMAP(#6979,#6983);
#6979=IFCAXIS2PLACEMENT3D(#6980,#6981,#6982);
#6980=IFCCARTESIANPOINT((0.,0.,0.));
#6981=IFCDIRECTION((0.,0.,1.));
#6982=IFCDIRECTION((1.,0.,0.));
#6983=IFCSHAPEREPRESENTATION(#24,'Body','Curve2D',(#6984,#6986,#6988,#6995));
#6984=IFCINDEXEDPOLYCURVE(#6985,(IFCLINEINDEX((1,2,3,4,5,6,1))),$);
#6985=IFCCARTESIANPOINTLIST2D(((0.,0.),(0.,0.05000000074505806),(0.02500000037252903,0.05000000074505806),(0.02500000037252903,0.02500000037252903),(0.05000000074505806,0.02500000037252903),(0.05000000074505806,0.)));
#6986=IFCINDEXEDPOLYCURVE(#6987,(IFCLINEINDEX((1,2,3,4,5,6,1))),$);
#6987=IFCCARTESIANPOINTLIST2D(((0.95253956317901611,0.),(0.95253956317901611,0.05000000074505806),(0.92753956280648708,0.05000000074505806),(0.92753956280648708,0.02500000037252903),(0.90253956243395805,0.02500000037252903),(0.90253956243395805,0.)));
#6988=IFCTRIMMEDCURVE(#6989,(#6993),(#6994),.T.,.CARTESIAN.);
#6989=IFCELLIPSE(#6990,0.86753956228494644,0.90253956243395805);
#6990=IFCAXIS2PLACEMENT2D(#6991,#6992);
#6991=IFCCARTESIANPOINT((0.060000000521540642,0.05000000074505806));
#6992=IFCDIRECTION((1.,0.));
#6993=IFCCARTESIANPOINT((0.92753956280648708,0.05000000074505806));
#6994=IFCCARTESIANPOINT((0.060000000521540642,0.95253956317901611));
#6995=IFCINDEXEDPOLYCURVE(#6996,(IFCLINEINDEX((1,2,3,4,1))),$);
#6996=IFCCARTESIANPOINTLIST2D(((0.02500000037252903,0.05000000074505806),(0.060000000521540642,0.05000000074505806),(0.060000000521540642,0.95253956317901611),(0.02500000037252903,0.95253956317901611)));
#6997=IFCDOOR('38pzfBCkfDMQGEnIaI2VR5',$,'Door',$,$,#7061,#7006,$,2.,0.95253956317901611,$,$,$);
#6998=IFCRELDEFINESBYTYPE('3ydoI1KCf8nAFAH$eoneTY',$,$,$,(#6997),#6889);
#6999=IFCCARTESIANPOINT((0.,0.,0.));
#7000=IFCDIRECTION((1.,0.,0.));
#7001=IFCDIRECTION((0.,1.,0.));
#7002=IFCDIRECTION((0.,0.,1.));
#7003=IFCCARTESIANTRANSFORMATIONOPERATOR3D(#7000,#7001,#6999,1.,#7002);
#7004=IFCMAPPEDITEM(#6892,#7003);
#7005=IFCSHAPEREPRESENTATION(#18,'Profile','MappedRepresentation',(#7004));
#7006=IFCPRODUCTDEFINITIONSHAPE($,$,(#7005,#7013,#7020));
#7007=IFCCARTESIANPOINT((0.,0.,0.));
#7008=IFCDIRECTION((1.,0.,0.));
#7009=IFCDIRECTION((0.,1.,0.));
#7010=IFCDIRECTION((0.,0.,1.));
#7011=IFCCARTESIANTRANSFORMATIONOPERATOR3D(#7008,#7009,#7007,1.,#7010);
#7012=IFCMAPPEDITEM(#6900,#7011);
#7013=IFCSHAPEREPRESENTATION(#11,'Body','MappedRepresentation',(#7012));
#7014=IFCCARTESIANPOINT((0.,0.,0.));
#7015=IFCDIRECTION((1.,0.,0.));
#7016=IFCDIRECTION((0.,1.,0.));
#7017=IFCDIRECTION((0.,0.,1.));
#7018=IFCCARTESIANTRANSFORMATIONOPERATOR3D(#7015,#7016,#7014,1.,#7017);
#7019=IFCMAPPEDITEM(#6978,#7018);
#7020=IFCSHAPEREPRESENTATION(#24,'Body','MappedRepresentation',(#7019));
#7021=IFCOPENINGELEMENT('0o5yj9m3X0wAaggDOnhx8q',$,'Opening',$,$,#7055,#7049,$,.OPENING.);
#7027=IFCCARTESIANPOINTLIST2D(((0.,0.),(0.95253956317901611,0.),(0.95253956317901611,2.),(0.,2.)));
#7028=IFCINDEXEDPOLYCURVE(#7027,(IFCLINEINDEX((1,2,3,4,1))),$);
#7029=IFCARBITRARYCLOSEDPROFILEDEF(.AREA.,$,#7028);
#7030=IFCCARTESIANPOINT((0.,-0.60000002384185791,0.));
#7031=IFCDIRECTION((0.,-1.,0.));
#7032=IFCDIRECTION((1.,0.,0.));
#7033=IFCAXIS2PLACEMENT3D(#7030,#7031,#7032);
#7034=IFCDIRECTION((0.,0.,-1.));
#7035=IFCEXTRUDEDAREASOLID(#7029,#7033,#7034,1.2);
#7036=IFCSHAPEREPRESENTATION(#11,'Body','SweptSolid',(#7035));
#7037=IFCCARTESIANPOINT((0.,0.,0.));
#7038=IFCDIRECTION((1.,0.,0.));
#7039=IFCDIRECTION((0.,0.,1.));
#7040=IFCAXIS2PLACEMENT3D(#7037,#7039,#7038);
#7041=IFCREPRESENTATIONMAP(#7040,#7036);
#7042=IFCCARTESIANPOINT((0.,0.,0.));
#7043=IFCDIRECTION((1.,0.,0.));
#7044=IFCDIRECTION((0.,1.,0.));
#7045=IFCDIRECTION((0.,0.,1.));
#7046=IFCCARTESIANTRANSFORMATIONOPERATOR3D(#7043,#7044,#7042,1.,#7045);
#7047=IFCMAPPEDITEM(#7041,#7046);
#7048=IFCSHAPEREPRESENTATION(#11,'Body','MappedRepresentation',(#7047));
#7049=IFCPRODUCTDEFINITIONSHAPE($,$,(#7048));
#7050=IFCRELVOIDSELEMENT('1y_KT1uzrA3ghxfwi8chIb',$,$,$,#6132,#7021);
#7051=IFCCARTESIANPOINT((1.1554918789871553,0.09999986756041368,0.));
#7052=IFCDIRECTION((0.,0.,1.));
#7053=IFCDIRECTION((-0.99999999999999623,8.742277657347239E-08,0.));
#7054=IFCAXIS2PLACEMENT3D(#7051,#7052,#7053);
#7055=IFCLOCALPLACEMENT(#6535,#7054);
#7056=IFCRELFILLSELEMENT('0hbcLEJ3f6PPDuxnX3$_A9',$,$,$,#7021,#6997);
#7057=IFCCARTESIANPOINT((-2.2204460492503131E-16,-4.4408920985006262E-16,0.));
#7058=IFCDIRECTION((0.,0.,1.));
#7059=IFCDIRECTION((1.,0.,0.));
#7060=IFCAXIS2PLACEMENT3D(#7057,#7058,#7059);
#7061=IFCLOCALPLACEMENT(#7055,#7060);
#7062=IFCDOORTYPE('1Bgm9Qfqv88uwK4mCQsdSj',$,'Balcony-2F',$,$,(#7063),(#7065,#7073,#7124,#7136),$,$,.DOOR.,.SINGLE_SWING_LEFT.,$,$);
#7063=IFCPROPERTYSET('07ktaohI97MhpEki4L5PO$',$,'BBIM_Door',$,(#7064));
#7064=IFCPROPERTYSINGLEVALUE('Data',$,IFCTEXT('{"door_type": "SLIDING_TO_RIGHT", "overall_height": 2.0, "overall_width": 1.3665246963500977, "lining_properties": {"lining_depth": 0.05000000074505806, "lining_thickness": 0.05000000074505806, "lining_offset": 0.0, "transom_thickness": 0.0, "casing_thickness": 0.0, "threshold_thickness": 0.02500000037252903, "threshold_depth": 0.10000000149011612, "threshold_offset": 0.0}, "panel_properties": {"panel_depth": 0.03500000014901161, "panel_width_ratio": 1.0}}'),$);
#7065=IFCREPRESENTATIONMAP(#7066,#7070);
#7066=IFCAXIS2PLACEMENT3D(#7067,#7068,#7069);
#7067=IFCCARTESIANPOINT((0.,0.,0.));
#7068=IFCDIRECTION((0.,0.,1.));
#7069=IFCDIRECTION((1.,0.,0.));
#7070=IFCSHAPEREPRESENTATION(#18,'Profile','Curve3D',(#7071));
#7071=IFCINDEXEDPOLYCURVE(#7072,(IFCLINEINDEX((1,2,3,4,1))),$);
#7072=IFCCARTESIANPOINTLIST3D(((0.,0.,0.),(1.3665246963500977,0.,0.),(1.3665246963500977,0.,2.),(0.,0.,2.)));
#7073=IFCREPRESENTATIONMAP(#7074,#7078);
#7074=IFCAXIS2PLACEMENT3D(#7075,#7076,#7077);
#7075=IFCCARTESIANPOINT((0.,0.,0.));
#7076=IFCDIRECTION((0.,0.,1.));
#7077=IFCDIRECTION((1.,0.,0.));
#7078=IFCSHAPEREPRESENTATION(#11,'Body','SweptSolid',(#7079,#7088,#7097,#7106,#7115));
#7079=IFCEXTRUDEDAREASOLID(#7080,#7083,#7087,0.05000000074505806);
#7080=IFCARBITRARYCLOSEDPROFILEDEF(.AREA.,$,#7081);
#7081=IFCINDEXEDPOLYCURVE(#7082,(IFCLINEINDEX((1,2,3,4,5,6,7,8,1))),$);
#7082=IFCCARTESIANPOINTLIST2D(((0.,0.),(0.,2.),(1.3665246963500977,2.),(1.3665246963500977,0.),(1.3165246956050396,0.),(1.3165246956050396,1.9499999992549419),(0.05000000074505806,1.9499999992549419),(0.05000000074505806,0.)));
#7083=IFCAXIS2PLACEMENT3D(#7084,#7085,#7086);
#7084=IFCCARTESIANPOINT((0.,0.,0.));
#7085=IFCDIRECTION((0.,-1.,0.));
#7086=IFCDIRECTION((1.,0.,0.));
#7087=IFCDIRECTION((0.,0.,-1.));
#7088=IFCEXTRUDEDAREASOLID(#7089,#7092,#7096,1.9249999988824129);
#7089=IFCARBITRARYCLOSEDPROFILEDEF(.AREA.,$,#7090);
#7090=IFCINDEXEDPOLYCURVE(#7091,(IFCLINEINDEX((1,2,3,4,1))),$);
#7091=IFCCARTESIANPOINTLIST2D(((0.,0.),(1.2665246948599815,0.),(1.2665246948599815,0.035000000149011612),(0.,0.035000000149011612)));
#7092=IFCAXIS2PLACEMENT3D(#7093,#7094,#7095);
#7093=IFCCARTESIANPOINT((0.05000000074505806,-0.035000000149011612,0.02500000037252903));
#7094=IFCDIRECTION((0.,0.,1.));
#7095=IFCDIRECTION((1.,0.,0.));
#7096=IFCDIRECTION((0.,0.,1.));
#7097=IFCEXTRUDEDAREASOLID(#7098,#7101,#7105,0.02);
#7098=IFCARBITRARYCLOSEDPROFILEDEF(.AREA.,$,#7099);
#7099=IFCINDEXEDPOLYCURVE(#7100,(IFCLINEINDEX((1,2,3,4,5,6,1))),$);
#7100=IFCCARTESIANPOINTLIST2D(((0.,0.),(0.,-0.040000000000000001),(0.12,-0.040000000000000001),(0.12,-0.02),(0.02,-0.02),(0.02,0.)));
#7101=IFCAXIS2PLACEMENT3D(#7102,#7103,#7104);
#7102=IFCCARTESIANPOINT((0.10000000074505806,-0.035000000149011612,1.015000000372529));
#7103=IFCDIRECTION((0.,0.,1.));
#7104=IFCDIRECTION((1.,0.,0.));
#7105=IFCDIRECTION((0.,0.,1.));
#7106=IFCEXTRUDEDAREASOLID(#7107,#7110,#7114,0.02);
#7107=IFCARBITRARYCLOSEDPROFILEDEF(.AREA.,$,#7108);
#7108=IFCINDEXEDPOLYCURVE(#7109,(IFCLINEINDEX((1,2,3,4,5,6,1))),$);
#7109=IFCCARTESIANPOINTLIST2D(((0.,0.),(0.,0.040000000000000008),(0.11999999999999998,0.040000000000000008),(0.11999999999999998,0.020000000000000004),(0.020000000000000004,0.020000000000000004),(0.020000000000000004,0.)));
#7110=IFCAXIS2PLACEMENT3D(#7111,#7112,#7113);
#7111=IFCCARTESIANPOINT((0.10000000074505806,0.,1.015000000372529));
#7112=IFCDIRECTION((0.,0.,1.));
#7113=IFCDIRECTION((1.,0.,0.));
#7114=IFCDIRECTION((0.,0.,1.));
#7115=IFCEXTRUDEDAREASOLID(#7116,#7119,#7123,0.02500000037252903);
#7116=IFCARBITRARYCLOSEDPROFILEDEF(.AREA.,$,#7117);
#7117=IFCINDEXEDPOLYCURVE(#7118,(IFCLINEINDEX((1,2,3,4,1))),$);
#7118=IFCCARTESIANPOINTLIST2D(((0.,0.),(1.2665246948599815,0.),(1.2665246948599815,0.10000000149011612),(0.,0.10000000149011612)));
#7119=IFCAXIS2PLACEMENT3D(#7120,#7121,#7122);
#7120=IFCCARTESIANPOINT((0.05000000074505806,0.,0.));
#7121=IFCDIRECTION((0.,0.,1.));
#7122=IFCDIRECTION((1.,0.,0.));
#7123=IFCDIRECTION((0.,0.,1.));
#7124=IFCREPRESENTATIONMAP(#7125,#7129);
#7125=IFCAXIS2PLACEMENT3D(#7126,#7127,#7128);
#7126=IFCCARTESIANPOINT((0.,0.,0.));
#7127=IFCDIRECTION((0.,0.,1.));
#7128=IFCDIRECTION((1.,0.,0.));
#7129=IFCSHAPEREPRESENTATION(#24,'Body','Curve2D',(#7130,#7132,#7134));
#7130=IFCINDEXEDPOLYCURVE(#7131,(IFCLINEINDEX((1,2,3,4,1))),$);
#7131=IFCCARTESIANPOINTLIST2D(((0.,0.),(0.05000000074505806,0.),(0.05000000074505806,0.05000000074505806),(0.,0.05000000074505806)));
#7132=IFCINDEXEDPOLYCURVE(#7133,(IFCLINEINDEX((1,2,3,4,1))),$);
#7133=IFCCARTESIANPOINTLIST2D(((1.3665246963500977,0.),(1.3165246956050396,0.),(1.3165246956050396,0.05000000074505806),(1.3665246963500977,0.05000000074505806)));
#7134=IFCINDEXEDPOLYCURVE(#7135,(IFCLINEINDEX((1,2,3,4,1))),$);
#7135=IFCCARTESIANPOINTLIST2D(((1.9497870430350304,-0.035000000149011612),(0.68326234817504883,-0.035000000149011612),(0.68326234817504883,0.),(1.9497870430350304,0.)));
#7136=IFCREPRESENTATIONMAP(#7137,#7141);
#7137=IFCAXIS2PLACEMENT3D(#7138,#7139,#7140);
#7138=IFCCARTESIANPOINT((0.,0.,0.));
#7139=IFCDIRECTION((0.,0.,1.));
#7140=IFCDIRECTION((1.,0.,0.));
#7141=IFCSHAPEREPRESENTATION(#25,'Annotation','Curve2D',(#7142,#7144));
#7142=IFCINDEXEDPOLYCURVE(#7143,$,$);
#7143=IFCCARTESIANPOINTLIST2D(((0.49328364394605156,-0.081587428267465345),(0.87324105240404604,-0.081587428267465345)));
#7144=IFCINDEXEDPOLYCURVE(#7145,$,$);
#7145=IFCCARTESIANPOINTLIST2D(((0.52328364394605154,-0.050529142855162856),(0.49328364394605156,-0.081587428267465345),(0.52328364394605154,-0.11264571367976783)));
#7182=IFCCARTESIANPOINT((0.22499543428421021,5.4718656539916992,0.));
#7183=IFCDIRECTION((0.,0.,1.));
#7184=IFCDIRECTION((6.7154434191237091E-07,-0.99999999999977462,0.));
#7185=IFCAXIS2PLACEMENT3D(#7182,#7183,#7184);
#7186=IFCLOCALPLACEMENT(#5813,#7185);
#7187=IFCCARTESIANPOINT((0.32499876618385315,0.41264903545379639,0.));
#7188=IFCDIRECTION((0.,0.,1.));
#7189=IFCDIRECTION((1.,0.,0.));
#7190=IFCAXIS2PLACEMENT3D(#7187,#7188,#7189);
#7191=IFCLOCALPLACEMENT(#5813,#7190);
#7192=IFCCARTESIANPOINT((-3.1749999523162842,5.4718666076660156,0.));
#7193=IFCDIRECTION((0.,0.,1.));
#7194=IFCDIRECTION((1.,0.,0.));
#7195=IFCAXIS2PLACEMENT3D(#7192,#7193,#7194);
#7196=IFCLOCALPLACEMENT(#5813,#7195);
#7197=IFCCARTESIANPOINT((-3.1749999523162842,2.5468642711639404,0.));
#7198=IFCDIRECTION((0.,0.,1.));
#7199=IFCDIRECTION((1.,0.,0.));
#7200=IFCAXIS2PLACEMENT3D(#7197,#7198,#7199);
#7201=IFCLOCALPLACEMENT(#5813,#7200);
#7202=IFCDOOR('1T6BmzRzTBbRcjyJjKYYYZ',$,'Door',$,$,#7273,#7211,$,2.,1.3665246963500977,$,$,$);
#7203=IFCRELDEFINESBYTYPE('1t_hbrx_j01uQsPtoCp5Bb',$,$,$,(#7202),#7062);
#7204=IFCCARTESIANPOINT((0.,0.,0.));
#7205=IFCDIRECTION((1.,0.,0.));
#7206=IFCDIRECTION((0.,1.,0.));
#7207=IFCDIRECTION((0.,0.,1.));
#7208=IFCCARTESIANTRANSFORMATIONOPERATOR3D(#7205,#7206,#7204,1.,#7207);
#7209=IFCMAPPEDITEM(#7065,#7208);
#7210=IFCSHAPEREPRESENTATION(#18,'Profile','MappedRepresentation',(#7209));
#7211=IFCPRODUCTDEFINITIONSHAPE($,$,(#7210,#7218,#7225,#7232));
#7212=IFCCARTESIANPOINT((0.,0.,0.));
#7213=IFCDIRECTION((1.,0.,0.));
#7214=IFCDIRECTION((0.,1.,0.));
#7215=IFCDIRECTION((0.,0.,1.));
#7216=IFCCARTESIANTRANSFORMATIONOPERATOR3D(#7213,#7214,#7212,1.,#7215);
#7217=IFCMAPPEDITEM(#7073,#7216);
#7218=IFCSHAPEREPRESENTATION(#11,'Body','MappedRepresentation',(#7217));
#7219=IFCCARTESIANPOINT((0.,0.,0.));
#7220=IFCDIRECTION((1.,0.,0.));
#7221=IFCDIRECTION((0.,1.,0.));
#7222=IFCDIRECTION((0.,0.,1.));
#7223=IFCCARTESIANTRANSFORMATIONOPERATOR3D(#7220,#7221,#7219,1.,#7222);
#7224=IFCMAPPEDITEM(#7124,#7223);
#7225=IFCSHAPEREPRESENTATION(#24,'Body','MappedRepresentation',(#7224));
#7226=IFCCARTESIANPOINT((0.,0.,0.));
#7227=IFCDIRECTION((1.,0.,0.));
#7228=IFCDIRECTION((0.,1.,0.));
#7229=IFCDIRECTION((0.,0.,1.));
#7230=IFCCARTESIANTRANSFORMATIONOPERATOR3D(#7227,#7228,#7226,1.,#7229);
#7231=IFCMAPPEDITEM(#7136,#7230);
#7232=IFCSHAPEREPRESENTATION(#25,'Annotation','MappedRepresentation',(#7231));
#7233=IFCOPENINGELEMENT('1QeG1UePfC_fGPkcugl0TI',$,'Opening',$,$,#7267,#7261,$,.OPENING.);
#7239=IFCCARTESIANPOINTLIST2D(((0.,0.),(1.3665246963500977,0.),(1.3665246963500977,2.),(0.,2.)));
#7240=IFCINDEXEDPOLYCURVE(#7239,(IFCLINEINDEX((1,2,3,4,1))),$);
#7241=IFCARBITRARYCLOSEDPROFILEDEF(.AREA.,$,#7240);
#7242=IFCCARTESIANPOINT((0.,-0.60000002384185791,0.));
#7243=IFCDIRECTION((0.,-1.,0.));
#7244=IFCDIRECTION((1.,0.,0.));
#7245=IFCAXIS2PLACEMENT3D(#7242,#7243,#7244);
#7246=IFCDIRECTION((0.,0.,-1.));
#7247=IFCEXTRUDEDAREASOLID(#7241,#7245,#7246,1.2);
#7248=IFCSHAPEREPRESENTATION(#11,'Body','SweptSolid',(#7247));
#7249=IFCCARTESIANPOINT((0.,0.,0.));
#7250=IFCDIRECTION((1.,0.,0.));
#7251=IFCDIRECTION((0.,0.,1.));
#7252=IFCAXIS2PLACEMENT3D(#7249,#7251,#7250);
#7253=IFCREPRESENTATIONMAP(#7252,#7248);
#7254=IFCCARTESIANPOINT((0.,0.,0.));
#7255=IFCDIRECTION((1.,0.,0.));
#7256=IFCDIRECTION((0.,1.,0.));
#7257=IFCDIRECTION((0.,0.,1.));
#7258=IFCCARTESIANTRANSFORMATIONOPERATOR3D(#7255,#7256,#7254,1.,#7257);
#7259=IFCMAPPEDITEM(#7253,#7258);
#7260=IFCSHAPEREPRESENTATION(#11,'Body','MappedRepresentation',(#7259));
#7261=IFCPRODUCTDEFINITIONSHAPE($,$,(#7260));
#7262=IFCRELVOIDSELEMENT('1ymXvOQyv1Zg$Mgke$NRaN',$,$,$,#6082,#7233);
#7263=IFCCARTESIANPOINT((2.7729973125552623,0.10000002384185791,0.));
#7264=IFCDIRECTION((0.,0.,1.));
#7265=IFCDIRECTION((-0.99999999999998868,1.5099580252808492E-07,0.));
#7266=IFCAXIS2PLACEMENT3D(#7263,#7264,#7265);
#7267=IFCLOCALPLACEMENT(#6471,#7266);
#7268=IFCRELFILLSELEMENT('2rgx6mjSX4pRqEw0DJR6S9',$,$,$,#7233,#7202);
#7269=IFCCARTESIANPOINT((0.,0.,0.));
#7270=IFCDIRECTION((0.,0.,1.));
#7271=IFCDIRECTION((1.,0.,0.));
#7272=IFCAXIS2PLACEMENT3D(#7269,#7270,#7271);
#7273=IFCLOCALPLACEMENT(#7267,#7272);
#7274=IFCDOORTYPE('1uqRcHE6H9GQ5CudcLHVs5',$,'Bedroom2-2-2F',$,$,(#7275),(#7277,#7285,#7363),$,$,.DOOR.,.SINGLE_SWING_LEFT.,$,$);
#7275=IFCPROPERTYSET('0nakvKpZ94bgIoJYr6eCWJ',$,'BBIM_Door',$,(#7276));
#7276=IFCPROPERTYSINGLEVALUE('Data',$,IFCTEXT('{"door_type": "DOUBLE_SWING_LEFT", "overall_height": 2.0, "overall_width": 0.8164982795715332, "lining_properties": {"lining_depth": 0.05000000074505806, "lining_thickness": 0.05000000074505806, "lining_offset": 0.0, "lining_to_panel_offset_x": 0.02500000037252903, "lining_to_panel_offset_y": 0.02500000037252903, "transom_thickness": 0.0, "casing_thickness": 0.07500000298023224, "casing_depth": 0.004999999888241291, "threshold_thickness": 0.02500000037252903, "threshold_depth": 0.10000000149011612, "threshold_offset": 0.0}, "panel_properties": {"panel_depth": 0.03500000014901161, "panel_width_ratio": 1.0}}'),$);
#7277=IFCREPRESENTATIONMAP(#7278,#7464);
#7278=IFCAXIS2PLACEMENT3D(#7279,#7280,#7281);
#7279=IFCCARTESIANPOINT((0.,0.,0.));
#7280=IFCDIRECTION((0.,0.,1.));
#7281=IFCDIRECTION((1.,0.,0.));
#7285=IFCREPRESENTATIONMAP(#7286,#7528);
#7286=IFCAXIS2PLACEMENT3D(#7287,#7288,#7289);
#7287=IFCCARTESIANPOINT((0.,0.,0.));
#7288=IFCDIRECTION((0.,0.,1.));
#7289=IFCDIRECTION((1.,0.,0.));
#7363=IFCREPRESENTATIONMAP(#7364,#7548);
#7364=IFCAXIS2PLACEMENT3D(#7365,#7366,#7367);
#7365=IFCCARTESIANPOINT((0.,0.,0.));
#7366=IFCDIRECTION((0.,0.,1.));
#7367=IFCDIRECTION((1.,0.,0.));
#7382=IFCDOOR('1kfwQEQefArBcV5fD0qDM7',$,'Door',$,$,#7573,#7391,$,2.,0.8164982795715332,$,.DOUBLE_SWING_LEFT.,$);
#7383=IFCRELDEFINESBYTYPE('0dgOz1gSTC$9B2NA6A$_Ud',$,$,$,(#7382),#7274);
#7384=IFCCARTESIANPOINT((0.,0.,0.));
#7385=IFCDIRECTION((1.,0.,0.));
#7386=IFCDIRECTION((0.,1.,0.));
#7387=IFCDIRECTION((0.,0.,1.));
#7388=IFCCARTESIANTRANSFORMATIONOPERATOR3D(#7385,#7386,#7384,1.,#7387);
#7389=IFCMAPPEDITEM(#7277,#7388);
#7390=IFCSHAPEREPRESENTATION(#18,'Profile','MappedRepresentation',(#7389));
#7391=IFCPRODUCTDEFINITIONSHAPE($,$,(#7390,#7398,#7405));
#7392=IFCCARTESIANPOINT((0.,0.,0.));
#7393=IFCDIRECTION((1.,0.,0.));
#7394=IFCDIRECTION((0.,1.,0.));
#7395=IFCDIRECTION((0.,0.,1.));
#7396=IFCCARTESIANTRANSFORMATIONOPERATOR3D(#7393,#7394,#7392,1.,#7395);
#7397=IFCMAPPEDITEM(#7285,#7396);
#7398=IFCSHAPEREPRESENTATION(#11,'Body','MappedRepresentation',(#7397));
#7399=IFCCARTESIANPOINT((0.,0.,0.));
#7400=IFCDIRECTION((1.,0.,0.));
#7401=IFCDIRECTION((0.,1.,0.));
#7402=IFCDIRECTION((0.,0.,1.));
#7403=IFCCARTESIANTRANSFORMATIONOPERATOR3D(#7400,#7401,#7399,1.,#7402);
#7404=IFCMAPPEDITEM(#7363,#7403);
#7405=IFCSHAPEREPRESENTATION(#24,'Body','MappedRepresentation',(#7404));
#7406=IFCOPENINGELEMENT('1FCq0_Crz7$PsY2Mn6hOWr',$,'Opening',$,$,#7568,#7434,$,.OPENING.);
#7422=IFCCARTESIANPOINT((0.,0.,0.));
#7423=IFCDIRECTION((1.,0.,0.));
#7424=IFCDIRECTION((0.,0.,1.));
#7425=IFCAXIS2PLACEMENT3D(#7422,#7424,#7423);
#7426=IFCREPRESENTATIONMAP(#7425,#7558);
#7427=IFCCARTESIANPOINT((0.,0.,0.));
#7428=IFCDIRECTION((1.,0.,0.));
#7429=IFCDIRECTION((0.,1.,0.));
#7430=IFCDIRECTION((0.,0.,1.));
#7431=IFCCARTESIANTRANSFORMATIONOPERATOR3D(#7428,#7429,#7427,1.,#7430);
#7432=IFCMAPPEDITEM(#7426,#7431);
#7433=IFCSHAPEREPRESENTATION(#11,'Body','MappedRepresentation',(#7432));
#7434=IFCPRODUCTDEFINITIONSHAPE($,$,(#7433));
#7435=IFCRELVOIDSELEMENT('3ANHwu7qT58R6vH9FaCTSQ',$,$,$,#6715,#7406);
#7441=IFCRELFILLSELEMENT('2IntLZb652DAxhss2n4GAh',$,$,$,#7406,#7382);
#7462=IFCCARTESIANPOINTLIST3D(((0.,0.,0.),(0.8164982795715332,0.,0.),(0.8164982795715332,0.,2.),(0.,0.,2.)));
#7463=IFCINDEXEDPOLYCURVE(#7462,(IFCLINEINDEX((1,2,3,4,1))),$);
#7464=IFCSHAPEREPRESENTATION(#18,'Profile','Curve3D',(#7463));
#7465=IFCCARTESIANPOINTLIST2D(((0.,0.),(0.,2.),(0.8164982795715332,2.),(0.8164982795715332,0.),(0.79149827919900417,0.),(0.79149827919900417,1.974999999627471),(0.02500000037252903,1.974999999627471),(0.02500000037252903,0.)));
#7466=IFCINDEXEDPOLYCURVE(#7465,(IFCLINEINDEX((1,2,3,4,5,6,7,8,1))),$);
#7467=IFCARBITRARYCLOSEDPROFILEDEF(.AREA.,$,#7466);
#7468=IFCCARTESIANPOINT((0.,0.,0.));
#7469=IFCDIRECTION((0.,-1.,0.));
#7470=IFCDIRECTION((1.,0.,0.));
#7471=IFCAXIS2PLACEMENT3D(#7468,#7469,#7470);
#7472=IFCDIRECTION((0.,0.,-1.));
#7473=IFCEXTRUDEDAREASOLID(#7467,#7471,#7472,0.05000000074505806);
#7474=IFCCARTESIANPOINTLIST2D(((0.,0.),(0.76649827882647514,0.),(0.76649827882647514,0.10000000149011612),(0.,0.10000000149011612)));
#7475=IFCINDEXEDPOLYCURVE(#7474,(IFCLINEINDEX((1,2,3,4,1))),$);
#7476=IFCARBITRARYCLOSEDPROFILEDEF(.AREA.,$,#7475);
#7477=IFCCARTESIANPOINT((0.02500000037252903,0.,0.));
#7478=IFCDIRECTION((0.,0.,1.));
#7479=IFCDIRECTION((1.,0.,0.));
#7480=IFCAXIS2PLACEMENT3D(#7477,#7478,#7479);
#7481=IFCDIRECTION((0.,0.,1.));
#7482=IFCEXTRUDEDAREASOLID(#7476,#7480,#7481,0.02500000037252903);
#7483=IFCCARTESIANPOINTLIST2D(((0.,0.),(0.,2.0250000022351742),(0.86649828404188156,2.0250000022351742),(0.86649828404188156,0.),(0.81649828143417835,0.),(0.81649828143417835,1.974999999627471),(0.050000002607703209,1.974999999627471),(0.050000002607703209,0.)));
#7484=IFCINDEXEDPOLYCURVE(#7483,(IFCLINEINDEX((1,2,3,4,5,6,7,8,1))),$);
#7485=IFCARBITRARYCLOSEDPROFILEDEF(.AREA.,$,#7484);
#7486=IFCCARTESIANPOINT((-0.025000002235174179,-0.004999999888241291,0.));
#7487=IFCDIRECTION((0.,-1.,0.));
#7488=IFCDIRECTION((1.,0.,0.));
#7489=IFCAXIS2PLACEMENT3D(#7486,#7487,#7488);
#7490=IFCDIRECTION((0.,0.,-1.));
#7491=IFCEXTRUDEDAREASOLID(#7485,#7489,#7490,0.004999999888241291);
#7492=IFCCARTESIANPOINTLIST2D(((0.,0.),(0.,2.0250000022351742),(0.86649828404188156,2.0250000022351742),(0.86649828404188156,0.),(0.81649828143417835,0.),(0.81649828143417835,1.974999999627471),(0.050000002607703209,1.974999999627471),(0.050000002607703209,0.)));
#7493=IFCINDEXEDPOLYCURVE(#7492,(IFCLINEINDEX((1,2,3,4,5,6,7,8,1))),$);
#7494=IFCARBITRARYCLOSEDPROFILEDEF(.AREA.,$,#7493);
#7495=IFCCARTESIANPOINT((-0.025000002235174179,0.05000000074505806,0.));
#7496=IFCDIRECTION((0.,-1.,0.));
#7497=IFCDIRECTION((1.,0.,0.));
#7498=IFCAXIS2PLACEMENT3D(#7495,#7496,#7497);
#7499=IFCDIRECTION((0.,0.,-1.));
#7500=IFCEXTRUDEDAREASOLID(#7494,#7498,#7499,0.004999999888241291);
#7501=IFCCARTESIANPOINTLIST2D(((0.,0.),(0.76649827882647514,0.),(0.76649827882647514,0.035000000149011612),(0.,0.035000000149011612)));
#7502=IFCINDEXEDPOLYCURVE(#7501,(IFCLINEINDEX((1,2,3,4,1))),$);
#7503=IFCARBITRARYCLOSEDPROFILEDEF(.AREA.,$,#7502);
#7504=IFCCARTESIANPOINT((0.02500000037252903,0.02500000037252903,0.02500000037252903));
#7505=IFCDIRECTION((0.,0.,1.));
#7506=IFCDIRECTION((1.,0.,0.));
#7507=IFCAXIS2PLACEMENT3D(#7504,#7505,#7506);
#7508=IFCDIRECTION((0.,0.,1.));
#7509=IFCEXTRUDEDAREASOLID(#7503,#7507,#7508,1.9499999992549419);
#7510=IFCCARTESIANPOINTLIST2D(((0.,0.),(0.,-0.040000000000000001),(-0.11999999999999988,-0.040000000000000001),(-0.11999999999999988,-0.02),(-0.020000000000000018,-0.02),(-0.020000000000000018,0.)));
#7511=IFCINDEXEDPOLYCURVE(#7510,(IFCLINEINDEX((1,2,3,4,5,6,1))),$);
#7512=IFCARBITRARYCLOSEDPROFILEDEF(.AREA.,$,#7511);
#7513=IFCCARTESIANPOINT((0.74149827919900413,0.02500000037252903,1.015000000372529));
#7514=IFCDIRECTION((0.,0.,1.));
#7515=IFCDIRECTION((1.,0.,0.));
#7516=IFCAXIS2PLACEMENT3D(#7513,#7514,#7515);
#7517=IFCDIRECTION((0.,0.,1.));
#7518=IFCEXTRUDEDAREASOLID(#7512,#7516,#7517,0.02);
#7519=IFCEXTRUDEDAREASOLID(#7520,#7523,#7527,0.02);
#7520=IFCARBITRARYCLOSEDPROFILEDEF(.AREA.,$,#7521);
#7521=IFCINDEXEDPOLYCURVE(#7522,(IFCLINEINDEX((1,2,3,4,5,6,1))),$);
#7522=IFCCARTESIANPOINTLIST2D(((0.,0.),(0.,0.040000000000000008),(-0.11999999999999988,0.040000000000000008),(-0.11999999999999988,0.020000000000000004),(-0.020000000000000018,0.020000000000000004),(-0.020000000000000018,0.)));
#7523=IFCAXIS2PLACEMENT3D(#7524,#7525,#7526);
#7524=IFCCARTESIANPOINT((0.74149827919900413,0.060000000521540642,1.015000000372529));
#7525=IFCDIRECTION((0.,0.,1.));
#7526=IFCDIRECTION((1.,0.,0.));
#7527=IFCDIRECTION((0.,0.,1.));
#7528=IFCSHAPEREPRESENTATION(#11,'Body','SweptSolid',(#7473,#7509,#7518,#7519,#7482,#7491,#7500));
#7529=IFCSHAPEREPRESENTATION(#11,'Body','SweptSolid',(#7473,#7482,#7491,#7500));
#7530=IFCSHAPEASPECT((#7529),'Lining',$,.T.,#7391);
#7531=IFCSHAPEREPRESENTATION(#11,'Body','SweptSolid',(#7509,#7518,#7519));
#7532=IFCSHAPEASPECT((#7531),'Framing',$,.T.,#7391);
#7533=IFCCARTESIANPOINTLIST2D(((0.,0.),(0.02500000037252903,0.),(0.02500000037252903,0.05000000074505806),(0.,0.05000000074505806)));
#7534=IFCINDEXEDPOLYCURVE(#7533,(IFCLINEINDEX((1,2,3,4,1))),$);
#7535=IFCINDEXEDPOLYCURVE(#7536,(IFCLINEINDEX((1,2,3,4,1))),$);
#7536=IFCCARTESIANPOINTLIST2D(((0.8164982795715332,0.),(0.79149827919900417,0.),(0.79149827919900417,0.05000000074505806),(0.8164982795715332,0.05000000074505806)));
#7537=IFCCARTESIANPOINTLIST2D(((0.02500000037252903,0.05000000074505806),(0.02500000037252903,-0.71649827808141708),(0.060000000521540642,-0.71649827808141708)));
#7538=IFCINDEXEDPOLYCURVE(#7537,$,$);
#7539=IFCDIRECTION((1.,0.));
#7540=IFCCARTESIANPOINT((0.060000000521540642,0.05000000074505806));
#7541=IFCAXIS2PLACEMENT2D(#7540,#7539);
#7542=IFCELLIPSE(#7541,0.73149827867746353,0.76649827882647514);
#7543=IFCCARTESIANPOINT((0.060000000521540642,-0.71649827808141708));
#7544=IFCCARTESIANPOINT((0.060000000521540642,0.8164982795715332));
#7545=IFCTRIMMEDCURVE(#7542,(#7543),(#7544),.T.,.CARTESIAN.);
#7546=IFCCARTESIANPOINTLIST2D(((0.02500000037252903,0.05000000074505806),(0.060000000521540642,0.05000000074505806),(0.060000000521540642,0.8164982795715332),(0.02500000037252903,0.8164982795715332)));
#7547=IFCINDEXEDPOLYCURVE(#7546,(IFCLINEINDEX((1,2,3,4,1))),$);
#7548=IFCSHAPEREPRESENTATION(#24,'Body','Curve2D',(#7534,#7535,#7538,#7545,#7547));
#7549=IFCCARTESIANPOINTLIST2D(((0.,0.),(0.8164982795715332,0.),(0.8164982795715332,2.),(0.,2.)));
#7550=IFCINDEXEDPOLYCURVE(#7549,(IFCLINEINDEX((1,2,3,4,1))),$);
#7551=IFCARBITRARYCLOSEDPROFILEDEF(.AREA.,$,#7550);
#7552=IFCCARTESIANPOINT((0.,-0.60000002384185791,0.));
#7553=IFCDIRECTION((0.,-1.,0.));
#7554=IFCDIRECTION((1.,0.,0.));
#7555=IFCAXIS2PLACEMENT3D(#7552,#7553,#7554);
#7556=IFCDIRECTION((0.,0.,-1.));
#7557=IFCEXTRUDEDAREASOLID(#7551,#7555,#7556,1.2);
#7558=IFCSHAPEREPRESENTATION(#11,'Body','SweptSolid',(#7557));
#7564=IFCCARTESIANPOINT((0.17855307459831238,2.6822090148925781E-07,0.));
#7565=IFCDIRECTION((0.,0.,1.));
#7566=IFCDIRECTION((0.99999999999997158,-2.3841857910155572E-07,0.));
#7567=IFCAXIS2PLACEMENT3D(#7564,#7565,#7566);
#7568=IFCLOCALPLACEMENT(#7191,#7567);
#7569=IFCCARTESIANPOINT((0.,0.,0.));
#7570=IFCDIRECTION((0.,0.,1.));
#7571=IFCDIRECTION((1.,0.,0.));
#7572=IFCAXIS2PLACEMENT3D(#7569,#7570,#7571);
#7573=IFCLOCALPLACEMENT(#7568,#7572);
#7574=IFCDOORTYPE('1m6Av1cfT6oBf8_2pDswAk',$,'FamilyArea-2F',$,$,(#7575),(#7577,#7585,#7654),$,$,.DOOR.,.SINGLE_SWING_LEFT.,$,$);
#7575=IFCPROPERTYSET('0stS2LydP4$Ogd_VdUcIcn',$,'BBIM_Door',$,(#7576));
#7576=IFCPROPERTYSINGLEVALUE('Data',$,IFCTEXT('{"door_type": "DOUBLE_SWING_RIGHT", "overall_height": 2.0, "overall_width": 0.7647788524627686, "lining_properties": {"lining_depth": 0.05000000074505806, "lining_thickness": 0.05000000074505806, "lining_offset": 0.0, "lining_to_panel_offset_x": 0.02500000037252903, "lining_to_panel_offset_y": 0.02500000037252903, "transom_thickness": 0.0, "casing_thickness": 0.07500000298023224, "casing_depth": 0.004999999888241291, "threshold_thickness": 0.02500000037252903, "threshold_depth": 0.10000000149011612, "threshold_offset": 0.0}, "panel_properties": {"panel_depth": 0.03500000014901161, "panel_width_ratio": 1.0}}'),$);
#7577=IFCREPRESENTATIONMAP(#7578,#7884);
#7578=IFCAXIS2PLACEMENT3D(#7579,#7580,#7581);
#7579=IFCCARTESIANPOINT((0.,0.,0.));
#7580=IFCDIRECTION((0.,0.,1.));
#7581=IFCDIRECTION((1.,0.,0.));
#7585=IFCREPRESENTATIONMAP(#7586,#7948);
#7586=IFCAXIS2PLACEMENT3D(#7587,#7588,#7589);
#7587=IFCCARTESIANPOINT((0.,0.,0.));
#7588=IFCDIRECTION((0.,0.,1.));
#7589=IFCDIRECTION((1.,0.,0.));
#7654=IFCREPRESENTATIONMAP(#7655,#7964);
#7655=IFCAXIS2PLACEMENT3D(#7656,#7657,#7658);
#7656=IFCCARTESIANPOINT((0.,0.,0.));
#7657=IFCDIRECTION((0.,0.,1.));
#7658=IFCDIRECTION((1.,0.,0.));
#7675=IFCDOOR('09S2U3Xcv9RwucHyWJmQFl',$,'Door',$,$,#7989,#7684,$,2.,0.76477885246276855,$,.DOUBLE_SWING_RIGHT.,$);
#7676=IFCRELDEFINESBYTYPE('3d8h384vTFGh2HHIGll1su',$,$,$,(#7675,#8091),#7574);
#7677=IFCCARTESIANPOINT((0.,0.,0.));
#7678=IFCDIRECTION((1.,0.,0.));
#7679=IFCDIRECTION((0.,1.,0.));
#7680=IFCDIRECTION((0.,0.,1.));
#7681=IFCCARTESIANTRANSFORMATIONOPERATOR3D(#7678,#7679,#7677,1.,#7680);
#7682=IFCMAPPEDITEM(#7577,#7681);
#7683=IFCSHAPEREPRESENTATION(#18,'Profile','MappedRepresentation',(#7682));
#7684=IFCPRODUCTDEFINITIONSHAPE($,$,(#7683,#7691,#7698));
#7685=IFCCARTESIANPOINT((0.,0.,0.));
#7686=IFCDIRECTION((1.,0.,0.));
#7687=IFCDIRECTION((0.,1.,0.));
#7688=IFCDIRECTION((0.,0.,1.));
#7689=IFCCARTESIANTRANSFORMATIONOPERATOR3D(#7686,#7687,#7685,1.,#7688);
#7690=IFCMAPPEDITEM(#7585,#7689);
#7691=IFCSHAPEREPRESENTATION(#11,'Body','MappedRepresentation',(#7690));
#7692=IFCCARTESIANPOINT((0.,0.,0.));
#7693=IFCDIRECTION((1.,0.,0.));
#7694=IFCDIRECTION((0.,1.,0.));
#7695=IFCDIRECTION((0.,0.,1.));
#7696=IFCCARTESIANTRANSFORMATIONOPERATOR3D(#7693,#7694,#7692,1.,#7695);
#7697=IFCMAPPEDITEM(#7654,#7696);
#7698=IFCSHAPEREPRESENTATION(#24,'Body','MappedRepresentation',(#7697));
#7699=IFCOPENINGELEMENT('1jcx8GJ19D4wwyN6l87TKv',$,'Opening',$,$,#7984,#7727,$,.OPENING.);
#7715=IFCCARTESIANPOINT((0.,0.,0.));
#7716=IFCDIRECTION((1.,0.,0.));
#7717=IFCDIRECTION((0.,0.,1.));
#7718=IFCAXIS2PLACEMENT3D(#7715,#7717,#7716);
#7719=IFCREPRESENTATIONMAP(#7718,#7974);
#7720=IFCCARTESIANPOINT((0.,0.,0.));
#7721=IFCDIRECTION((1.,0.,0.));
#7722=IFCDIRECTION((0.,1.,0.));
#7723=IFCDIRECTION((0.,0.,1.));
#7724=IFCCARTESIANTRANSFORMATIONOPERATOR3D(#7721,#7722,#7720,1.,#7723);
#7725=IFCMAPPEDITEM(#7719,#7724);
#7726=IFCSHAPEREPRESENTATION(#11,'Body','MappedRepresentation',(#7725));
#7727=IFCPRODUCTDEFINITIONSHAPE($,$,(#7726));
#7728=IFCRELVOIDSELEMENT('0WXzICUtj4PPnV63rtnsS6',$,$,$,#6677,#7699);
#7734=IFCRELFILLSELEMENT('02RYser$nE_vCWx8XrkoFw',$,$,$,#7699,#7675);
#7758=IFCCARTESIANPOINTLIST2D(((0.,0.),(0.,2.),(0.76477885246276855,2.),(0.76477885246276855,0.),(0.73977885209023952,0.),(0.73977885209023952,1.974999999627471),(0.02500000037252903,1.974999999627471),(0.02500000037252903,0.)));
#7759=IFCINDEXEDPOLYCURVE(#7758,(IFCLINEINDEX((1,2,3,4,5,6,7,8,1))),$);
#7760=IFCARBITRARYCLOSEDPROFILEDEF(.AREA.,$,#7759);
#7761=IFCCARTESIANPOINT((0.,0.,0.));
#7762=IFCDIRECTION((0.,-1.,0.));
#7763=IFCDIRECTION((1.,0.,0.));
#7764=IFCAXIS2PLACEMENT3D(#7761,#7762,#7763);
#7765=IFCDIRECTION((0.,0.,-1.));
#7766=IFCEXTRUDEDAREASOLID(#7760,#7764,#7765,0.05000000074505806);
#7767=IFCCARTESIANPOINTLIST2D(((0.,0.),(0.71477885171771049,0.),(0.71477885171771049,0.10000000149011612),(0.,0.10000000149011612)));
#7768=IFCINDEXEDPOLYCURVE(#7767,(IFCLINEINDEX((1,2,3,4,1))),$);
#7769=IFCARBITRARYCLOSEDPROFILEDEF(.AREA.,$,#7768);
#7770=IFCCARTESIANPOINT((0.02500000037252903,0.,0.));
#7771=IFCDIRECTION((0.,0.,1.));
#7772=IFCDIRECTION((1.,0.,0.));
#7773=IFCAXIS2PLACEMENT3D(#7770,#7771,#7772);
#7774=IFCDIRECTION((0.,0.,1.));
#7775=IFCEXTRUDEDAREASOLID(#7769,#7773,#7774,0.02500000037252903);
#7776=IFCCARTESIANPOINTLIST2D(((0.,0.),(0.,2.0250000022351742),(0.81477885693311691,2.0250000022351742),(0.81477885693311691,0.),(0.7647788543254137,0.),(0.7647788543254137,1.974999999627471),(0.050000002607703209,1.974999999627471),(0.050000002607703209,0.)));
#7777=IFCINDEXEDPOLYCURVE(#7776,(IFCLINEINDEX((1,2,3,4,5,6,7,8,1))),$);
#7778=IFCARBITRARYCLOSEDPROFILEDEF(.AREA.,$,#7777);
#7779=IFCCARTESIANPOINT((-0.025000002235174179,-0.004999999888241291,0.));
#7780=IFCDIRECTION((0.,-1.,0.));
#7781=IFCDIRECTION((1.,0.,0.));
#7782=IFCAXIS2PLACEMENT3D(#7779,#7780,#7781);
#7783=IFCDIRECTION((0.,0.,-1.));
#7784=IFCEXTRUDEDAREASOLID(#7778,#7782,#7783,0.004999999888241291);
#7785=IFCCARTESIANPOINTLIST2D(((0.,0.),(0.,2.0250000022351742),(0.81477885693311691,2.0250000022351742),(0.81477885693311691,0.),(0.7647788543254137,0.),(0.7647788543254137,1.974999999627471),(0.050000002607703209,1.974999999627471),(0.050000002607703209,0.)));
#7786=IFCINDEXEDPOLYCURVE(#7785,(IFCLINEINDEX((1,2,3,4,5,6,7,8,1))),$);
#7787=IFCARBITRARYCLOSEDPROFILEDEF(.AREA.,$,#7786);
#7788=IFCCARTESIANPOINT((-0.025000002235174179,0.05000000074505806,0.));
#7789=IFCDIRECTION((0.,-1.,0.));
#7790=IFCDIRECTION((1.,0.,0.));
#7791=IFCAXIS2PLACEMENT3D(#7788,#7789,#7790);
#7792=IFCDIRECTION((0.,0.,-1.));
#7793=IFCEXTRUDEDAREASOLID(#7787,#7791,#7792,0.004999999888241291);
#7794=IFCCARTESIANPOINTLIST2D(((0.,0.),(0.71477885171771049,0.),(0.71477885171771049,0.035000000149011612),(0.,0.035000000149011612)));
#7795=IFCINDEXEDPOLYCURVE(#7794,(IFCLINEINDEX((1,2,3,4,1))),$);
#7796=IFCARBITRARYCLOSEDPROFILEDEF(.AREA.,$,#7795);
#7797=IFCCARTESIANPOINT((0.02500000037252903,0.02500000037252903,0.02500000037252903));
#7798=IFCDIRECTION((0.,0.,1.));
#7799=IFCDIRECTION((1.,0.,0.));
#7800=IFCAXIS2PLACEMENT3D(#7797,#7798,#7799);
#7801=IFCDIRECTION((0.,0.,1.));
#7802=IFCEXTRUDEDAREASOLID(#7796,#7800,#7801,1.9499999992549419);
#7803=IFCCARTESIANPOINTLIST2D(((0.,0.),(0.,-0.040000000000000001),(0.12,-0.040000000000000001),(0.12,-0.02),(0.02,-0.02),(0.02,0.)));
#7804=IFCINDEXEDPOLYCURVE(#7803,(IFCLINEINDEX((1,2,3,4,5,6,1))),$);
#7805=IFCARBITRARYCLOSEDPROFILEDEF(.AREA.,$,#7804);
#7806=IFCCARTESIANPOINT((0.075000000372529033,0.02500000037252903,1.015000000372529));
#7807=IFCDIRECTION((0.,0.,1.));
#7808=IFCDIRECTION((1.,0.,0.));
#7809=IFCAXIS2PLACEMENT3D(#7806,#7807,#7808);
#7810=IFCDIRECTION((0.,0.,1.));
#7811=IFCEXTRUDEDAREASOLID(#7805,#7809,#7810,0.02);
#7812=IFCEXTRUDEDAREASOLID(#7813,#7816,#7820,0.02);
#7813=IFCARBITRARYCLOSEDPROFILEDEF(.AREA.,$,#7814);
#7814=IFCINDEXEDPOLYCURVE(#7815,(IFCLINEINDEX((1,2,3,4,5,6,1))),$);
#7815=IFCCARTESIANPOINTLIST2D(((0.,0.),(0.,0.040000000000000008),(0.11999999999999998,0.040000000000000008),(0.11999999999999998,0.020000000000000004),(0.020000000000000004,0.020000000000000004),(0.020000000000000004,0.)));
#7816=IFCAXIS2PLACEMENT3D(#7817,#7818,#7819);
#7817=IFCCARTESIANPOINT((0.075000000372529033,0.060000000521540642,1.015000000372529));
#7818=IFCDIRECTION((0.,0.,1.));
#7819=IFCDIRECTION((1.,0.,0.));
#7820=IFCDIRECTION((0.,0.,1.));
#7822=IFCSHAPEREPRESENTATION(#11,'Body','SweptSolid',(#7920,#7893,#7793,#7766,#7911,#7784,#7902,#7775));
#7823=IFCSHAPEASPECT((#7822),'Lining',$,.T.,#7684);
#7824=IFCSHAPEREPRESENTATION(#11,'Body','SweptSolid',(#7938,#7811,#7929,#7812,#7802,#7939));
#7825=IFCSHAPEASPECT((#7824),'Framing',$,.T.,#7684);
#7882=IFCCARTESIANPOINTLIST3D(((0.,0.,0.),(0.76477885246276855,0.,0.),(0.76477885246276855,0.,2.),(0.,0.,2.)));
#7883=IFCINDEXEDPOLYCURVE(#7882,(IFCLINEINDEX((1,2,3,4,1))),$);
#7884=IFCSHAPEREPRESENTATION(#18,'Profile','Curve3D',(#7883));
#7885=IFCCARTESIANPOINTLIST2D(((0.,0.),(0.,2.),(0.76477885246276855,2.),(0.76477885246276855,0.),(0.73977885209023952,0.),(0.73977885209023952,1.974999999627471),(0.02500000037252903,1.974999999627471),(0.02500000037252903,0.)));
#7886=IFCINDEXEDPOLYCURVE(#7885,(IFCLINEINDEX((1,2,3,4,5,6,7,8,1))),$);
#7887=IFCARBITRARYCLOSEDPROFILEDEF(.AREA.,$,#7886);
#7888=IFCCARTESIANPOINT((0.,0.,0.));
#7889=IFCDIRECTION((0.,-1.,0.));
#7890=IFCDIRECTION((1.,0.,0.));
#7891=IFCAXIS2PLACEMENT3D(#7888,#7889,#7890);
#7892=IFCDIRECTION((0.,0.,-1.));
#7893=IFCEXTRUDEDAREASOLID(#7887,#7891,#7892,0.05000000074505806);
#7894=IFCCARTESIANPOINTLIST2D(((0.,0.),(0.71477885171771049,0.),(0.71477885171771049,0.10000000149011612),(0.,0.10000000149011612)));
#7895=IFCINDEXEDPOLYCURVE(#7894,(IFCLINEINDEX((1,2,3,4,1))),$);
#7896=IFCARBITRARYCLOSEDPROFILEDEF(.AREA.,$,#7895);
#7897=IFCCARTESIANPOINT((0.02500000037252903,0.,0.));
#7898=IFCDIRECTION((0.,0.,1.));
#7899=IFCDIRECTION((1.,0.,0.));
#7900=IFCAXIS2PLACEMENT3D(#7897,#7898,#7899);
#7901=IFCDIRECTION((0.,0.,1.));
#7902=IFCEXTRUDEDAREASOLID(#7896,#7900,#7901,0.02500000037252903);
#7903=IFCCARTESIANPOINTLIST2D(((0.,0.),(0.,2.0250000022351742),(0.81477885693311691,2.0250000022351742),(0.81477885693311691,0.),(0.7647788543254137,0.),(0.7647788543254137,1.974999999627471),(0.050000002607703209,1.974999999627471),(0.050000002607703209,0.)));
#7904=IFCINDEXEDPOLYCURVE(#7903,(IFCLINEINDEX((1,2,3,4,5,6,7,8,1))),$);
#7905=IFCARBITRARYCLOSEDPROFILEDEF(.AREA.,$,#7904);
#7906=IFCCARTESIANPOINT((-0.025000002235174179,-0.004999999888241291,0.));
#7907=IFCDIRECTION((0.,-1.,0.));
#7908=IFCDIRECTION((1.,0.,0.));
#7909=IFCAXIS2PLACEMENT3D(#7906,#7907,#7908);
#7910=IFCDIRECTION((0.,0.,-1.));
#7911=IFCEXTRUDEDAREASOLID(#7905,#7909,#7910,0.004999999888241291);
#7912=IFCCARTESIANPOINTLIST2D(((0.,0.),(0.,2.0250000022351742),(0.81477885693311691,2.0250000022351742),(0.81477885693311691,0.),(0.7647788543254137,0.),(0.7647788543254137,1.974999999627471),(0.050000002607703209,1.974999999627471),(0.050000002607703209,0.)));
#7913=IFCINDEXEDPOLYCURVE(#7912,(IFCLINEINDEX((1,2,3,4,5,6,7,8,1))),$);
#7914=IFCARBITRARYCLOSEDPROFILEDEF(.AREA.,$,#7913);
#7915=IFCCARTESIANPOINT((-0.025000002235174179,0.05000000074505806,0.));
#7916=IFCDIRECTION((0.,-1.,0.));
#7917=IFCDIRECTION((1.,0.,0.));
#7918=IFCAXIS2PLACEMENT3D(#7915,#7916,#7917);
#7919=IFCDIRECTION((0.,0.,-1.));
#7920=IFCEXTRUDEDAREASOLID(#7914,#7918,#7919,0.004999999888241291);
#7921=IFCCARTESIANPOINTLIST2D(((0.,0.),(0.71477885171771049,0.),(0.71477885171771049,0.035000000149011612),(0.,0.035000000149011612)));
#7922=IFCINDEXEDPOLYCURVE(#7921,(IFCLINEINDEX((1,2,3,4,1))),$);
#7923=IFCARBITRARYCLOSEDPROFILEDEF(.AREA.,$,#7922);
#7924=IFCCARTESIANPOINT((0.02500000037252903,0.02500000037252903,0.02500000037252903));
#7925=IFCDIRECTION((0.,0.,1.));
#7926=IFCDIRECTION((1.,0.,0.));
#7927=IFCAXIS2PLACEMENT3D(#7924,#7925,#7926);
#7928=IFCDIRECTION((0.,0.,1.));
#7929=IFCEXTRUDEDAREASOLID(#7923,#7927,#7928,1.9499999992549419);
#7930=IFCCARTESIANPOINTLIST2D(((0.,0.),(0.,-0.040000000000000001),(0.12,-0.040000000000000001),(0.12,-0.02),(0.02,-0.02),(0.02,0.)));
#7931=IFCINDEXEDPOLYCURVE(#7930,(IFCLINEINDEX((1,2,3,4,5,6,1))),$);
#7932=IFCARBITRARYCLOSEDPROFILEDEF(.AREA.,$,#7931);
#7933=IFCCARTESIANPOINT((0.075000000372529033,0.02500000037252903,1.015000000372529));
#7934=IFCDIRECTION((0.,0.,1.));
#7935=IFCDIRECTION((1.,0.,0.));
#7936=IFCAXIS2PLACEMENT3D(#7933,#7934,#7935);
#7937=IFCDIRECTION((0.,0.,1.));
#7938=IFCEXTRUDEDAREASOLID(#7932,#7936,#7937,0.02);
#7939=IFCEXTRUDEDAREASOLID(#7940,#7943,#7947,0.02);
#7940=IFCARBITRARYCLOSEDPROFILEDEF(.AREA.,$,#7941);
#7941=IFCINDEXEDPOLYCURVE(#7942,(IFCLINEINDEX((1,2,3,4,5,6,1))),$);
#7942=IFCCARTESIANPOINTLIST2D(((0.,0.),(0.,0.040000000000000008),(0.11999999999999998,0.040000000000000008),(0.11999999999999998,0.020000000000000004),(0.020000000000000004,0.020000000000000004),(0.020000000000000004,0.)));
#7943=IFCAXIS2PLACEMENT3D(#7944,#7945,#7946);
#7944=IFCCARTESIANPOINT((0.075000000372529033,0.060000000521540642,1.015000000372529));
#7945=IFCDIRECTION((0.,0.,1.));
#7946=IFCDIRECTION((1.,0.,0.));
#7947=IFCDIRECTION((0.,0.,1.));
#7948=IFCSHAPEREPRESENTATION(#11,'Body','SweptSolid',(#7893,#7929,#7938,#7939,#7902,#7911,#7920));
#7949=IFCCARTESIANPOINTLIST2D(((0.,0.),(0.02500000037252903,0.),(0.02500000037252903,0.05000000074505806),(0.,0.05000000074505806)));
#7950=IFCINDEXEDPOLYCURVE(#7949,(IFCLINEINDEX((1,2,3,4,1))),$);
#7951=IFCINDEXEDPOLYCURVE(#7952,(IFCLINEINDEX((1,2,3,4,1))),$);
#7952=IFCCARTESIANPOINTLIST2D(((0.76477885246276855,0.),(0.73977885209023952,0.),(0.73977885209023952,0.05000000074505806),(0.76477885246276855,0.05000000074505806)));
#7953=IFCCARTESIANPOINTLIST2D(((0.73977885209023952,0.05000000074505806),(0.73977885209023952,-0.66477885097265244),(0.70477885194122791,-0.66477885097265244)));
#7954=IFCINDEXEDPOLYCURVE(#7953,$,$);
#7955=IFCDIRECTION((1.,0.));
#7956=IFCCARTESIANPOINT((0.70477885194122791,0.05000000074505806));
#7957=IFCAXIS2PLACEMENT2D(#7956,#7955);
#7958=IFCELLIPSE(#7957,0.67977885156869888,0.71477885171771049);
#7959=IFCCARTESIANPOINT((0.70477885194122791,0.76477885246276855));
#7960=IFCCARTESIANPOINT((0.70477885194122791,-0.66477885097265244));
#7961=IFCTRIMMEDCURVE(#7958,(#7959),(#7960),.T.,.CARTESIAN.);
#7962=IFCCARTESIANPOINTLIST2D(((0.73977885209023952,0.05000000074505806),(0.70477885194122791,0.05000000074505806),(0.70477885194122791,0.76477885246276855),(0.73977885209023952,0.76477885246276855)));
#7963=IFCINDEXEDPOLYCURVE(#7962,(IFCLINEINDEX((1,2,3,4,1))),$);
#7964=IFCSHAPEREPRESENTATION(#24,'Body','Curve2D',(#7950,#7951,#7954,#7961,#7963));
#7965=IFCCARTESIANPOINTLIST2D(((0.,0.),(0.76477885246276855,0.),(0.76477885246276855,2.),(0.,2.)));
#7966=IFCINDEXEDPOLYCURVE(#7965,(IFCLINEINDEX((1,2,3,4,1))),$);
#7967=IFCARBITRARYCLOSEDPROFILEDEF(.AREA.,$,#7966);
#7968=IFCCARTESIANPOINT((0.,-0.60000002384185791,0.));
#7969=IFCDIRECTION((0.,-1.,0.));
#7970=IFCDIRECTION((1.,0.,0.));
#7971=IFCAXIS2PLACEMENT3D(#7968,#7969,#7970);
#7972=IFCDIRECTION((0.,0.,-1.));
#7973=IFCEXTRUDEDAREASOLID(#7967,#7971,#7972,1.2);
#7974=IFCSHAPEREPRESENTATION(#11,'Body','SweptSolid',(#7973));
#7980=IFCCARTESIANPOINT((3.8910816387341929,0.099999854598457838,0.));
#7981=IFCDIRECTION((0.,0.,1.));
#7982=IFCDIRECTION((-0.99999999999999956,3.1786498766437019E-08,0.));
#7983=IFCAXIS2PLACEMENT3D(#7980,#7981,#7982);
#7984=IFCLOCALPLACEMENT(#7186,#7983);
#7985=IFCCARTESIANPOINT((-4.4408920985006262E-16,0.,0.));
#7986=IFCDIRECTION((0.,0.,1.));
#7987=IFCDIRECTION((1.,-1.0587911840678754E-22,0.));
#7988=IFCAXIS2PLACEMENT3D(#7985,#7986,#7987);
#7989=IFCLOCALPLACEMENT(#7984,#7988);
#7990=IFCDOORTYPE('0PqFJgB0z3TRwIgy5koEKl',$,'FamilyArea-2-2F',$,$,(#7991),(#7993,#8001,#8070),$,$,.DOOR.,.SINGLE_SWING_LEFT.,$,$);
#7991=IFCPROPERTYSET('3Yk7tk1sL2XgZNDmqqKsoB',$,'BBIM_Door',$,(#7992));
#7992=IFCPROPERTYSINGLEVALUE('Data',$,IFCTEXT('{"door_type": "DOUBLE_SWING_RIGHT", "overall_height": 2.0, "overall_width": 0.7647788524627686, "lining_properties": {"lining_depth": 0.05000000074505806, "lining_thickness": 0.05000000074505806, "lining_offset": 0.0, "lining_to_panel_offset_x": 0.02500000037252903, "lining_to_panel_offset_y": 0.02500000037252903, "transom_thickness": 0.0, "casing_thickness": 0.07500000298023224, "casing_depth": 0.004999999888241291, "threshold_thickness": 0.02500000037252903, "threshold_depth": 0.10000000149011612, "threshold_offset": 0.0}, "panel_properties": {"panel_depth": 0.03500000014901161, "panel_width_ratio": 1.0}}'),$);
#7993=IFCREPRESENTATIONMAP(#7994,#7998);
#7994=IFCAXIS2PLACEMENT3D(#7995,#7996,#7997);
#7995=IFCCARTESIANPOINT((0.,0.,0.));
#7996=IFCDIRECTION((0.,0.,1.));
#7997=IFCDIRECTION((1.,0.,0.));
#7998=IFCSHAPEREPRESENTATION(#18,'Profile','Curve3D',(#7999));
#7999=IFCINDEXEDPOLYCURVE(#8000,(IFCLINEINDEX((1,2,3,4,1))),$);
#8000=IFCCARTESIANPOINTLIST3D(((0.,0.,0.),(0.76477885246276855,0.,0.),(0.76477885246276855,0.,2.),(0.,0.,2.)));
#8001=IFCREPRESENTATIONMAP(#8002,#8006);
#8002=IFCAXIS2PLACEMENT3D(#8003,#8004,#8005);
#8003=IFCCARTESIANPOINT((0.,0.,0.));
#8004=IFCDIRECTION((0.,0.,1.));
#8005=IFCDIRECTION((1.,0.,0.));
#8006=IFCSHAPEREPRESENTATION(#11,'Body','SweptSolid',(#8007,#8016,#8025,#8034,#8043,#8052,#8061));
#8007=IFCEXTRUDEDAREASOLID(#8008,#8011,#8015,0.05000000074505806);
#8008=IFCARBITRARYCLOSEDPROFILEDEF(.AREA.,$,#8009);
#8009=IFCINDEXEDPOLYCURVE(#8010,(IFCLINEINDEX((1,2,3,4,5,6,7,8,1))),$);
#8010=IFCCARTESIANPOINTLIST2D(((0.,0.),(0.,2.),(0.76477885246276855,2.),(0.76477885246276855,0.),(0.73977885209023952,0.),(0.73977885209023952,1.974999999627471),(0.02500000037252903,1.974999999627471),(0.02500000037252903,0.)));
#8011=IFCAXIS2PLACEMENT3D(#8012,#8013,#8014);
#8012=IFCCARTESIANPOINT((0.,0.,0.));
#8013=IFCDIRECTION((0.,-1.,0.));
#8014=IFCDIRECTION((1.,0.,0.));
#8015=IFCDIRECTION((0.,0.,-1.));
#8016=IFCEXTRUDEDAREASOLID(#8017,#8020,#8024,1.9499999992549419);
#8017=IFCARBITRARYCLOSEDPROFILEDEF(.AREA.,$,#8018);
#8018=IFCINDEXEDPOLYCURVE(#8019,(IFCLINEINDEX((1,2,3,4,1))),$);
#8019=IFCCARTESIANPOINTLIST2D(((0.,0.),(0.71477885171771049,0.),(0.71477885171771049,0.035000000149011612),(0.,0.035000000149011612)));
#8020=IFCAXIS2PLACEMENT3D(#8021,#8022,#8023);
#8021=IFCCARTESIANPOINT((0.02500000037252903,0.02500000037252903,0.02500000037252903));
#8022=IFCDIRECTION((0.,0.,1.));
#8023=IFCDIRECTION((1.,0.,0.));
#8024=IFCDIRECTION((0.,0.,1.));
#8025=IFCEXTRUDEDAREASOLID(#8026,#8029,#8033,0.02);
#8026=IFCARBITRARYCLOSEDPROFILEDEF(.AREA.,$,#8027);
#8027=IFCINDEXEDPOLYCURVE(#8028,(IFCLINEINDEX((1,2,3,4,5,6,1))),$);
#8028=IFCCARTESIANPOINTLIST2D(((0.,0.),(0.,-0.040000000000000001),(0.12,-0.040000000000000001),(0.12,-0.02),(0.02,-0.02),(0.02,0.)));
#8029=IFCAXIS2PLACEMENT3D(#8030,#8031,#8032);
#8030=IFCCARTESIANPOINT((0.075000000372529033,0.02500000037252903,1.015000000372529));
#8031=IFCDIRECTION((0.,0.,1.));
#8032=IFCDIRECTION((1.,0.,0.));
#8033=IFCDIRECTION((0.,0.,1.));
#8034=IFCEXTRUDEDAREASOLID(#8035,#8038,#8042,0.02);
#8035=IFCARBITRARYCLOSEDPROFILEDEF(.AREA.,$,#8036);
#8036=IFCINDEXEDPOLYCURVE(#8037,(IFCLINEINDEX((1,2,3,4,5,6,1))),$);
#8037=IFCCARTESIANPOINTLIST2D(((0.,0.),(0.,0.040000000000000008),(0.11999999999999998,0.040000000000000008),(0.11999999999999998,0.020000000000000004),(0.020000000000000004,0.020000000000000004),(0.020000000000000004,0.)));
#8038=IFCAXIS2PLACEMENT3D(#8039,#8040,#8041);
#8039=IFCCARTESIANPOINT((0.075000000372529033,0.060000000521540642,1.015000000372529));
#8040=IFCDIRECTION((0.,0.,1.));
#8041=IFCDIRECTION((1.,0.,0.));
#8042=IFCDIRECTION((0.,0.,1.));
#8043=IFCEXTRUDEDAREASOLID(#8044,#8047,#8051,0.02500000037252903);
#8044=IFCARBITRARYCLOSEDPROFILEDEF(.AREA.,$,#8045);
#8045=IFCINDEXEDPOLYCURVE(#8046,(IFCLINEINDEX((1,2,3,4,1))),$);
#8046=IFCCARTESIANPOINTLIST2D(((0.,0.),(0.71477885171771049,0.),(0.71477885171771049,0.10000000149011612),(0.,0.10000000149011612)));
#8047=IFCAXIS2PLACEMENT3D(#8048,#8049,#8050);
#8048=IFCCARTESIANPOINT((0.02500000037252903,0.,0.));
#8049=IFCDIRECTION((0.,0.,1.));
#8050=IFCDIRECTION((1.,0.,0.));
#8051=IFCDIRECTION((0.,0.,1.));
#8052=IFCEXTRUDEDAREASOLID(#8053,#8056,#8060,0.004999999888241291);
#8053=IFCARBITRARYCLOSEDPROFILEDEF(.AREA.,$,#8054);
#8054=IFCINDEXEDPOLYCURVE(#8055,(IFCLINEINDEX((1,2,3,4,5,6,7,8,1))),$);
#8055=IFCCARTESIANPOINTLIST2D(((0.,0.),(0.,2.0250000022351742),(0.81477885693311691,2.0250000022351742),(0.81477885693311691,0.),(0.7647788543254137,0.),(0.7647788543254137,1.974999999627471),(0.050000002607703209,1.974999999627471),(0.050000002607703209,0.)));
#8056=IFCAXIS2PLACEMENT3D(#8057,#8058,#8059);
#8057=IFCCARTESIANPOINT((-0.025000002235174179,-0.004999999888241291,0.));
#8058=IFCDIRECTION((0.,-1.,0.));
#8059=IFCDIRECTION((1.,0.,0.));
#8060=IFCDIRECTION((0.,0.,-1.));
#8061=IFCEXTRUDEDAREASOLID(#8062,#8065,#8069,0.004999999888241291);
#8062=IFCARBITRARYCLOSEDPROFILEDEF(.AREA.,$,#8063);
#8063=IFCINDEXEDPOLYCURVE(#8064,(IFCLINEINDEX((1,2,3,4,5,6,7,8,1))),$);
#8064=IFCCARTESIANPOINTLIST2D(((0.,0.),(0.,2.0250000022351742),(0.81477885693311691,2.0250000022351742),(0.81477885693311691,0.),(0.7647788543254137,0.),(0.7647788543254137,1.974999999627471),(0.050000002607703209,1.974999999627471),(0.050000002607703209,0.)));
#8065=IFCAXIS2PLACEMENT3D(#8066,#8067,#8068);
#8066=IFCCARTESIANPOINT((-0.025000002235174179,0.05000000074505806,0.));
#8067=IFCDIRECTION((0.,-1.,0.));
#8068=IFCDIRECTION((1.,0.,0.));
#8069=IFCDIRECTION((0.,0.,-1.));
#8070=IFCREPRESENTATIONMAP(#8071,#8075);
#8071=IFCAXIS2PLACEMENT3D(#8072,#8073,#8074);
#8072=IFCCARTESIANPOINT((0.,0.,0.));
#8073=IFCDIRECTION((0.,0.,1.));
#8074=IFCDIRECTION((1.,0.,0.));
#8075=IFCSHAPEREPRESENTATION(#24,'Body','Curve2D',(#8076,#8078,#8080,#8082,#8089));
#8076=IFCINDEXEDPOLYCURVE(#8077,(IFCLINEINDEX((1,2,3,4,1))),$);
#8077=IFCCARTESIANPOINTLIST2D(((0.,0.),(0.02500000037252903,0.),(0.02500000037252903,0.05000000074505806),(0.,0.05000000074505806)));
#8078=IFCINDEXEDPOLYCURVE(#8079,(IFCLINEINDEX((1,2,3,4,1))),$);
#8079=IFCCARTESIANPOINTLIST2D(((0.76477885246276855,0.),(0.73977885209023952,0.),(0.73977885209023952,0.05000000074505806),(0.76477885246276855,0.05000000074505806)));
#8080=IFCINDEXEDPOLYCURVE(#8081,$,$);
#8081=IFCCARTESIANPOINTLIST2D(((0.73977885209023952,0.05000000074505806),(0.73977885209023952,-0.66477885097265244),(0.70477885194122791,-0.66477885097265244)));
#8082=IFCTRIMMEDCURVE(#8083,(#8087),(#8088),.T.,.CARTESIAN.);
#8083=IFCELLIPSE(#8084,0.67977885156869888,0.71477885171771049);
#8084=IFCAXIS2PLACEMENT2D(#8085,#8086);
#8085=IFCCARTESIANPOINT((0.70477885194122791,0.05000000074505806));
#8086=IFCDIRECTION((1.,0.));
#8087=IFCCARTESIANPOINT((0.70477885194122791,0.76477885246276855));
#8088=IFCCARTESIANPOINT((0.70477885194122791,-0.66477885097265244));
#8089=IFCINDEXEDPOLYCURVE(#8090,(IFCLINEINDEX((1,2,3,4,1))),$);
#8090=IFCCARTESIANPOINTLIST2D(((0.73977885209023952,0.05000000074505806),(0.70477885194122791,0.05000000074505806),(0.70477885194122791,0.76477885246276855),(0.73977885209023952,0.76477885246276855)));
#8091=IFCDOOR('1j61hWYW97RvoC79XF2UXL',$,'Door',$,$,#8159,#8099,$,2.,0.76477885246276855,$,$,$);
#8092=IFCCARTESIANPOINT((0.,0.,0.));
#8093=IFCDIRECTION((1.,0.,0.));
#8094=IFCDIRECTION((0.,1.,0.));
#8095=IFCDIRECTION((0.,0.,1.));
#8096=IFCCARTESIANTRANSFORMATIONOPERATOR3D(#8093,#8094,#8092,1.,#8095);
#8097=IFCMAPPEDITEM(#7577,#8096);
#8098=IFCSHAPEREPRESENTATION(#18,'Profile','MappedRepresentation',(#8097));
#8099=IFCPRODUCTDEFINITIONSHAPE($,$,(#8098,#8106,#8113));
#8100=IFCCARTESIANPOINT((0.,0.,0.));
#8101=IFCDIRECTION((1.,0.,0.));
#8102=IFCDIRECTION((0.,1.,0.));
#8103=IFCDIRECTION((0.,0.,1.));
#8104=IFCCARTESIANTRANSFORMATIONOPERATOR3D(#8101,#8102,#8100,1.,#8103);
#8105=IFCMAPPEDITEM(#7585,#8104);
#8106=IFCSHAPEREPRESENTATION(#11,'Body','MappedRepresentation',(#8105));
#8107=IFCCARTESIANPOINT((0.,0.,0.));
#8108=IFCDIRECTION((1.,0.,0.));
#8109=IFCDIRECTION((0.,1.,0.));
#8110=IFCDIRECTION((0.,0.,1.));
#8111=IFCCARTESIANTRANSFORMATIONOPERATOR3D(#8108,#8109,#8107,1.,#8110);
#8112=IFCMAPPEDITEM(#7654,#8111);
#8113=IFCSHAPEREPRESENTATION(#24,'Body','MappedRepresentation',(#8112));
#8114=IFCOPENINGELEMENT('17lhO1V915EvPci2X6Q9wv',$,'Opening',$,$,#8149,#8127,$,.OPENING.);
#8120=IFCCARTESIANPOINT((0.,0.,0.));
#8121=IFCDIRECTION((1.,0.,0.));
#8122=IFCDIRECTION((0.,1.,0.));
#8123=IFCDIRECTION((0.,0.,1.));
#8124=IFCCARTESIANTRANSFORMATIONOPERATOR3D(#8121,#8122,#8120,1.,#8123);
#8125=IFCMAPPEDITEM(#7719,#8124);
#8126=IFCSHAPEREPRESENTATION(#11,'Body','MappedRepresentation',(#8125));
#8127=IFCPRODUCTDEFINITIONSHAPE($,$,(#8126));
#8128=IFCRELVOIDSELEMENT('2YJjPaBgD5MvEbfwdPzaHv',$,$,$,#6677,#8114);
#8134=IFCRELFILLSELEMENT('0wWRiDRRHB_PksfaQ8$j_x',$,$,$,#8114,#8091);
#8145=IFCCARTESIANPOINT((1.8827953338627803,7.6723954023361074E-08,0.));
#8146=IFCDIRECTION((0.,0.,1.));
#8147=IFCDIRECTION((1.,0.,0.));
#8148=IFCAXIS2PLACEMENT3D(#8145,#8146,#8147);
#8149=IFCLOCALPLACEMENT(#7186,#8148);
#8155=IFCCARTESIANPOINT((-4.4408920985006262E-16,0.,0.));
#8156=IFCDIRECTION((0.,0.,1.));
#8157=IFCDIRECTION((1.,0.,0.));
#8158=IFCAXIS2PLACEMENT3D(#8155,#8156,#8157);
#8159=IFCLOCALPLACEMENT(#8149,#8158);
#8160=IFCDOORTYPE('3CkowsMK17qxgcto8FZw02',$,'FamilyArea-3-2F',$,$,(#8161),(#8163,#8171,#8240),$,$,.DOOR.,.SINGLE_SWING_LEFT.,$,$);
#8161=IFCPROPERTYSET('0E0AuyRqH3dvqQwVHoIlU9',$,'BBIM_Door',$,(#8162));
#8162=IFCPROPERTYSINGLEVALUE('Data',$,IFCTEXT('{"door_type": "DOUBLE_SWING_RIGHT", "overall_height": 2.0, "overall_width": 0.7208293676376343, "lining_properties": {"lining_depth": 0.05000000074505806, "lining_thickness": 0.05000000074505806, "lining_offset": 0.0, "lining_to_panel_offset_x": 0.02500000037252903, "lining_to_panel_offset_y": 0.02500000037252903, "transom_thickness": 0.0, "casing_thickness": 0.07500000298023224, "casing_depth": 0.004999999888241291, "threshold_thickness": 0.02500000037252903, "threshold_depth": 0.10000000149011612, "threshold_offset": 0.0}, "panel_properties": {"panel_depth": 0.03500000014901161, "panel_width_ratio": 1.0}}'),$);
#8163=IFCREPRESENTATIONMAP(#8164,#8455);
#8164=IFCAXIS2PLACEMENT3D(#8165,#8166,#8167);
#8165=IFCCARTESIANPOINT((0.,0.,0.));
#8166=IFCDIRECTION((0.,0.,1.));
#8167=IFCDIRECTION((1.,0.,0.));
#8171=IFCREPRESENTATIONMAP(#8172,#8519);
#8172=IFCAXIS2PLACEMENT3D(#8173,#8174,#8175);
#8173=IFCCARTESIANPOINT((0.,0.,0.));
#8174=IFCDIRECTION((0.,0.,1.));
#8175=IFCDIRECTION((1.,0.,0.));
#8240=IFCREPRESENTATIONMAP(#8241,#8535);
#8241=IFCAXIS2PLACEMENT3D(#8242,#8243,#8244);
#8242=IFCCARTESIANPOINT((0.,0.,0.));
#8243=IFCDIRECTION((0.,0.,1.));
#8244=IFCDIRECTION((1.,0.,0.));
#8261=IFCDOOR('3AvqUfsBfBgPghwpxsEdj4',$,'Door',$,$,#8560,#8270,$,2.,0.72082936763763428,$,.DOUBLE_SWING_RIGHT.,$);
#8262=IFCRELDEFINESBYTYPE('2A5VENU1PAnR99egNMMdY4',$,$,$,(#8261),#8160);
#8263=IFCCARTESIANPOINT((0.,0.,0.));
#8264=IFCDIRECTION((1.,0.,0.));
#8265=IFCDIRECTION((0.,1.,0.));
#8266=IFCDIRECTION((0.,0.,1.));
#8267=IFCCARTESIANTRANSFORMATIONOPERATOR3D(#8264,#8265,#8263,1.,#8266);
#8268=IFCMAPPEDITEM(#8163,#8267);
#8269=IFCSHAPEREPRESENTATION(#18,'Profile','MappedRepresentation',(#8268));
#8270=IFCPRODUCTDEFINITIONSHAPE($,$,(#8269,#8277,#8284));
#8271=IFCCARTESIANPOINT((0.,0.,0.));
#8272=IFCDIRECTION((1.,0.,0.));
#8273=IFCDIRECTION((0.,1.,0.));
#8274=IFCDIRECTION((0.,0.,1.));
#8275=IFCCARTESIANTRANSFORMATIONOPERATOR3D(#8272,#8273,#8271,1.,#8274);
#8276=IFCMAPPEDITEM(#8171,#8275);
#8277=IFCSHAPEREPRESENTATION(#11,'Body','MappedRepresentation',(#8276));
#8278=IFCCARTESIANPOINT((0.,0.,0.));
#8279=IFCDIRECTION((1.,0.,0.));
#8280=IFCDIRECTION((0.,1.,0.));
#8281=IFCDIRECTION((0.,0.,1.));
#8282=IFCCARTESIANTRANSFORMATIONOPERATOR3D(#8279,#8280,#8278,1.,#8281);
#8283=IFCMAPPEDITEM(#8240,#8282);
#8284=IFCSHAPEREPRESENTATION(#24,'Body','MappedRepresentation',(#8283));
#8285=IFCOPENINGELEMENT('3hFI6gojfAzuKDuKpwMJk9',$,'Opening',$,$,#8555,#8313,$,.OPENING.);
#8301=IFCCARTESIANPOINT((0.,0.,0.));
#8302=IFCDIRECTION((1.,0.,0.));
#8303=IFCDIRECTION((0.,0.,1.));
#8304=IFCAXIS2PLACEMENT3D(#8301,#8303,#8302);
#8305=IFCREPRESENTATIONMAP(#8304,#8545);
#8306=IFCCARTESIANPOINT((0.,0.,0.));
#8307=IFCDIRECTION((1.,0.,0.));
#8308=IFCDIRECTION((0.,1.,0.));
#8309=IFCDIRECTION((0.,0.,1.));
#8310=IFCCARTESIANTRANSFORMATIONOPERATOR3D(#8307,#8308,#8306,1.,#8309);
#8311=IFCMAPPEDITEM(#8305,#8310);
#8312=IFCSHAPEREPRESENTATION(#11,'Body','MappedRepresentation',(#8311));
#8313=IFCPRODUCTDEFINITIONSHAPE($,$,(#8312));
#8314=IFCRELVOIDSELEMENT('1$oON4lwXCEQbsMuyH21EA',$,$,$,#6753,#8285);
#8320=IFCRELFILLSELEMENT('2uSm$ZLtfBHP0qzPznHgpu',$,$,$,#8285,#8261);
#8344=IFCCARTESIANPOINTLIST2D(((0.,0.),(0.,2.),(0.72082936763763428,2.),(0.72082936763763428,0.),(0.69582936726510525,0.),(0.69582936726510525,1.974999999627471),(0.02500000037252903,1.974999999627471),(0.02500000037252903,0.)));
#8345=IFCINDEXEDPOLYCURVE(#8344,(IFCLINEINDEX((1,2,3,4,5,6,7,8,1))),$);
#8346=IFCARBITRARYCLOSEDPROFILEDEF(.AREA.,$,#8345);
#8347=IFCCARTESIANPOINT((0.,0.,0.));
#8348=IFCDIRECTION((0.,-1.,0.));
#8349=IFCDIRECTION((1.,0.,0.));
#8350=IFCAXIS2PLACEMENT3D(#8347,#8348,#8349);
#8351=IFCDIRECTION((0.,0.,-1.));
#8352=IFCEXTRUDEDAREASOLID(#8346,#8350,#8351,0.05000000074505806);
#8353=IFCCARTESIANPOINTLIST2D(((0.,0.),(0.67082936689257622,0.),(0.67082936689257622,0.10000000149011612),(0.,0.10000000149011612)));
#8354=IFCINDEXEDPOLYCURVE(#8353,(IFCLINEINDEX((1,2,3,4,1))),$);
#8355=IFCARBITRARYCLOSEDPROFILEDEF(.AREA.,$,#8354);
#8356=IFCCARTESIANPOINT((0.02500000037252903,0.,0.));
#8357=IFCDIRECTION((0.,0.,1.));
#8358=IFCDIRECTION((1.,0.,0.));
#8359=IFCAXIS2PLACEMENT3D(#8356,#8357,#8358);
#8360=IFCDIRECTION((0.,0.,1.));
#8361=IFCEXTRUDEDAREASOLID(#8355,#8359,#8360,0.02500000037252903);
#8362=IFCCARTESIANPOINTLIST2D(((0.,0.),(0.,2.0250000022351742),(0.77082937210798264,2.0250000022351742),(0.77082937210798264,0.),(0.72082936950027943,0.),(0.72082936950027943,1.974999999627471),(0.050000002607703209,1.974999999627471),(0.050000002607703209,0.)));
#8363=IFCINDEXEDPOLYCURVE(#8362,(IFCLINEINDEX((1,2,3,4,5,6,7,8,1))),$);
#8364=IFCARBITRARYCLOSEDPROFILEDEF(.AREA.,$,#8363);
#8365=IFCCARTESIANPOINT((-0.025000002235174179,-0.004999999888241291,0.));
#8366=IFCDIRECTION((0.,-1.,0.));
#8367=IFCDIRECTION((1.,0.,0.));
#8368=IFCAXIS2PLACEMENT3D(#8365,#8366,#8367);
#8369=IFCDIRECTION((0.,0.,-1.));
#8370=IFCEXTRUDEDAREASOLID(#8364,#8368,#8369,0.004999999888241291);
#8371=IFCCARTESIANPOINTLIST2D(((0.,0.),(0.,2.0250000022351742),(0.77082937210798264,2.0250000022351742),(0.77082937210798264,0.),(0.72082936950027943,0.),(0.72082936950027943,1.974999999627471),(0.050000002607703209,1.974999999627471),(0.050000002607703209,0.)));
#8372=IFCINDEXEDPOLYCURVE(#8371,(IFCLINEINDEX((1,2,3,4,5,6,7,8,1))),$);
#8373=IFCARBITRARYCLOSEDPROFILEDEF(.AREA.,$,#8372);
#8374=IFCCARTESIANPOINT((-0.025000002235174179,0.05000000074505806,0.));
#8375=IFCDIRECTION((0.,-1.,0.));
#8376=IFCDIRECTION((1.,0.,0.));
#8377=IFCAXIS2PLACEMENT3D(#8374,#8375,#8376);
#8378=IFCDIRECTION((0.,0.,-1.));
#8379=IFCEXTRUDEDAREASOLID(#8373,#8377,#8378,0.004999999888241291);
#8380=IFCCARTESIANPOINTLIST2D(((0.,0.),(0.67082936689257622,0.),(0.67082936689257622,0.035000000149011612),(0.,0.035000000149011612)));
#8381=IFCINDEXEDPOLYCURVE(#8380,(IFCLINEINDEX((1,2,3,4,1))),$);
#8382=IFCARBITRARYCLOSEDPROFILEDEF(.AREA.,$,#8381);
#8383=IFCCARTESIANPOINT((0.02500000037252903,0.02500000037252903,0.02500000037252903));
#8384=IFCDIRECTION((0.,0.,1.));
#8385=IFCDIRECTION((1.,0.,0.));
#8386=IFCAXIS2PLACEMENT3D(#8383,#8384,#8385);
#8387=IFCDIRECTION((0.,0.,1.));
#8388=IFCEXTRUDEDAREASOLID(#8382,#8386,#8387,1.9499999992549419);
#8389=IFCCARTESIANPOINTLIST2D(((0.,0.),(0.,-0.040000000000000001),(0.12,-0.040000000000000001),(0.12,-0.02),(0.02,-0.02),(0.02,0.)));
#8390=IFCINDEXEDPOLYCURVE(#8389,(IFCLINEINDEX((1,2,3,4,5,6,1))),$);
#8391=IFCARBITRARYCLOSEDPROFILEDEF(.AREA.,$,#8390);
#8392=IFCCARTESIANPOINT((0.075000000372529033,0.02500000037252903,1.015000000372529));
#8393=IFCDIRECTION((0.,0.,1.));
#8394=IFCDIRECTION((1.,0.,0.));
#8395=IFCAXIS2PLACEMENT3D(#8392,#8393,#8394);
#8396=IFCDIRECTION((0.,0.,1.));
#8397=IFCEXTRUDEDAREASOLID(#8391,#8395,#8396,0.02);
#8398=IFCEXTRUDEDAREASOLID(#8399,#8402,#8406,0.02);
#8399=IFCARBITRARYCLOSEDPROFILEDEF(.AREA.,$,#8400);
#8400=IFCINDEXEDPOLYCURVE(#8401,(IFCLINEINDEX((1,2,3,4,5,6,1))),$);
#8401=IFCCARTESIANPOINTLIST2D(((0.,0.),(0.,0.040000000000000008),(0.11999999999999998,0.040000000000000008),(0.11999999999999998,0.020000000000000004),(0.020000000000000004,0.020000000000000004),(0.020000000000000004,0.)));
#8402=IFCAXIS2PLACEMENT3D(#8403,#8404,#8405);
#8403=IFCCARTESIANPOINT((0.075000000372529033,0.060000000521540642,1.015000000372529));
#8404=IFCDIRECTION((0.,0.,1.));
#8405=IFCDIRECTION((1.,0.,0.));
#8406=IFCDIRECTION((0.,0.,1.));
#8408=IFCSHAPEREPRESENTATION(#11,'Body','SweptSolid',(#8379,#8352,#8491,#8464,#8370,#8482,#8361,#8473));
#8409=IFCSHAPEASPECT((#8408),'Lining',$,.T.,#8270);
#8410=IFCSHAPEREPRESENTATION(#11,'Body','SweptSolid',(#8388,#8397,#8509,#8398,#8510,#8500));
#8411=IFCSHAPEASPECT((#8410),'Framing',$,.T.,#8270);
#8453=IFCCARTESIANPOINTLIST3D(((0.,0.,0.),(0.72082936763763428,0.,0.),(0.72082936763763428,0.,2.),(0.,0.,2.)));
#8454=IFCINDEXEDPOLYCURVE(#8453,(IFCLINEINDEX((1,2,3,4,1))),$);
#8455=IFCSHAPEREPRESENTATION(#18,'Profile','Curve3D',(#8454));
#8456=IFCCARTESIANPOINTLIST2D(((0.,0.),(0.,2.),(0.72082936763763428,2.),(0.72082936763763428,0.),(0.69582936726510525,0.),(0.69582936726510525,1.974999999627471),(0.02500000037252903,1.974999999627471),(0.02500000037252903,0.)));
#8457=IFCINDEXEDPOLYCURVE(#8456,(IFCLINEINDEX((1,2,3,4,5,6,7,8,1))),$);
#8458=IFCARBITRARYCLOSEDPROFILEDEF(.AREA.,$,#8457);
#8459=IFCCARTESIANPOINT((0.,0.,0.));
#8460=IFCDIRECTION((0.,-1.,0.));
#8461=IFCDIRECTION((1.,0.,0.));
#8462=IFCAXIS2PLACEMENT3D(#8459,#8460,#8461);
#8463=IFCDIRECTION((0.,0.,-1.));
#8464=IFCEXTRUDEDAREASOLID(#8458,#8462,#8463,0.05000000074505806);
#8465=IFCCARTESIANPOINTLIST2D(((0.,0.),(0.67082936689257622,0.),(0.67082936689257622,0.10000000149011612),(0.,0.10000000149011612)));
#8466=IFCINDEXEDPOLYCURVE(#8465,(IFCLINEINDEX((1,2,3,4,1))),$);
#8467=IFCARBITRARYCLOSEDPROFILEDEF(.AREA.,$,#8466);
#8468=IFCCARTESIANPOINT((0.02500000037252903,0.,0.));
#8469=IFCDIRECTION((0.,0.,1.));
#8470=IFCDIRECTION((1.,0.,0.));
#8471=IFCAXIS2PLACEMENT3D(#8468,#8469,#8470);
#8472=IFCDIRECTION((0.,0.,1.));
#8473=IFCEXTRUDEDAREASOLID(#8467,#8471,#8472,0.02500000037252903);
#8474=IFCCARTESIANPOINTLIST2D(((0.,0.),(0.,2.0250000022351742),(0.77082937210798264,2.0250000022351742),(0.77082937210798264,0.),(0.72082936950027943,0.),(0.72082936950027943,1.974999999627471),(0.050000002607703209,1.974999999627471),(0.050000002607703209,0.)));
#8475=IFCINDEXEDPOLYCURVE(#8474,(IFCLINEINDEX((1,2,3,4,5,6,7,8,1))),$);
#8476=IFCARBITRARYCLOSEDPROFILEDEF(.AREA.,$,#8475);
#8477=IFCCARTESIANPOINT((-0.025000002235174179,-0.004999999888241291,0.));
#8478=IFCDIRECTION((0.,-1.,0.));
#8479=IFCDIRECTION((1.,0.,0.));
#8480=IFCAXIS2PLACEMENT3D(#8477,#8478,#8479);
#8481=IFCDIRECTION((0.,0.,-1.));
#8482=IFCEXTRUDEDAREASOLID(#8476,#8480,#8481,0.004999999888241291);
#8483=IFCCARTESIANPOINTLIST2D(((0.,0.),(0.,2.0250000022351742),(0.77082937210798264,2.0250000022351742),(0.77082937210798264,0.),(0.72082936950027943,0.),(0.72082936950027943,1.974999999627471),(0.050000002607703209,1.974999999627471),(0.050000002607703209,0.)));
#8484=IFCINDEXEDPOLYCURVE(#8483,(IFCLINEINDEX((1,2,3,4,5,6,7,8,1))),$);
#8485=IFCARBITRARYCLOSEDPROFILEDEF(.AREA.,$,#8484);
#8486=IFCCARTESIANPOINT((-0.025000002235174179,0.05000000074505806,0.));
#8487=IFCDIRECTION((0.,-1.,0.));
#8488=IFCDIRECTION((1.,0.,0.));
#8489=IFCAXIS2PLACEMENT3D(#8486,#8487,#8488);
#8490=IFCDIRECTION((0.,0.,-1.));
#8491=IFCEXTRUDEDAREASOLID(#8485,#8489,#8490,0.004999999888241291);
#8492=IFCCARTESIANPOINTLIST2D(((0.,0.),(0.67082936689257622,0.),(0.67082936689257622,0.035000000149011612),(0.,0.035000000149011612)));
#8493=IFCINDEXEDPOLYCURVE(#8492,(IFCLINEINDEX((1,2,3,4,1))),$);
#8494=IFCARBITRARYCLOSEDPROFILEDEF(.AREA.,$,#8493);
#8495=IFCCARTESIANPOINT((0.02500000037252903,0.02500000037252903,0.02500000037252903));
#8496=IFCDIRECTION((0.,0.,1.));
#8497=IFCDIRECTION((1.,0.,0.));
#8498=IFCAXIS2PLACEMENT3D(#8495,#8496,#8497);
#8499=IFCDIRECTION((0.,0.,1.));
#8500=IFCEXTRUDEDAREASOLID(#8494,#8498,#8499,1.9499999992549419);
#8501=IFCCARTESIANPOINTLIST2D(((0.,0.),(0.,-0.040000000000000001),(0.12,-0.040000000000000001),(0.12,-0.02),(0.02,-0.02),(0.02,0.)));
#8502=IFCINDEXEDPOLYCURVE(#8501,(IFCLINEINDEX((1,2,3,4,5,6,1))),$);
#8503=IFCARBITRARYCLOSEDPROFILEDEF(.AREA.,$,#8502);
#8504=IFCCARTESIANPOINT((0.075000000372529033,0.02500000037252903,1.015000000372529));
#8505=IFCDIRECTION((0.,0.,1.));
#8506=IFCDIRECTION((1.,0.,0.));
#8507=IFCAXIS2PLACEMENT3D(#8504,#8505,#8506);
#8508=IFCDIRECTION((0.,0.,1.));
#8509=IFCEXTRUDEDAREASOLID(#8503,#8507,#8508,0.02);
#8510=IFCEXTRUDEDAREASOLID(#8511,#8514,#8518,0.02);
#8511=IFCARBITRARYCLOSEDPROFILEDEF(.AREA.,$,#8512);
#8512=IFCINDEXEDPOLYCURVE(#8513,(IFCLINEINDEX((1,2,3,4,5,6,1))),$);
#8513=IFCCARTESIANPOINTLIST2D(((0.,0.),(0.,0.040000000000000008),(0.11999999999999998,0.040000000000000008),(0.11999999999999998,0.020000000000000004),(0.020000000000000004,0.020000000000000004),(0.020000000000000004,0.)));
#8514=IFCAXIS2PLACEMENT3D(#8515,#8516,#8517);
#8515=IFCCARTESIANPOINT((0.075000000372529033,0.060000000521540642,1.015000000372529));
#8516=IFCDIRECTION((0.,0.,1.));
#8517=IFCDIRECTION((1.,0.,0.));
#8518=IFCDIRECTION((0.,0.,1.));
#8519=IFCSHAPEREPRESENTATION(#11,'Body','SweptSolid',(#8464,#8500,#8509,#8510,#8473,#8482,#8491));
#8520=IFCCARTESIANPOINTLIST2D(((0.,0.),(0.02500000037252903,0.),(0.02500000037252903,0.05000000074505806),(0.,0.05000000074505806)));
#8521=IFCINDEXEDPOLYCURVE(#8520,(IFCLINEINDEX((1,2,3,4,1))),$);
#8522=IFCINDEXEDPOLYCURVE(#8523,(IFCLINEINDEX((1,2,3,4,1))),$);
#8523=IFCCARTESIANPOINTLIST2D(((0.72082936763763428,0.),(0.69582936726510525,0.),(0.69582936726510525,0.05000000074505806),(0.72082936763763428,0.05000000074505806)));
#8524=IFCCARTESIANPOINTLIST2D(((0.69582936726510525,0.05000000074505806),(0.69582936726510525,-0.62082936614751816),(0.66082936711609364,-0.62082936614751816)));
#8525=IFCINDEXEDPOLYCURVE(#8524,$,$);
#8526=IFCDIRECTION((1.,0.));
#8527=IFCCARTESIANPOINT((0.66082936711609364,0.05000000074505806));
#8528=IFCAXIS2PLACEMENT2D(#8527,#8526);
#8529=IFCELLIPSE(#8528,0.63582936674356461,0.67082936689257622);
#8530=IFCCARTESIANPOINT((0.66082936711609364,0.72082936763763428));
#8531=IFCCARTESIANPOINT((0.66082936711609364,-0.62082936614751816));
#8532=IFCTRIMMEDCURVE(#8529,(#8530),(#8531),.T.,.CARTESIAN.);
#8533=IFCCARTESIANPOINTLIST2D(((0.69582936726510525,0.05000000074505806),(0.66082936711609364,0.05000000074505806),(0.66082936711609364,0.72082936763763428),(0.69582936726510525,0.72082936763763428)));
#8534=IFCINDEXEDPOLYCURVE(#8533,(IFCLINEINDEX((1,2,3,4,1))),$);
#8535=IFCSHAPEREPRESENTATION(#24,'Body','Curve2D',(#8521,#8522,#8525,#8532,#8534));
#8536=IFCCARTESIANPOINTLIST2D(((0.,0.),(0.72082936763763428,0.),(0.72082936763763428,2.),(0.,2.)));
#8537=IFCINDEXEDPOLYCURVE(#8536,(IFCLINEINDEX((1,2,3,4,1))),$);
#8538=IFCARBITRARYCLOSEDPROFILEDEF(.AREA.,$,#8537);
#8539=IFCCARTESIANPOINT((0.,-0.60000002384185791,0.));
#8540=IFCDIRECTION((0.,-1.,0.));
#8541=IFCDIRECTION((1.,0.,0.));
#8542=IFCAXIS2PLACEMENT3D(#8539,#8540,#8541);
#8543=IFCDIRECTION((0.,0.,-1.));
#8544=IFCEXTRUDEDAREASOLID(#8538,#8542,#8543,1.2);
#8545=IFCSHAPEREPRESENTATION(#11,'Body','SweptSolid',(#8544));
#8551=IFCCARTESIANPOINT((2.7754566669464831,-7.1103618903833876E-07,0.));
#8552=IFCDIRECTION((0.,0.,1.));
#8553=IFCDIRECTION((0.99999999999995448,-3.0199159084529453E-07,0.));
#8554=IFCAXIS2PLACEMENT3D(#8551,#8552,#8553);
#8555=IFCLOCALPLACEMENT(#6764,#8554);
#8556=IFCCARTESIANPOINT((1.3322676295501878E-15,8.8817841970012523E-16,0.));
#8557=IFCDIRECTION((0.,0.,1.));
#8558=IFCDIRECTION((1.,-5.2939559203393771E-23,0.));
#8559=IFCAXIS2PLACEMENT3D(#8556,#8557,#8558);
#8560=IFCLOCALPLACEMENT(#8555,#8559);
#8561=IFCWINDOWTYPE('15ssGOFJzCuwokIdDnYB4d',$,'Masters-2F',$,$,(#8562),(#8564,#8572,#8620),$,$,.WINDOW.,.SINGLE_PANEL.,$,$);
#8562=IFCPROPERTYSET('176dFBZ_v6_ON5QeunWjDd',$,'BBIM_Window',$,(#8563));
#8563=IFCPROPERTYSINGLEVALUE('Data',$,IFCTEXT('{"window_type": "SINGLE_PANEL", "overall_height": 0.8999999761581421, "overall_width": 0.8179734945297241, "lining_properties": {"lining_depth": 0.05000000074505806, "lining_thickness": 0.05000000074505806, "lining_offset": 0.05000000074505806, "lining_to_panel_offset_x": 0.02500000037252903, "lining_to_panel_offset_y": 0.02500000037252903}, "panel_properties": {"frame_depth": [0.03500000014901161, 0.03500000014901161, 0.03500000014901161], "frame_thickness": [0.03500000014901161, 0.03500000014901161, 0.03500000014901161]}}'),$);
#8564=IFCREPRESENTATIONMAP(#8565,#8803);
#8565=IFCAXIS2PLACEMENT3D(#8566,#8567,#8568);
#8566=IFCCARTESIANPOINT((0.,0.,0.));
#8567=IFCDIRECTION((0.,0.,1.));
#8568=IFCDIRECTION((1.,0.,0.));
#8572=IFCREPRESENTATIONMAP(#8573,#8846);
#8573=IFCAXIS2PLACEMENT3D(#8574,#8575,#8576);
#8574=IFCCARTESIANPOINT((0.,0.,0.));
#8575=IFCDIRECTION((0.,0.,1.));
#8576=IFCDIRECTION((1.,0.,0.));
#8620=IFCREPRESENTATIONMAP(#8621,#8863);
#8621=IFCAXIS2PLACEMENT3D(#8622,#8623,#8624);
#8622=IFCCARTESIANPOINT((0.,0.,0.));
#8623=IFCDIRECTION((0.,0.,1.));
#8624=IFCDIRECTION((1.,0.,0.));
#8642=IFCWINDOW('2Nou$JzWvFMw9O71frNVXF',$,'Window',$,$,#9309,#8651,$,0.89999997615814209,0.81797349452972412,$,.SINGLE_PANEL.,$);
#8643=IFCRELDEFINESBYTYPE('0TNE78kQ9EkfDQTzUqiJKm',$,$,$,(#8642),#8561);
#8644=IFCCARTESIANPOINT((0.,0.,0.));
#8645=IFCDIRECTION((1.,0.,0.));
#8646=IFCDIRECTION((0.,1.,0.));
#8647=IFCDIRECTION((0.,0.,1.));
#8648=IFCCARTESIANTRANSFORMATIONOPERATOR3D(#8645,#8646,#8644,1.,#8647);
#8649=IFCMAPPEDITEM(#8564,#8648);
#8650=IFCSHAPEREPRESENTATION(#18,'Profile','MappedRepresentation',(#8649));
#8651=IFCPRODUCTDEFINITIONSHAPE($,$,(#8650,#8658,#8665));
#8652=IFCCARTESIANPOINT((0.,0.,0.));
#8653=IFCDIRECTION((1.,0.,0.));
#8654=IFCDIRECTION((0.,1.,0.));
#8655=IFCDIRECTION((0.,0.,1.));
#8656=IFCCARTESIANTRANSFORMATIONOPERATOR3D(#8653,#8654,#8652,1.,#8655);
#8657=IFCMAPPEDITEM(#8572,#8656);
#8658=IFCSHAPEREPRESENTATION(#11,'Body','MappedRepresentation',(#8657));
#8659=IFCCARTESIANPOINT((0.,0.,0.));
#8660=IFCDIRECTION((1.,0.,0.));
#8661=IFCDIRECTION((0.,1.,0.));
#8662=IFCDIRECTION((0.,0.,1.));
#8663=IFCCARTESIANTRANSFORMATIONOPERATOR3D(#8660,#8661,#8659,1.,#8662);
#8664=IFCMAPPEDITEM(#8620,#8663);
#8665=IFCSHAPEREPRESENTATION(#24,'Body','MappedRepresentation',(#8664));
#8666=IFCOPENINGELEMENT('2VINkDonTEF8WGtq8nVNe3',$,'Opening',$,$,#9059,#8694,$,.OPENING.);
#8682=IFCCARTESIANPOINT((0.,0.,0.));
#8683=IFCDIRECTION((1.,0.,0.));
#8684=IFCDIRECTION((0.,0.,1.));
#8685=IFCAXIS2PLACEMENT3D(#8682,#8684,#8683);
#8686=IFCREPRESENTATIONMAP(#8685,#8873);
#8687=IFCCARTESIANPOINT((0.,0.,0.));
#8688=IFCDIRECTION((1.,0.,0.));
#8689=IFCDIRECTION((0.,1.,0.));
#8690=IFCDIRECTION((0.,0.,1.));
#8691=IFCCARTESIANTRANSFORMATIONOPERATOR3D(#8688,#8689,#8687,1.,#8690);
#8692=IFCMAPPEDITEM(#8686,#8691);
#8693=IFCSHAPEREPRESENTATION(#11,'Body','MappedRepresentation',(#8692));
#8694=IFCPRODUCTDEFINITIONSHAPE($,$,(#8693));
#8695=IFCRELVOIDSELEMENT('3OuX8EI1zBWwCp2xl6ILza',$,$,$,#6057,#8666);
#8701=IFCRELFILLSELEMENT('3TV$o3dpr1D9ypFlbV_ZO2',$,$,$,#8666,#8642);
#8710=IFCCARTESIANPOINTLIST2D(((0.,0.),(0.81797349452972412,0.),(0.81797349452972412,0.89999997615814209),(0.,0.89999997615814209)));
#8711=IFCINDEXEDPOLYCURVE(#8710,(IFCLINEINDEX((1,2,3,4,1))),$);
#8712=IFCCARTESIANPOINTLIST2D(((0.02500000037252903,0.02500000037252903),(0.79297349415719509,0.02500000037252903),(0.79297349415719509,0.87499997578561306),(0.02500000037252903,0.87499997578561306)));
#8713=IFCINDEXEDPOLYCURVE(#8712,(IFCLINEINDEX((1,2,3,4,1))),$);
#8714=IFCARBITRARYPROFILEDEFWITHVOIDS(.AREA.,$,#8711,(#8713));
#8715=IFCCARTESIANPOINT((0.,0.090000001713633537,0.));
#8716=IFCDIRECTION((0.,-1.,0.));
#8717=IFCDIRECTION((1.,0.,0.));
#8718=IFCAXIS2PLACEMENT3D(#8715,#8716,#8717);
#8719=IFCDIRECTION((0.,0.,-1.));
#8720=IFCEXTRUDEDAREASOLID(#8714,#8718,#8719,0.0099999997764825821);
#8721=IFCCARTESIANPOINTLIST2D(((0.,0.),(0.81797349452972412,0.),(0.81797349452972412,0.89999997615814209),(0.,0.89999997615814209)));
#8722=IFCINDEXEDPOLYCURVE(#8721,(IFCLINEINDEX((1,2,3,4,1))),$);
#8723=IFCCARTESIANPOINTLIST2D(((0.05000000074505806,0.05000000074505806),(0.76797349378466606,0.05000000074505806),(0.76797349378466606,0.84999997541308403),(0.05000000074505806,0.84999997541308403)));
#8724=IFCINDEXEDPOLYCURVE(#8723,(IFCLINEINDEX((1,2,3,4,1))),$);
#8725=IFCARBITRARYPROFILEDEFWITHVOIDS(.AREA.,$,#8722,(#8724));
#8726=IFCCARTESIANPOINT((0.,0.05000000074505806,0.));
#8727=IFCDIRECTION((0.,-1.,0.));
#8728=IFCDIRECTION((1.,0.,0.));
#8729=IFCAXIS2PLACEMENT3D(#8726,#8727,#8728);
#8730=IFCDIRECTION((0.,0.,-1.));
#8731=IFCEXTRUDEDAREASOLID(#8725,#8729,#8730,0.040000000968575478);
#8732=IFCCARTESIANPOINTLIST2D(((0.,0.),(0.76797349378466606,0.),(0.76797349378466606,0.84999997541308403),(0.,0.84999997541308403)));
#8733=IFCINDEXEDPOLYCURVE(#8732,(IFCLINEINDEX((1,2,3,4,1))),$);
#8734=IFCCARTESIANPOINTLIST2D(((0.035000000149011612,0.035000000149011612),(0.73297349363565445,0.035000000149011612),(0.73297349363565445,0.81499997526407242),(0.035000000149011612,0.81499997526407242)));
#8735=IFCINDEXEDPOLYCURVE(#8734,(IFCLINEINDEX((1,2,3,4,1))),$);
#8736=IFCARBITRARYPROFILEDEFWITHVOIDS(.AREA.,$,#8733,(#8735));
#8737=IFCCARTESIANPOINT((0.02500000037252903,0.090000001713633537,0.02500000037252903));
#8738=IFCDIRECTION((0.,-1.,0.));
#8739=IFCDIRECTION((1.,0.,0.));
#8740=IFCAXIS2PLACEMENT3D(#8737,#8738,#8739);
#8741=IFCDIRECTION((0.,0.,-1.));
#8742=IFCEXTRUDEDAREASOLID(#8736,#8740,#8741,0.035000000149011612);
#8743=IFCINDEXEDPOLYCURVE(#8744,(IFCLINEINDEX((1,2,3,4,1))),$);
#8744=IFCCARTESIANPOINTLIST2D(((0.035000000149011612,0.035000000149011612),(0.73297349363565445,0.035000000149011612),(0.73297349363565445,0.81499997526407242),(0.035000000149011612,0.81499997526407242)));
#8745=IFCARBITRARYCLOSEDPROFILEDEF(.AREA.,$,#8743);
#8746=IFCCARTESIANPOINT((0.02500000037252903,0.10250000178813934,0.02500000037252903));
#8747=IFCDIRECTION((0.,-1.,0.));
#8748=IFCDIRECTION((1.,0.,0.));
#8749=IFCAXIS2PLACEMENT3D(#8746,#8747,#8748);
#8750=IFCDIRECTION((0.,0.,-1.));
#8751=IFCEXTRUDEDAREASOLID(#8745,#8749,#8750,0.01);
#8753=IFCSHAPEREPRESENTATION(#11,'Body','SweptSolid',(#8731,#8814,#8825,#8720));
#8754=IFCSHAPEASPECT((#8753),'Lining',$,.T.,#8651);
#8755=IFCSHAPEREPRESENTATION(#11,'Body','SweptSolid',(#8836,#8742));
#8756=IFCSHAPEASPECT((#8755),'Framing',$,.T.,#8651);
#8757=IFCSHAPEREPRESENTATION(#11,'Body','SweptSolid',(#8751,#8845));
#8758=IFCSHAPEASPECT((#8757),'Glazing',$,.T.,#8651);
#8801=IFCCARTESIANPOINTLIST3D(((0.,0.,0.),(0.81797349452972412,0.,0.),(0.81797349452972412,0.,0.89999997615814209),(0.,0.,0.89999997615814209)));
#8802=IFCINDEXEDPOLYCURVE(#8801,(IFCLINEINDEX((1,2,3,4,1))),$);
#8803=IFCSHAPEREPRESENTATION(#18,'Profile','Curve3D',(#8802));
#8804=IFCCARTESIANPOINTLIST2D(((0.,0.),(0.81797349452972412,0.),(0.81797349452972412,0.89999997615814209),(0.,0.89999997615814209)));
#8805=IFCINDEXEDPOLYCURVE(#8804,(IFCLINEINDEX((1,2,3,4,1))),$);
#8806=IFCCARTESIANPOINTLIST2D(((0.02500000037252903,0.02500000037252903),(0.79297349415719509,0.02500000037252903),(0.79297349415719509,0.87499997578561306),(0.02500000037252903,0.87499997578561306)));
#8807=IFCINDEXEDPOLYCURVE(#8806,(IFCLINEINDEX((1,2,3,4,1))),$);
#8808=IFCARBITRARYPROFILEDEFWITHVOIDS(.AREA.,$,#8805,(#8807));
#8809=IFCCARTESIANPOINT((0.,0.090000001713633537,0.));
#8810=IFCDIRECTION((0.,-1.,0.));
#8811=IFCDIRECTION((1.,0.,0.));
#8812=IFCAXIS2PLACEMENT3D(#8809,#8810,#8811);
#8813=IFCDIRECTION((0.,0.,-1.));
#8814=IFCEXTRUDEDAREASOLID(#8808,#8812,#8813,0.0099999997764825821);
#8815=IFCCARTESIANPOINTLIST2D(((0.,0.),(0.81797349452972412,0.),(0.81797349452972412,0.89999997615814209),(0.,0.89999997615814209)));
#8816=IFCINDEXEDPOLYCURVE(#8815,(IFCLINEINDEX((1,2,3,4,1))),$);
#8817=IFCCARTESIANPOINTLIST2D(((0.05000000074505806,0.05000000074505806),(0.76797349378466606,0.05000000074505806),(0.76797349378466606,0.84999997541308403),(0.05000000074505806,0.84999997541308403)));
#8818=IFCINDEXEDPOLYCURVE(#8817,(IFCLINEINDEX((1,2,3,4,1))),$);
#8819=IFCARBITRARYPROFILEDEFWITHVOIDS(.AREA.,$,#8816,(#8818));
#8820=IFCCARTESIANPOINT((0.,0.05000000074505806,0.));
#8821=IFCDIRECTION((0.,-1.,0.));
#8822=IFCDIRECTION((1.,0.,0.));
#8823=IFCAXIS2PLACEMENT3D(#8820,#8821,#8822);
#8824=IFCDIRECTION((0.,0.,-1.));
#8825=IFCEXTRUDEDAREASOLID(#8819,#8823,#8824,0.040000000968575478);
#8826=IFCCARTESIANPOINTLIST2D(((0.,0.),(0.76797349378466606,0.),(0.76797349378466606,0.84999997541308403),(0.,0.84999997541308403)));
#8827=IFCINDEXEDPOLYCURVE(#8826,(IFCLINEINDEX((1,2,3,4,1))),$);
#8828=IFCCARTESIANPOINTLIST2D(((0.035000000149011612,0.035000000149011612),(0.73297349363565445,0.035000000149011612),(0.73297349363565445,0.81499997526407242),(0.035000000149011612,0.81499997526407242)));
#8829=IFCINDEXEDPOLYCURVE(#8828,(IFCLINEINDEX((1,2,3,4,1))),$);
#8830=IFCARBITRARYPROFILEDEFWITHVOIDS(.AREA.,$,#8827,(#8829));
#8831=IFCCARTESIANPOINT((0.02500000037252903,0.090000001713633537,0.02500000037252903));
#8832=IFCDIRECTION((0.,-1.,0.));
#8833=IFCDIRECTION((1.,0.,0.));
#8834=IFCAXIS2PLACEMENT3D(#8831,#8832,#8833);
#8835=IFCDIRECTION((0.,0.,-1.));
#8836=IFCEXTRUDEDAREASOLID(#8830,#8834,#8835,0.035000000149011612);
#8837=IFCINDEXEDPOLYCURVE(#8838,(IFCLINEINDEX((1,2,3,4,1))),$);
#8838=IFCCARTESIANPOINTLIST2D(((0.035000000149011612,0.035000000149011612),(0.73297349363565445,0.035000000149011612),(0.73297349363565445,0.81499997526407242),(0.035000000149011612,0.81499997526407242)));
#8839=IFCARBITRARYCLOSEDPROFILEDEF(.AREA.,$,#8837);
#8840=IFCCARTESIANPOINT((0.02500000037252903,0.10250000178813934,0.02500000037252903));
#8841=IFCDIRECTION((0.,-1.,0.));
#8842=IFCDIRECTION((1.,0.,0.));
#8843=IFCAXIS2PLACEMENT3D(#8840,#8841,#8842);
#8844=IFCDIRECTION((0.,0.,-1.));
#8845=IFCEXTRUDEDAREASOLID(#8839,#8843,#8844,0.01);
#8846=IFCSHAPEREPRESENTATION(#11,'Body','SweptSolid',(#8814,#8825,#8836,#8845));
#8847=IFCCARTESIANPOINTLIST2D(((0.05000000074505806,0.05000000074505806),(0.76797349378466606,0.05000000074505806)));
#8848=IFCINDEXEDPOLYCURVE(#8847,$,$);
#8849=IFCCARTESIANPOINTLIST2D(((0.,0.10000000149011612),(0.02500000037252903,0.10000000149011612),(0.02500000037252903,0.090000001713633537),(0.05000000074505806,0.090000001713633537),(0.05000000074505806,0.05000000074505806),(0.,0.05000000074505806)));
#8850=IFCINDEXEDPOLYCURVE(#8849,(IFCLINEINDEX((1,2,3,4,5,6,1))),$);
#8851=IFCCARTESIANPOINTLIST2D(((0.81797349452972412,0.10000000149011612),(0.79297349415719509,0.10000000149011612),(0.79297349415719509,0.090000001713633537),(0.76797349378466606,0.090000001713633537),(0.76797349378466606,0.05000000074505806),(0.81797349452972412,0.05000000074505806)));
#8852=IFCINDEXEDPOLYCURVE(#8851,(IFCLINEINDEX((1,2,3,4,5,6,1))),$);
#8853=IFCCARTESIANPOINTLIST2D(((0.02500000037252903,0.090000001713633537),(0.060000000521540642,0.090000001713633537),(0.060000000521540642,0.12500000186264515),(0.02500000037252903,0.12500000186264515)));
#8854=IFCINDEXEDPOLYCURVE(#8853,(IFCLINEINDEX((1,2,3,4,1))),$);
#8855=IFCINDEXEDPOLYCURVE(#8856,(IFCLINEINDEX((1,2,3,4,1))),$);
#8856=IFCCARTESIANPOINTLIST2D(((0.79297349415719509,0.090000001713633537),(0.75797349400818348,0.090000001713633537),(0.75797349400818348,0.12500000186264515),(0.79297349415719509,0.12500000186264515)));
#8857=IFCCARTESIANPOINTLIST2D(((0.060000000521540642,0.090000001713633537),(0.75797349400818348,0.090000001713633537)));
#8858=IFCINDEXEDPOLYCURVE(#8857,$,$);
#8859=IFCINDEXEDPOLYCURVE(#8860,$,$);
#8860=IFCCARTESIANPOINTLIST2D(((0.060000000521540642,0.12500000186264515),(0.75797349400818348,0.12500000186264515)));
#8861=IFCINDEXEDPOLYCURVE(#8862,$,$);
#8862=IFCCARTESIANPOINTLIST2D(((0.060000000521540642,0.10750000178813934),(0.75797349400818348,0.10750000178813934)));
#8863=IFCSHAPEREPRESENTATION(#24,'Body','Curve2D',(#8848,#8850,#8852,#8854,#8855,#8858,#8859,#8861));
#8864=IFCCARTESIANPOINTLIST2D(((0.,0.),(0.81797349452972412,0.),(0.81797349452972412,0.89999997615814209),(0.,0.89999997615814209)));
#8865=IFCINDEXEDPOLYCURVE(#8864,(IFCLINEINDEX((1,2,3,4,1))),$);
#8866=IFCARBITRARYCLOSEDPROFILEDEF(.AREA.,$,#8865);
#8867=IFCCARTESIANPOINT((0.,-0.60000002384185791,0.));
#8868=IFCDIRECTION((0.,-1.,0.));
#8869=IFCDIRECTION((1.,0.,0.));
#8870=IFCAXIS2PLACEMENT3D(#8867,#8868,#8869);
#8871=IFCDIRECTION((0.,0.,-1.));
#8872=IFCEXTRUDEDAREASOLID(#8866,#8870,#8871,1.2);
#8873=IFCSHAPEREPRESENTATION(#11,'Body','SweptSolid',(#8872));
#8889=IFCWINDOWTYPE('3s04HQEHv3hQKDfiF870Zw',$,'Masters-2-2F',$,$,(#8890),(#8892,#8900,#8948),$,$,.WINDOW.,.SINGLE_PANEL.,$,$);
#8890=IFCPROPERTYSET('3_DSlT$2bAhQJkaVFvoN_4',$,'BBIM_Window',$,(#8891));
#8891=IFCPROPERTYSINGLEVALUE('Data',$,IFCTEXT('{"window_type": "SINGLE_PANEL", "overall_height": 0.8999999761581421, "overall_width": 0.8179734945297241, "lining_properties": {"lining_depth": 0.05000000074505806, "lining_thickness": 0.05000000074505806, "lining_offset": 0.05000000074505806, "lining_to_panel_offset_x": 0.02500000037252903, "lining_to_panel_offset_y": 0.02500000037252903}, "panel_properties": {"frame_depth": [0.03500000014901161, 0.03500000014901161, 0.03500000014901161], "frame_thickness": [0.03500000014901161, 0.03500000014901161, 0.03500000014901161]}}'),$);
#8892=IFCREPRESENTATIONMAP(#8893,#8897);
#8893=IFCAXIS2PLACEMENT3D(#8894,#8895,#8896);
#8894=IFCCARTESIANPOINT((0.,0.,0.));
#8895=IFCDIRECTION((0.,0.,1.));
#8896=IFCDIRECTION((1.,0.,0.));
#8897=IFCSHAPEREPRESENTATION(#18,'Profile','Curve3D',(#8898));
#8898=IFCINDEXEDPOLYCURVE(#8899,(IFCLINEINDEX((1,2,3,4,1))),$);
#8899=IFCCARTESIANPOINTLIST3D(((0.,0.,0.),(0.81797349452972412,0.,0.),(0.81797349452972412,0.,0.89999997615814209),(0.,0.,0.89999997615814209)));
#8900=IFCREPRESENTATIONMAP(#8901,#8905);
#8901=IFCAXIS2PLACEMENT3D(#8902,#8903,#8904);
#8902=IFCCARTESIANPOINT((0.,0.,0.));
#8903=IFCDIRECTION((0.,0.,1.));
#8904=IFCDIRECTION((1.,0.,0.));
#8905=IFCSHAPEREPRESENTATION(#11,'Body','SweptSolid',(#8906,#8917,#8928,#8939));
#8906=IFCEXTRUDEDAREASOLID(#8907,#8912,#8916,0.0099999997764825821);
#8907=IFCARBITRARYPROFILEDEFWITHVOIDS(.AREA.,$,#8908,(#8910));
#8908=IFCINDEXEDPOLYCURVE(#8909,(IFCLINEINDEX((1,2,3,4,1))),$);
#8909=IFCCARTESIANPOINTLIST2D(((0.,0.),(0.81797349452972412,0.),(0.81797349452972412,0.89999997615814209),(0.,0.89999997615814209)));
#8910=IFCINDEXEDPOLYCURVE(#8911,(IFCLINEINDEX((1,2,3,4,1))),$);
#8911=IFCCARTESIANPOINTLIST2D(((0.02500000037252903,0.02500000037252903),(0.79297349415719509,0.02500000037252903),(0.79297349415719509,0.87499997578561306),(0.02500000037252903,0.87499997578561306)));
#8912=IFCAXIS2PLACEMENT3D(#8913,#8914,#8915);
#8913=IFCCARTESIANPOINT((0.,0.090000001713633537,0.));
#8914=IFCDIRECTION((0.,-1.,0.));
#8915=IFCDIRECTION((1.,0.,0.));
#8916=IFCDIRECTION((0.,0.,-1.));
#8917=IFCEXTRUDEDAREASOLID(#8918,#8923,#8927,0.040000000968575478);
#8918=IFCARBITRARYPROFILEDEFWITHVOIDS(.AREA.,$,#8919,(#8921));
#8919=IFCINDEXEDPOLYCURVE(#8920,(IFCLINEINDEX((1,2,3,4,1))),$);
#8920=IFCCARTESIANPOINTLIST2D(((0.,0.),(0.81797349452972412,0.),(0.81797349452972412,0.89999997615814209),(0.,0.89999997615814209)));
#8921=IFCINDEXEDPOLYCURVE(#8922,(IFCLINEINDEX((1,2,3,4,1))),$);
#8922=IFCCARTESIANPOINTLIST2D(((0.05000000074505806,0.05000000074505806),(0.76797349378466606,0.05000000074505806),(0.76797349378466606,0.84999997541308403),(0.05000000074505806,0.84999997541308403)));
#8923=IFCAXIS2PLACEMENT3D(#8924,#8925,#8926);
#8924=IFCCARTESIANPOINT((0.,0.05000000074505806,0.));
#8925=IFCDIRECTION((0.,-1.,0.));
#8926=IFCDIRECTION((1.,0.,0.));
#8927=IFCDIRECTION((0.,0.,-1.));
#8928=IFCEXTRUDEDAREASOLID(#8929,#8934,#8938,0.035000000149011612);
#8929=IFCARBITRARYPROFILEDEFWITHVOIDS(.AREA.,$,#8930,(#8932));
#8930=IFCINDEXEDPOLYCURVE(#8931,(IFCLINEINDEX((1,2,3,4,1))),$);
#8931=IFCCARTESIANPOINTLIST2D(((0.,0.),(0.76797349378466606,0.),(0.76797349378466606,0.84999997541308403),(0.,0.84999997541308403)));
#8932=IFCINDEXEDPOLYCURVE(#8933,(IFCLINEINDEX((1,2,3,4,1))),$);
#8933=IFCCARTESIANPOINTLIST2D(((0.035000000149011612,0.035000000149011612),(0.73297349363565445,0.035000000149011612),(0.73297349363565445,0.81499997526407242),(0.035000000149011612,0.81499997526407242)));
#8934=IFCAXIS2PLACEMENT3D(#8935,#8936,#8937);
#8935=IFCCARTESIANPOINT((0.02500000037252903,0.090000001713633537,0.02500000037252903));
#8936=IFCDIRECTION((0.,-1.,0.));
#8937=IFCDIRECTION((1.,0.,0.));
#8938=IFCDIRECTION((0.,0.,-1.));
#8939=IFCEXTRUDEDAREASOLID(#8940,#8943,#8947,0.01);
#8940=IFCARBITRARYCLOSEDPROFILEDEF(.AREA.,$,#8941);
#8941=IFCINDEXEDPOLYCURVE(#8942,(IFCLINEINDEX((1,2,3,4,1))),$);
#8942=IFCCARTESIANPOINTLIST2D(((0.035000000149011612,0.035000000149011612),(0.73297349363565445,0.035000000149011612),(0.73297349363565445,0.81499997526407242),(0.035000000149011612,0.81499997526407242)));
#8943=IFCAXIS2PLACEMENT3D(#8944,#8945,#8946);
#8944=IFCCARTESIANPOINT((0.02500000037252903,0.10250000178813934,0.02500000037252903));
#8945=IFCDIRECTION((0.,-1.,0.));
#8946=IFCDIRECTION((1.,0.,0.));
#8947=IFCDIRECTION((0.,0.,-1.));
#8948=IFCREPRESENTATIONMAP(#8949,#8953);
#8949=IFCAXIS2PLACEMENT3D(#8950,#8951,#8952);
#8950=IFCCARTESIANPOINT((0.,0.,0.));
#8951=IFCDIRECTION((0.,0.,1.));
#8952=IFCDIRECTION((1.,0.,0.));
#8953=IFCSHAPEREPRESENTATION(#24,'Body','Curve2D',(#8954,#8956,#8958,#8960,#8962,#8964,#8966,#8968));
#8954=IFCINDEXEDPOLYCURVE(#8955,$,$);
#8955=IFCCARTESIANPOINTLIST2D(((0.05000000074505806,0.05000000074505806),(0.76797349378466606,0.05000000074505806)));
#8956=IFCINDEXEDPOLYCURVE(#8957,(IFCLINEINDEX((1,2,3,4,5,6,1))),$);
#8957=IFCCARTESIANPOINTLIST2D(((0.,0.10000000149011612),(0.02500000037252903,0.10000000149011612),(0.02500000037252903,0.090000001713633537),(0.05000000074505806,0.090000001713633537),(0.05000000074505806,0.05000000074505806),(0.,0.05000000074505806)));
#8958=IFCINDEXEDPOLYCURVE(#8959,(IFCLINEINDEX((1,2,3,4,5,6,1))),$);
#8959=IFCCARTESIANPOINTLIST2D(((0.81797349452972412,0.10000000149011612),(0.79297349415719509,0.10000000149011612),(0.79297349415719509,0.090000001713633537),(0.76797349378466606,0.090000001713633537),(0.76797349378466606,0.05000000074505806),(0.81797349452972412,0.05000000074505806)));
#8960=IFCINDEXEDPOLYCURVE(#8961,(IFCLINEINDEX((1,2,3,4,1))),$);
#8961=IFCCARTESIANPOINTLIST2D(((0.02500000037252903,0.090000001713633537),(0.060000000521540642,0.090000001713633537),(0.060000000521540642,0.12500000186264515),(0.02500000037252903,0.12500000186264515)));
#8962=IFCINDEXEDPOLYCURVE(#8963,(IFCLINEINDEX((1,2,3,4,1))),$);
#8963=IFCCARTESIANPOINTLIST2D(((0.79297349415719509,0.090000001713633537),(0.75797349400818348,0.090000001713633537),(0.75797349400818348,0.12500000186264515),(0.79297349415719509,0.12500000186264515)));
#8964=IFCINDEXEDPOLYCURVE(#8965,$,$);
#8965=IFCCARTESIANPOINTLIST2D(((0.060000000521540642,0.090000001713633537),(0.75797349400818348,0.090000001713633537)));
#8966=IFCINDEXEDPOLYCURVE(#8967,$,$);
#8967=IFCCARTESIANPOINTLIST2D(((0.060000000521540642,0.12500000186264515),(0.75797349400818348,0.12500000186264515)));
#8968=IFCINDEXEDPOLYCURVE(#8969,$,$);
#8969=IFCCARTESIANPOINTLIST2D(((0.060000000521540642,0.10750000178813934),(0.75797349400818348,0.10750000178813934)));
#8970=IFCWINDOW('0bvlZ$I$L3CuMAWMMgIVya',$,'Window',$,$,#9314,#8979,$,0.89999997615814209,0.81797349452972412,$,$,$);
#8971=IFCRELDEFINESBYTYPE('2nDv5vxAn7qO2GZbzTD7p8',$,$,$,(#8970),#8889);
#8972=IFCCARTESIANPOINT((0.,0.,0.));
#8973=IFCDIRECTION((1.,0.,0.));
#8974=IFCDIRECTION((0.,1.,0.));
#8975=IFCDIRECTION((0.,0.,1.));
#8976=IFCCARTESIANTRANSFORMATIONOPERATOR3D(#8973,#8974,#8972,1.,#8975);
#8977=IFCMAPPEDITEM(#8892,#8976);
#8978=IFCSHAPEREPRESENTATION(#18,'Profile','MappedRepresentation',(#8977));
#8979=IFCPRODUCTDEFINITIONSHAPE($,$,(#8978,#8986,#8993));
#8980=IFCCARTESIANPOINT((0.,0.,0.));
#8981=IFCDIRECTION((1.,0.,0.));
#8982=IFCDIRECTION((0.,1.,0.));
#8983=IFCDIRECTION((0.,0.,1.));
#8984=IFCCARTESIANTRANSFORMATIONOPERATOR3D(#8981,#8982,#8980,1.,#8983);
#8985=IFCMAPPEDITEM(#8900,#8984);
#8986=IFCSHAPEREPRESENTATION(#11,'Body','MappedRepresentation',(#8985));
#8987=IFCCARTESIANPOINT((0.,0.,0.));
#8988=IFCDIRECTION((1.,0.,0.));
#8989=IFCDIRECTION((0.,1.,0.));
#8990=IFCDIRECTION((0.,0.,1.));
#8991=IFCCARTESIANTRANSFORMATIONOPERATOR3D(#8988,#8989,#8987,1.,#8990);
#8992=IFCMAPPEDITEM(#8948,#8991);
#8993=IFCSHAPEREPRESENTATION(#24,'Body','MappedRepresentation',(#8992));
#8994=IFCOPENINGELEMENT('3gxeiveQD9tR4s$$r6up83',$,'Opening',$,$,#9044,#9022,$,.OPENING.);
#9000=IFCCARTESIANPOINTLIST2D(((0.,0.),(0.81797349452972412,0.),(0.81797349452972412,0.89999997615814209),(0.,0.89999997615814209)));
#9001=IFCINDEXEDPOLYCURVE(#9000,(IFCLINEINDEX((1,2,3,4,1))),$);
#9002=IFCARBITRARYCLOSEDPROFILEDEF(.AREA.,$,#9001);
#9003=IFCCARTESIANPOINT((0.,-0.60000002384185791,0.));
#9004=IFCDIRECTION((0.,-1.,0.));
#9005=IFCDIRECTION((1.,0.,0.));
#9006=IFCAXIS2PLACEMENT3D(#9003,#9004,#9005);
#9007=IFCDIRECTION((0.,0.,-1.));
#9008=IFCEXTRUDEDAREASOLID(#9002,#9006,#9007,1.2);
#9009=IFCSHAPEREPRESENTATION(#11,'Body','SweptSolid',(#9008));
#9010=IFCCARTESIANPOINT((0.,0.,0.));
#9011=IFCDIRECTION((1.,0.,0.));
#9012=IFCDIRECTION((0.,0.,1.));
#9013=IFCAXIS2PLACEMENT3D(#9010,#9012,#9011);
#9014=IFCREPRESENTATIONMAP(#9013,#9009);
#9015=IFCCARTESIANPOINT((0.,0.,0.));
#9016=IFCDIRECTION((1.,0.,0.));
#9017=IFCDIRECTION((0.,1.,0.));
#9018=IFCDIRECTION((0.,0.,1.));
#9019=IFCCARTESIANTRANSFORMATIONOPERATOR3D(#9016,#9017,#9015,1.,#9018);
#9020=IFCMAPPEDITEM(#9014,#9019);
#9021=IFCSHAPEREPRESENTATION(#11,'Body','MappedRepresentation',(#9020));
#9022=IFCPRODUCTDEFINITIONSHAPE($,$,(#9021));
#9023=IFCRELVOIDSELEMENT('0YCZf0$LH4zgjeIPwCNQ0T',$,$,$,#6057,#8994);
#9029=IFCRELFILLSELEMENT('0hPrSt3dTBHOB8MSvfsqLI',$,$,$,#8994,#8970);
#9040=IFCCARTESIANPOINT((6.1114948312349942,7.3068792927344361E-07,1.));
#9041=IFCDIRECTION((0.,0.,1.));
#9042=IFCDIRECTION((0.99999999999999289,1.1920928244535129E-07,0.));
#9043=IFCAXIS2PLACEMENT3D(#9040,#9041,#9042);
#9044=IFCLOCALPLACEMENT(#6439,#9043);
#9055=IFCCARTESIANPOINT((3.581234268338255,6.8329871227845729E-07,1.));
#9056=IFCDIRECTION((0.,0.,1.));
#9057=IFCDIRECTION((0.99999999999999289,1.1920928244535129E-07,0.));
#9058=IFCAXIS2PLACEMENT3D(#9055,#9056,#9057);
#9059=IFCLOCALPLACEMENT(#6439,#9058);
#9065=IFCWINDOWTYPE('36u8mPlFDB2wGvX$YQsaGI',$,'Bedroom1-2F',$,$,(#9066),(#9068,#9076,#9124),$,$,.WINDOW.,.SINGLE_PANEL.,$,$);
#9066=IFCPROPERTYSET('1aqqArLpz8Kf4W62v$wi_s',$,'BBIM_Window',$,(#9067));
#9067=IFCPROPERTYSINGLEVALUE('Data',$,IFCTEXT('{"window_type": "SINGLE_PANEL", "overall_height": 0.8999999761581421, "overall_width": 0.789535403251648, "lining_properties": {"lining_depth": 0.05000000074505806, "lining_thickness": 0.05000000074505806, "lining_offset": 0.05000000074505806, "lining_to_panel_offset_x": 0.02500000037252903, "lining_to_panel_offset_y": 0.02500000037252903}, "panel_properties": {"frame_depth": [0.03500000014901161, 0.03500000014901161, 0.03500000014901161], "frame_thickness": [0.03500000014901161, 0.03500000014901161, 0.03500000014901161]}}'),$);
#9068=IFCREPRESENTATIONMAP(#9069,#9213);
#9069=IFCAXIS2PLACEMENT3D(#9070,#9071,#9072);
#9070=IFCCARTESIANPOINT((0.,0.,0.));
#9071=IFCDIRECTION((0.,0.,1.));
#9072=IFCDIRECTION((1.,0.,0.));
#9076=IFCREPRESENTATIONMAP(#9077,#9256);
#9077=IFCAXIS2PLACEMENT3D(#9078,#9079,#9080);
#9078=IFCCARTESIANPOINT((0.,0.,0.));
#9079=IFCDIRECTION((0.,0.,1.));
#9080=IFCDIRECTION((1.,0.,0.));
#9124=IFCREPRESENTATIONMAP(#9125,#9279);
#9125=IFCAXIS2PLACEMENT3D(#9126,#9127,#9128);
#9126=IFCCARTESIANPOINT((0.,0.,0.));
#9127=IFCDIRECTION((0.,0.,1.));
#9128=IFCDIRECTION((1.,0.,0.));
#9146=IFCWINDOW('2yHGjVaCf0DuJKFP1YRaYK',$,'Window',$,$,#10065,#9155,$,0.89999997615814209,0.78953540325164795,$,.SINGLE_PANEL.,$);
#9147=IFCRELDEFINESBYTYPE('2hAQNcR159NOtRhdPLuzmf',$,$,$,(#9146),#9065);
#9148=IFCCARTESIANPOINT((0.,0.,0.));
#9149=IFCDIRECTION((1.,0.,0.));
#9150=IFCDIRECTION((0.,1.,0.));
#9151=IFCDIRECTION((0.,0.,1.));
#9152=IFCCARTESIANTRANSFORMATIONOPERATOR3D(#9149,#9150,#9148,1.,#9151);
#9153=IFCMAPPEDITEM(#9068,#9152);
#9154=IFCSHAPEREPRESENTATION(#18,'Profile','MappedRepresentation',(#9153));
#9155=IFCPRODUCTDEFINITIONSHAPE($,$,(#9154,#9162,#9169));
#9156=IFCCARTESIANPOINT((0.,0.,0.));
#9157=IFCDIRECTION((1.,0.,0.));
#9158=IFCDIRECTION((0.,1.,0.));
#9159=IFCDIRECTION((0.,0.,1.));
#9160=IFCCARTESIANTRANSFORMATIONOPERATOR3D(#9157,#9158,#9156,1.,#9159);
#9161=IFCMAPPEDITEM(#9076,#9160);
#9162=IFCSHAPEREPRESENTATION(#11,'Body','MappedRepresentation',(#9161));
#9163=IFCCARTESIANPOINT((0.,0.,0.));
#9164=IFCDIRECTION((1.,0.,0.));
#9165=IFCDIRECTION((0.,1.,0.));
#9166=IFCDIRECTION((0.,0.,1.));
#9167=IFCCARTESIANTRANSFORMATIONOPERATOR3D(#9164,#9165,#9163,1.,#9166);
#9168=IFCMAPPEDITEM(#9124,#9167);
#9169=IFCSHAPEREPRESENTATION(#24,'Body','MappedRepresentation',(#9168));
#9170=IFCOPENINGELEMENT('0W8lDmt9fEMf3RIoEkEy7C',$,'Opening',$,$,#9692,#9198,$,.OPENING.);
#9186=IFCCARTESIANPOINT((0.,0.,0.));
#9187=IFCDIRECTION((1.,0.,0.));
#9188=IFCDIRECTION((0.,0.,1.));
#9189=IFCAXIS2PLACEMENT3D(#9186,#9188,#9187);
#9190=IFCREPRESENTATIONMAP(#9189,#9289);
#9191=IFCCARTESIANPOINT((0.,0.,0.));
#9192=IFCDIRECTION((1.,0.,0.));
#9193=IFCDIRECTION((0.,1.,0.));
#9194=IFCDIRECTION((0.,0.,1.));
#9195=IFCCARTESIANTRANSFORMATIONOPERATOR3D(#9192,#9193,#9191,1.,#9194);
#9196=IFCMAPPEDITEM(#9190,#9195);
#9197=IFCSHAPEREPRESENTATION(#11,'Body','MappedRepresentation',(#9196));
#9198=IFCPRODUCTDEFINITIONSHAPE($,$,(#9197));
#9199=IFCRELVOIDSELEMENT('0_H8KWLTf5vP4YM5Z5ZqPO',$,$,$,#6057,#9170);
#9205=IFCRELFILLSELEMENT('1itPbG_A97twjaUcdT1q_a',$,$,$,#9170,#9146);
#9211=IFCCARTESIANPOINTLIST3D(((0.,0.,0.),(0.78953540325164795,0.,0.),(0.78953540325164795,0.,0.89999997615814209),(0.,0.,0.89999997615814209)));
#9212=IFCINDEXEDPOLYCURVE(#9211,(IFCLINEINDEX((1,2,3,4,1))),$);
#9213=IFCSHAPEREPRESENTATION(#18,'Profile','Curve3D',(#9212));
#9214=IFCCARTESIANPOINTLIST2D(((0.,0.),(0.78953540325164795,0.),(0.78953540325164795,0.89999997615814209),(0.,0.89999997615814209)));
#9215=IFCINDEXEDPOLYCURVE(#9214,(IFCLINEINDEX((1,2,3,4,1))),$);
#9216=IFCCARTESIANPOINTLIST2D(((0.02500000037252903,0.02500000037252903),(0.76453540287911892,0.02500000037252903),(0.76453540287911892,0.87499997578561306),(0.02500000037252903,0.87499997578561306)));
#9217=IFCINDEXEDPOLYCURVE(#9216,(IFCLINEINDEX((1,2,3,4,1))),$);
#9218=IFCARBITRARYPROFILEDEFWITHVOIDS(.AREA.,$,#9215,(#9217));
#9219=IFCCARTESIANPOINT((0.,0.090000001713633537,0.));
#9220=IFCDIRECTION((0.,-1.,0.));
#9221=IFCDIRECTION((1.,0.,0.));
#9222=IFCAXIS2PLACEMENT3D(#9219,#9220,#9221);
#9223=IFCDIRECTION((0.,0.,-1.));
#9224=IFCEXTRUDEDAREASOLID(#9218,#9222,#9223,0.0099999997764825821);
#9225=IFCCARTESIANPOINTLIST2D(((0.,0.),(0.78953540325164795,0.),(0.78953540325164795,0.89999997615814209),(0.,0.89999997615814209)));
#9226=IFCINDEXEDPOLYCURVE(#9225,(IFCLINEINDEX((1,2,3,4,1))),$);
#9227=IFCCARTESIANPOINTLIST2D(((0.05000000074505806,0.05000000074505806),(0.73953540250658989,0.05000000074505806),(0.73953540250658989,0.84999997541308403),(0.05000000074505806,0.84999997541308403)));
#9228=IFCINDEXEDPOLYCURVE(#9227,(IFCLINEINDEX((1,2,3,4,1))),$);
#9229=IFCARBITRARYPROFILEDEFWITHVOIDS(.AREA.,$,#9226,(#9228));
#9230=IFCCARTESIANPOINT((0.,0.05000000074505806,0.));
#9231=IFCDIRECTION((0.,-1.,0.));
#9232=IFCDIRECTION((1.,0.,0.));
#9233=IFCAXIS2PLACEMENT3D(#9230,#9231,#9232);
#9234=IFCDIRECTION((0.,0.,-1.));
#9235=IFCEXTRUDEDAREASOLID(#9229,#9233,#9234,0.040000000968575478);
#9236=IFCCARTESIANPOINTLIST2D(((0.,0.),(0.73953540250658989,0.),(0.73953540250658989,0.84999997541308403),(0.,0.84999997541308403)));
#9237=IFCINDEXEDPOLYCURVE(#9236,(IFCLINEINDEX((1,2,3,4,1))),$);
#9238=IFCCARTESIANPOINTLIST2D(((0.035000000149011612,0.035000000149011612),(0.70453540235757828,0.035000000149011612),(0.70453540235757828,0.81499997526407242),(0.035000000149011612,0.81499997526407242)));
#9239=IFCINDEXEDPOLYCURVE(#9238,(IFCLINEINDEX((1,2,3,4,1))),$);
#9240=IFCARBITRARYPROFILEDEFWITHVOIDS(.AREA.,$,#9237,(#9239));
#9241=IFCCARTESIANPOINT((0.02500000037252903,0.090000001713633537,0.02500000037252903));
#9242=IFCDIRECTION((0.,-1.,0.));
#9243=IFCDIRECTION((1.,0.,0.));
#9244=IFCAXIS2PLACEMENT3D(#9241,#9242,#9243);
#9245=IFCDIRECTION((0.,0.,-1.));
#9246=IFCEXTRUDEDAREASOLID(#9240,#9244,#9245,0.035000000149011612);
#9247=IFCINDEXEDPOLYCURVE(#9248,(IFCLINEINDEX((1,2,3,4,1))),$);
#9248=IFCCARTESIANPOINTLIST2D(((0.035000000149011612,0.035000000149011612),(0.70453540235757828,0.035000000149011612),(0.70453540235757828,0.81499997526407242),(0.035000000149011612,0.81499997526407242)));
#9249=IFCARBITRARYCLOSEDPROFILEDEF(.AREA.,$,#9247);
#9250=IFCCARTESIANPOINT((0.02500000037252903,0.10250000178813934,0.02500000037252903));
#9251=IFCDIRECTION((0.,-1.,0.));
#9252=IFCDIRECTION((1.,0.,0.));
#9253=IFCAXIS2PLACEMENT3D(#9250,#9251,#9252);
#9254=IFCDIRECTION((0.,0.,-1.));
#9255=IFCEXTRUDEDAREASOLID(#9249,#9253,#9254,0.01);
#9256=IFCSHAPEREPRESENTATION(#11,'Body','SweptSolid',(#9224,#9235,#9246,#9255));
#9257=IFCSHAPEREPRESENTATION(#11,'Body','SweptSolid',(#9224,#9235));
#9258=IFCSHAPEASPECT((#9257),'Lining',$,.T.,#9155);
#9259=IFCSHAPEREPRESENTATION(#11,'Body','SweptSolid',(#9246));
#9260=IFCSHAPEASPECT((#9259),'Framing',$,.T.,#9155);
#9261=IFCSHAPEREPRESENTATION(#11,'Body','SweptSolid',(#9255));
#9262=IFCSHAPEASPECT((#9261),'Glazing',$,.T.,#9155);
#9263=IFCCARTESIANPOINTLIST2D(((0.05000000074505806,0.05000000074505806),(0.73953540250658989,0.05000000074505806)));
#9264=IFCINDEXEDPOLYCURVE(#9263,$,$);
#9265=IFCCARTESIANPOINTLIST2D(((0.,0.10000000149011612),(0.02500000037252903,0.10000000149011612),(0.02500000037252903,0.090000001713633537),(0.05000000074505806,0.090000001713633537),(0.05000000074505806,0.05000000074505806),(0.,0.05000000074505806)));
#9266=IFCINDEXEDPOLYCURVE(#9265,(IFCLINEINDEX((1,2,3,4,5,6,1))),$);
#9267=IFCCARTESIANPOINTLIST2D(((0.78953540325164795,0.10000000149011612),(0.76453540287911892,0.10000000149011612),(0.76453540287911892,0.090000001713633537),(0.73953540250658989,0.090000001713633537),(0.73953540250658989,0.05000000074505806),(0.78953540325164795,0.05000000074505806)));
#9268=IFCINDEXEDPOLYCURVE(#9267,(IFCLINEINDEX((1,2,3,4,5,6,1))),$);
#9269=IFCCARTESIANPOINTLIST2D(((0.02500000037252903,0.090000001713633537),(0.060000000521540642,0.090000001713633537),(0.060000000521540642,0.12500000186264515),(0.02500000037252903,0.12500000186264515)));
#9270=IFCINDEXEDPOLYCURVE(#9269,(IFCLINEINDEX((1,2,3,4,1))),$);
#9271=IFCINDEXEDPOLYCURVE(#9272,(IFCLINEINDEX((1,2,3,4,1))),$);
#9272=IFCCARTESIANPOINTLIST2D(((0.76453540287911892,0.090000001713633537),(0.72953540273010731,0.090000001713633537),(0.72953540273010731,0.12500000186264515),(0.76453540287911892,0.12500000186264515)));
#9273=IFCCARTESIANPOINTLIST2D(((0.060000000521540642,0.090000001713633537),(0.72953540273010731,0.090000001713633537)));
#9274=IFCINDEXEDPOLYCURVE(#9273,$,$);
#9275=IFCINDEXEDPOLYCURVE(#9276,$,$);
#9276=IFCCARTESIANPOINTLIST2D(((0.060000000521540642,0.12500000186264515),(0.72953540273010731,0.12500000186264515)));
#9277=IFCINDEXEDPOLYCURVE(#9278,$,$);
#9278=IFCCARTESIANPOINTLIST2D(((0.060000000521540642,0.10750000178813934),(0.72953540273010731,0.10750000178813934)));
#9279=IFCSHAPEREPRESENTATION(#24,'Body','Curve2D',(#9264,#9266,#9268,#9270,#9271,#9274,#9275,#9277));
#9280=IFCCARTESIANPOINTLIST2D(((0.,0.),(0.78953540325164795,0.),(0.78953540325164795,0.89999997615814209),(0.,0.89999997615814209)));
#9281=IFCINDEXEDPOLYCURVE(#9280,(IFCLINEINDEX((1,2,3,4,1))),$);
#9282=IFCARBITRARYCLOSEDPROFILEDEF(.AREA.,$,#9281);
#9283=IFCCARTESIANPOINT((0.,-0.60000002384185791,0.));
#9284=IFCDIRECTION((0.,-1.,0.));
#9285=IFCDIRECTION((1.,0.,0.));
#9286=IFCAXIS2PLACEMENT3D(#9283,#9284,#9285);
#9287=IFCDIRECTION((0.,0.,-1.));
#9288=IFCEXTRUDEDAREASOLID(#9282,#9286,#9287,1.2);
#9289=IFCSHAPEREPRESENTATION(#11,'Body','SweptSolid',(#9288));
#9305=IFCCARTESIANPOINT((0.,0.,0.));
#9306=IFCDIRECTION((0.,0.,1.));
#9307=IFCDIRECTION((1.,0.,0.));
#9308=IFCAXIS2PLACEMENT3D(#9305,#9306,#9307);
#9309=IFCLOCALPLACEMENT(#9059,#9308);
#9310=IFCCARTESIANPOINT((0.,0.,0.));
#9311=IFCDIRECTION((0.,0.,1.));
#9312=IFCDIRECTION((1.,0.,0.));
#9313=IFCAXIS2PLACEMENT3D(#9310,#9311,#9312);
#9314=IFCLOCALPLACEMENT(#9044,#9313);
#9315=IFCWINDOWTYPE('2lUbUOjX1AAxcWWf15ie01',$,'Bedroom1-2-2F',$,$,(#9316),(#9318,#9326,#9412),$,$,.WINDOW.,.SINGLE_PANEL.,$,$);
#9316=IFCPROPERTYSET('2RICXHUqj90BTIMcQ90Rx1',$,'BBIM_Window',$,(#9317));
#9317=IFCPROPERTYSINGLEVALUE('Data',$,IFCTEXT('{"window_type": "DOUBLE_PANEL_VERTICAL", "overall_height": 0.8999999761581421, "overall_width": 1.1905627250671387, "lining_properties": {"lining_depth": 0.05000000074505806, "lining_thickness": 0.05000000074505806, "lining_offset": 0.05000000074505806, "lining_to_panel_offset_x": 0.02500000037252903, "lining_to_panel_offset_y": 0.02500000037252903, "mullion_thickness": 0.05000000074505806, "first_mullion_offset": 0.49673396348953247}, "panel_properties": {"frame_depth": [0.03500000014901161, 0.03500000014901161, 0.03500000014901161], "frame_thickness": [0.03500000014901161, 0.03500000014901161, 0.03500000014901161]}}'),$);
#9318=IFCREPRESENTATIONMAP(#9319,#9517);
#9319=IFCAXIS2PLACEMENT3D(#9320,#9321,#9322);
#9320=IFCCARTESIANPOINT((0.,0.,0.));
#9321=IFCDIRECTION((0.,0.,1.));
#9322=IFCDIRECTION((1.,0.,0.));
#9326=IFCREPRESENTATIONMAP(#9327,#9598);
#9327=IFCAXIS2PLACEMENT3D(#9328,#9329,#9330);
#9328=IFCCARTESIANPOINT((0.,0.,0.));
#9329=IFCDIRECTION((0.,0.,1.));
#9330=IFCDIRECTION((1.,0.,0.));
#9412=IFCREPRESENTATIONMAP(#9413,#9637);
#9413=IFCAXIS2PLACEMENT3D(#9414,#9415,#9416);
#9414=IFCCARTESIANPOINT((0.,0.,0.));
#9415=IFCDIRECTION((0.,0.,1.));
#9416=IFCDIRECTION((1.,0.,0.));
#9450=IFCWINDOW('09zWbLJw9B0uL2umbTCOKf',$,'Window',$,$,#9682,#9459,$,0.89999997615814209,1.1905627250671387,$,.DOUBLE_PANEL_VERTICAL.,$);
#9451=IFCRELDEFINESBYTYPE('2eEZEeb$n0uQB_ns_BuLbi',$,$,$,(#9450),#9315);
#9452=IFCCARTESIANPOINT((0.,0.,0.));
#9453=IFCDIRECTION((1.,0.,0.));
#9454=IFCDIRECTION((0.,1.,0.));
#9455=IFCDIRECTION((0.,0.,1.));
#9456=IFCCARTESIANTRANSFORMATIONOPERATOR3D(#9453,#9454,#9452,1.,#9455);
#9457=IFCMAPPEDITEM(#9318,#9456);
#9458=IFCSHAPEREPRESENTATION(#18,'Profile','MappedRepresentation',(#9457));
#9459=IFCPRODUCTDEFINITIONSHAPE($,$,(#9458,#9466,#9473));
#9460=IFCCARTESIANPOINT((0.,0.,0.));
#9461=IFCDIRECTION((1.,0.,0.));
#9462=IFCDIRECTION((0.,1.,0.));
#9463=IFCDIRECTION((0.,0.,1.));
#9464=IFCCARTESIANTRANSFORMATIONOPERATOR3D(#9461,#9462,#9460,1.,#9463);
#9465=IFCMAPPEDITEM(#9326,#9464);
#9466=IFCSHAPEREPRESENTATION(#11,'Body','MappedRepresentation',(#9465));
#9467=IFCCARTESIANPOINT((0.,0.,0.));
#9468=IFCDIRECTION((1.,0.,0.));
#9469=IFCDIRECTION((0.,1.,0.));
#9470=IFCDIRECTION((0.,0.,1.));
#9471=IFCCARTESIANTRANSFORMATIONOPERATOR3D(#9468,#9469,#9467,1.,#9470);
#9472=IFCMAPPEDITEM(#9412,#9471);
#9473=IFCSHAPEREPRESENTATION(#24,'Body','MappedRepresentation',(#9472));
#9474=IFCOPENINGELEMENT('1$8ivVH1PA8Os07VpvSnuM',$,'Opening',$,$,#9672,#9502,$,.OPENING.);
#9490=IFCCARTESIANPOINT((0.,0.,0.));
#9491=IFCDIRECTION((1.,0.,0.));
#9492=IFCDIRECTION((0.,0.,1.));
#9493=IFCAXIS2PLACEMENT3D(#9490,#9492,#9491);
#9494=IFCREPRESENTATIONMAP(#9493,#9647);
#9495=IFCCARTESIANPOINT((0.,0.,0.));
#9496=IFCDIRECTION((1.,0.,0.));
#9497=IFCDIRECTION((0.,1.,0.));
#9498=IFCDIRECTION((0.,0.,1.));
#9499=IFCCARTESIANTRANSFORMATIONOPERATOR3D(#9496,#9497,#9495,1.,#9498);
#9500=IFCMAPPEDITEM(#9494,#9499);
#9501=IFCSHAPEREPRESENTATION(#11,'Body','MappedRepresentation',(#9500));
#9502=IFCPRODUCTDEFINITIONSHAPE($,$,(#9501));
#9503=IFCRELVOIDSELEMENT('3pYpOTkOH2qBwd_zACjsW1',$,$,$,#6032,#9474);
#9509=IFCRELFILLSELEMENT('1jOrCNwMT4DhU7lKypDk5l',$,$,$,#9474,#9450);
#9515=IFCCARTESIANPOINTLIST3D(((0.,0.,0.),(1.1905627250671387,0.,0.),(1.1905627250671387,0.,0.89999997615814209),(0.,0.,0.89999997615814209)));
#9516=IFCINDEXEDPOLYCURVE(#9515,(IFCLINEINDEX((1,2,3,4,1))),$);
#9517=IFCSHAPEREPRESENTATION(#18,'Profile','Curve3D',(#9516));
#9518=IFCCARTESIANPOINTLIST2D(((0.49673396348953247,0.),(0.,0.),(0.,0.89999997615814209),(0.49673396348953247,0.89999997615814209),(0.49673396348953247,0.87499997578561306),(0.02500000037252903,0.87499997578561306),(0.02500000037252903,0.02500000037252903),(0.49673396348953247,0.02500000037252903)));
#9519=IFCINDEXEDPOLYCURVE(#9518,(IFCLINEINDEX((1,2,3,4,5,6,7,8,1))),$);
#9520=IFCARBITRARYCLOSEDPROFILEDEF(.AREA.,$,#9519);
#9521=IFCCARTESIANPOINT((0.,0.090000001713633537,0.));
#9522=IFCDIRECTION((0.,-1.,0.));
#9523=IFCDIRECTION((1.,0.,0.));
#9524=IFCAXIS2PLACEMENT3D(#9521,#9522,#9523);
#9525=IFCDIRECTION((0.,0.,-1.));
#9526=IFCEXTRUDEDAREASOLID(#9520,#9524,#9525,0.0099999997764825821);
#9527=IFCCARTESIANPOINTLIST2D(((0.,0.),(0.49673396348953247,0.),(0.49673396348953247,0.89999997615814209),(0.,0.89999997615814209)));
#9528=IFCINDEXEDPOLYCURVE(#9527,(IFCLINEINDEX((1,2,3,4,1))),$);
#9529=IFCCARTESIANPOINTLIST2D(((0.05000000074505806,0.05000000074505806),(0.47173396311700344,0.05000000074505806),(0.47173396311700344,0.84999997541308403),(0.05000000074505806,0.84999997541308403)));
#9530=IFCINDEXEDPOLYCURVE(#9529,(IFCLINEINDEX((1,2,3,4,1))),$);
#9531=IFCARBITRARYPROFILEDEFWITHVOIDS(.AREA.,$,#9528,(#9530));
#9532=IFCCARTESIANPOINT((0.,0.05000000074505806,0.));
#9533=IFCDIRECTION((0.,-1.,0.));
#9534=IFCDIRECTION((1.,0.,0.));
#9535=IFCAXIS2PLACEMENT3D(#9532,#9533,#9534);
#9536=IFCDIRECTION((0.,0.,-1.));
#9537=IFCEXTRUDEDAREASOLID(#9531,#9535,#9536,0.040000000968575478);
#9538=IFCCARTESIANPOINTLIST2D(((0.,0.),(0.47173396311700344,0.),(0.47173396311700344,0.84999997541308403),(0.,0.84999997541308403)));
#9539=IFCINDEXEDPOLYCURVE(#9538,(IFCLINEINDEX((1,2,3,4,1))),$);
#9540=IFCCARTESIANPOINTLIST2D(((0.035000000149011612,0.035000000149011612),(0.43673396296799183,0.035000000149011612),(0.43673396296799183,0.81499997526407242),(0.035000000149011612,0.81499997526407242)));
#9541=IFCINDEXEDPOLYCURVE(#9540,(IFCLINEINDEX((1,2,3,4,1))),$);
#9542=IFCARBITRARYPROFILEDEFWITHVOIDS(.AREA.,$,#9539,(#9541));
#9543=IFCCARTESIANPOINT((0.02500000037252903,0.090000001713633537,0.02500000037252903));
#9544=IFCDIRECTION((0.,-1.,0.));
#9545=IFCDIRECTION((1.,0.,0.));
#9546=IFCAXIS2PLACEMENT3D(#9543,#9544,#9545);
#9547=IFCDIRECTION((0.,0.,-1.));
#9548=IFCEXTRUDEDAREASOLID(#9542,#9546,#9547,0.035000000149011612);
#9549=IFCINDEXEDPOLYCURVE(#9550,(IFCLINEINDEX((1,2,3,4,1))),$);
#9550=IFCCARTESIANPOINTLIST2D(((0.035000000149011612,0.035000000149011612),(0.43673396296799183,0.035000000149011612),(0.43673396296799183,0.81499997526407242),(0.035000000149011612,0.81499997526407242)));
#9551=IFCARBITRARYCLOSEDPROFILEDEF(.AREA.,$,#9549);
#9552=IFCCARTESIANPOINT((0.02500000037252903,0.10250000178813934,0.02500000037252903));
#9553=IFCDIRECTION((0.,-1.,0.));
#9554=IFCDIRECTION((1.,0.,0.));
#9555=IFCAXIS2PLACEMENT3D(#9552,#9553,#9554);
#9556=IFCDIRECTION((0.,0.,-1.));
#9557=IFCEXTRUDEDAREASOLID(#9551,#9555,#9556,0.01);
#9558=IFCCARTESIANPOINTLIST2D(((0.,0.89999997615814209),(0.6938287615776062,0.89999997615814209),(0.6938287615776062,0.),(0.,0.),(0.,0.02500000037252903),(0.66882876120507717,0.02500000037252903),(0.66882876120507717,0.87499997578561306),(0.,0.87499997578561306)));
#9559=IFCINDEXEDPOLYCURVE(#9558,(IFCLINEINDEX((1,2,3,4,5,6,7,8,1))),$);
#9560=IFCARBITRARYCLOSEDPROFILEDEF(.AREA.,$,#9559);
#9561=IFCCARTESIANPOINT((0.49673396348953247,0.090000001713633537,0.));
#9562=IFCDIRECTION((0.,-1.,0.));
#9563=IFCDIRECTION((1.,0.,0.));
#9564=IFCAXIS2PLACEMENT3D(#9561,#9562,#9563);
#9565=IFCDIRECTION((0.,0.,-1.));
#9566=IFCEXTRUDEDAREASOLID(#9560,#9564,#9565,0.0099999997764825821);
#9567=IFCCARTESIANPOINTLIST2D(((0.,0.),(0.6938287615776062,0.),(0.6938287615776062,0.89999997615814209),(0.,0.89999997615814209)));
#9568=IFCINDEXEDPOLYCURVE(#9567,(IFCLINEINDEX((1,2,3,4,1))),$);
#9569=IFCCARTESIANPOINTLIST2D(((0.02500000037252903,0.05000000074505806),(0.64382876083254814,0.05000000074505806),(0.64382876083254814,0.84999997541308403),(0.02500000037252903,0.84999997541308403)));
#9570=IFCINDEXEDPOLYCURVE(#9569,(IFCLINEINDEX((1,2,3,4,1))),$);
#9571=IFCARBITRARYPROFILEDEFWITHVOIDS(.AREA.,$,#9568,(#9570));
#9572=IFCCARTESIANPOINT((0.49673396348953247,0.05000000074505806,0.));
#9573=IFCDIRECTION((0.,-1.,0.));
#9574=IFCDIRECTION((1.,0.,0.));
#9575=IFCAXIS2PLACEMENT3D(#9572,#9573,#9574);
#9576=IFCDIRECTION((0.,0.,-1.));
#9577=IFCEXTRUDEDAREASOLID(#9571,#9575,#9576,0.040000000968575478);
#9578=IFCCARTESIANPOINTLIST2D(((0.,0.),(0.66882876120507717,0.),(0.66882876120507717,0.84999997541308403),(0.,0.84999997541308403)));
#9579=IFCINDEXEDPOLYCURVE(#9578,(IFCLINEINDEX((1,2,3,4,1))),$);
#9580=IFCCARTESIANPOINTLIST2D(((0.035000000149011612,0.035000000149011612),(0.63382876105606556,0.035000000149011612),(0.63382876105606556,0.81499997526407242),(0.035000000149011612,0.81499997526407242)));
#9581=IFCINDEXEDPOLYCURVE(#9580,(IFCLINEINDEX((1,2,3,4,1))),$);
#9582=IFCARBITRARYPROFILEDEFWITHVOIDS(.AREA.,$,#9579,(#9581));
#9583=IFCCARTESIANPOINT((0.49673396348953247,0.090000001713633537,0.02500000037252903));
#9584=IFCDIRECTION((0.,-1.,0.));
#9585=IFCDIRECTION((1.,0.,0.));
#9586=IFCAXIS2PLACEMENT3D(#9583,#9584,#9585);
#9587=IFCDIRECTION((0.,0.,-1.));
#9588=IFCEXTRUDEDAREASOLID(#9582,#9586,#9587,0.035000000149011612);
#9589=IFCINDEXEDPOLYCURVE(#9590,(IFCLINEINDEX((1,2,3,4,1))),$);
#9590=IFCCARTESIANPOINTLIST2D(((0.035000000149011612,0.035000000149011612),(0.63382876105606556,0.035000000149011612),(0.63382876105606556,0.81499997526407242),(0.035000000149011612,0.81499997526407242)));
#9591=IFCARBITRARYCLOSEDPROFILEDEF(.AREA.,$,#9589);
#9592=IFCCARTESIANPOINT((0.49673396348953247,0.10250000178813934,0.02500000037252903));
#9593=IFCDIRECTION((0.,-1.,0.));
#9594=IFCDIRECTION((1.,0.,0.));
#9595=IFCAXIS2PLACEMENT3D(#9592,#9593,#9594);
#9596=IFCDIRECTION((0.,0.,-1.));
#9597=IFCEXTRUDEDAREASOLID(#9591,#9595,#9596,0.01);
#9598=IFCSHAPEREPRESENTATION(#11,'Body','SweptSolid',(#9526,#9537,#9548,#9557,#9566,#9577,#9588,#9597));
#9599=IFCSHAPEREPRESENTATION(#11,'Body','SweptSolid',(#9526,#9537,#9566,#9577));
#9600=IFCSHAPEASPECT((#9599),'Lining',$,.T.,#9459);
#9601=IFCSHAPEREPRESENTATION(#11,'Body','SweptSolid',(#9548,#9588));
#9602=IFCSHAPEASPECT((#9601),'Framing',$,.T.,#9459);
#9603=IFCSHAPEREPRESENTATION(#11,'Body','SweptSolid',(#9557,#9597));
#9604=IFCSHAPEASPECT((#9603),'Glazing',$,.T.,#9459);
#9605=IFCCARTESIANPOINTLIST2D(((0.05000000074505806,0.05000000074505806),(0.47173396311700344,0.05000000074505806)));
#9606=IFCINDEXEDPOLYCURVE(#9605,$,$);
#9607=IFCCARTESIANPOINTLIST2D(((0.,0.10000000149011612),(0.02500000037252903,0.10000000149011612),(0.02500000037252903,0.090000001713633537),(0.05000000074505806,0.090000001713633537),(0.05000000074505806,0.05000000074505806),(0.,0.05000000074505806)));
#9608=IFCINDEXEDPOLYCURVE(#9607,(IFCLINEINDEX((1,2,3,4,5,6,1))),$);
#9609=IFCCARTESIANPOINTLIST2D(((0.49673396348953247,0.10000000149011612),(0.49673396348953247,0.10000000149011612),(0.49673396348953247,0.090000001713633537),(0.47173396311700344,0.090000001713633537),(0.47173396311700344,0.05000000074505806),(0.49673396348953247,0.05000000074505806)));
#9610=IFCINDEXEDPOLYCURVE(#9609,$,$);
#9611=IFCCARTESIANPOINTLIST2D(((0.02500000037252903,0.090000001713633537),(0.060000000521540642,0.090000001713633537),(0.060000000521540642,0.12500000186264515),(0.02500000037252903,0.12500000186264515)));
#9612=IFCINDEXEDPOLYCURVE(#9611,(IFCLINEINDEX((1,2,3,4,1))),$);
#9613=IFCINDEXEDPOLYCURVE(#9614,(IFCLINEINDEX((1,2,3,4,1))),$);
#9614=IFCCARTESIANPOINTLIST2D(((0.49673396348953247,0.090000001713633537),(0.46173396334052086,0.090000001713633537),(0.46173396334052086,0.12500000186264515),(0.49673396348953247,0.12500000186264515)));
#9615=IFCCARTESIANPOINTLIST2D(((0.060000000521540642,0.090000001713633537),(0.46173396334052086,0.090000001713633537)));
#9616=IFCINDEXEDPOLYCURVE(#9615,$,$);
#9617=IFCINDEXEDPOLYCURVE(#9618,$,$);
#9618=IFCCARTESIANPOINTLIST2D(((0.060000000521540642,0.12500000186264515),(0.46173396334052086,0.12500000186264515)));
#9619=IFCINDEXEDPOLYCURVE(#9620,$,$);
#9620=IFCCARTESIANPOINTLIST2D(((0.060000000521540642,0.10750000178813934),(0.46173396334052086,0.10750000178813934)));
#9621=IFCCARTESIANPOINTLIST2D(((0.5217339638620615,0.05000000074505806),(1.1405627243220806,0.05000000074505806)));
#9622=IFCINDEXEDPOLYCURVE(#9621,$,$);
#9623=IFCCARTESIANPOINTLIST2D(((0.49673396348953247,0.10000000149011612),(0.49673396348953247,0.10000000149011612),(0.49673396348953247,0.090000001713633537),(0.5217339638620615,0.090000001713633537),(0.5217339638620615,0.05000000074505806),(0.49673396348953247,0.05000000074505806)));
#9624=IFCINDEXEDPOLYCURVE(#9623,$,$);
#9625=IFCCARTESIANPOINTLIST2D(((1.1905627250671387,0.10000000149011612),(1.1655627246946096,0.10000000149011612),(1.1655627246946096,0.090000001713633537),(1.1405627243220806,0.090000001713633537),(1.1405627243220806,0.05000000074505806),(1.1905627250671387,0.05000000074505806)));
#9626=IFCINDEXEDPOLYCURVE(#9625,(IFCLINEINDEX((1,2,3,4,5,6,1))),$);
#9627=IFCCARTESIANPOINTLIST2D(((0.49673396348953247,0.090000001713633537),(0.53173396363854408,0.090000001713633537),(0.53173396363854408,0.12500000186264515),(0.49673396348953247,0.12500000186264515)));
#9628=IFCINDEXEDPOLYCURVE(#9627,(IFCLINEINDEX((1,2,3,4,1))),$);
#9629=IFCINDEXEDPOLYCURVE(#9630,(IFCLINEINDEX((1,2,3,4,1))),$);
#9630=IFCCARTESIANPOINTLIST2D(((1.1655627246946096,0.090000001713633537),(1.130562724545598,0.090000001713633537),(1.130562724545598,0.12500000186264515),(1.1655627246946096,0.12500000186264515)));
#9631=IFCCARTESIANPOINTLIST2D(((0.53173396363854408,0.090000001713633537),(1.130562724545598,0.090000001713633537)));
#9632=IFCINDEXEDPOLYCURVE(#9631,$,$);
#9633=IFCINDEXEDPOLYCURVE(#9634,$,$);
#9634=IFCCARTESIANPOINTLIST2D(((0.53173396363854408,0.12500000186264515),(1.130562724545598,0.12500000186264515)));
#9635=IFCINDEXEDPOLYCURVE(#9636,$,$);
#9636=IFCCARTESIANPOINTLIST2D(((0.53173396363854408,0.10750000178813934),(1.130562724545598,0.10750000178813934)));
#9637=IFCSHAPEREPRESENTATION(#24,'Body','Curve2D',(#9606,#9608,#9610,#9612,#9613,#9616,#9617,#9619,#9622,#9624,#9626,#9628,#9629,#9632,#9633,#9635));
#9638=IFCCARTESIANPOINTLIST2D(((0.,0.),(1.1905627250671387,0.),(1.1905627250671387,0.89999997615814209),(0.,0.89999997615814209)));
#9639=IFCINDEXEDPOLYCURVE(#9638,(IFCLINEINDEX((1,2,3,4,1))),$);
#9640=IFCARBITRARYCLOSEDPROFILEDEF(.AREA.,$,#9639);
#9641=IFCCARTESIANPOINT((0.,-0.60000002384185791,0.));
#9642=IFCDIRECTION((0.,-1.,0.));
#9643=IFCDIRECTION((1.,0.,0.));
#9644=IFCAXIS2PLACEMENT3D(#9641,#9642,#9643);
#9645=IFCDIRECTION((0.,0.,-1.));
#9646=IFCEXTRUDEDAREASOLID(#9640,#9644,#9645,1.2);
#9647=IFCSHAPEREPRESENTATION(#11,'Body','SweptSolid',(#9646));
#9668=IFCCARTESIANPOINT((0.46154172718539999,-2.9710617877043433E-07,1.));
#9669=IFCDIRECTION((0.,0.,1.));
#9670=IFCDIRECTION((0.99999999999997158,-2.3841857910149749E-07,0.));
#9671=IFCAXIS2PLACEMENT3D(#9668,#9669,#9670);
#9672=IFCLOCALPLACEMENT(#6043,#9671);
#9678=IFCCARTESIANPOINT((0.,0.,0.));
#9679=IFCDIRECTION((0.,0.,1.));
#9680=IFCDIRECTION((1.,0.,0.));
#9681=IFCAXIS2PLACEMENT3D(#9678,#9679,#9680);
#9682=IFCLOCALPLACEMENT(#9672,#9681);
#9688=IFCCARTESIANPOINT((1.5762895862169479,3.5783066998362756E-07,1.));
#9689=IFCDIRECTION((0.,0.,1.));
#9690=IFCDIRECTION((0.99999999999999289,1.1920928244535129E-07,0.));
#9691=IFCAXIS2PLACEMENT3D(#9688,#9689,#9690);
#9692=IFCLOCALPLACEMENT(#6439,#9691);
#9698=IFCWINDOWTYPE('1ptCMR5VL9EOjSadSbVZSc',$,'Bedroom2-2F',$,$,(#9699),(#9701,#9709,#9795),$,$,.WINDOW.,.SINGLE_PANEL.,$,$);
#9699=IFCPROPERTYSET('3YxnVoK410Yhn78jm7Y9SH',$,'BBIM_Window',$,(#9700));
#9700=IFCPROPERTYSINGLEVALUE('Data',$,IFCTEXT('{"window_type": "DOUBLE_PANEL_VERTICAL", "overall_height": 0.8999999761581421, "overall_width": 1.1905627250671387, "lining_properties": {"lining_depth": 0.05000000074505806, "lining_thickness": 0.05000000074505806, "lining_offset": 0.05000000074505806, "lining_to_panel_offset_x": 0.02500000037252903, "lining_to_panel_offset_y": 0.02500000037252903, "mullion_thickness": 0.05000000074505806, "first_mullion_offset": 0.49673396348953247}, "panel_properties": {"frame_depth": [0.03500000014901161, 0.03500000014901161, 0.03500000014901161], "frame_thickness": [0.03500000014901161, 0.03500000014901161, 0.03500000014901161]}}'),$);
#9701=IFCREPRESENTATIONMAP(#9702,#9900);
#9702=IFCAXIS2PLACEMENT3D(#9703,#9704,#9705);
#9703=IFCCARTESIANPOINT((0.,0.,0.));
#9704=IFCDIRECTION((0.,0.,1.));
#9705=IFCDIRECTION((1.,0.,0.));
#9709=IFCREPRESENTATIONMAP(#9710,#9981);
#9710=IFCAXIS2PLACEMENT3D(#9711,#9712,#9713);
#9711=IFCCARTESIANPOINT((0.,0.,0.));
#9712=IFCDIRECTION((0.,0.,1.));
#9713=IFCDIRECTION((1.,0.,0.));
#9795=IFCREPRESENTATIONMAP(#9796,#10020);
#9796=IFCAXIS2PLACEMENT3D(#9797,#9798,#9799);
#9797=IFCCARTESIANPOINT((0.,0.,0.));
#9798=IFCDIRECTION((0.,0.,1.));
#9799=IFCDIRECTION((1.,0.,0.));
#9833=IFCWINDOW('2BtNLm_M959QYFD8iqlRD8',$,'Window',$,$,#10070,#9842,$,0.89999997615814209,1.1905627250671387,$,.DOUBLE_PANEL_VERTICAL.,$);
#9834=IFCRELDEFINESBYTYPE('2lp9x_NUP8cvMZvuT6AwsU',$,$,$,(#9833),#9698);
#9835=IFCCARTESIANPOINT((0.,0.,0.));
#9836=IFCDIRECTION((1.,0.,0.));
#9837=IFCDIRECTION((0.,1.,0.));
#9838=IFCDIRECTION((0.,0.,1.));
#9839=IFCCARTESIANTRANSFORMATIONOPERATOR3D(#9836,#9837,#9835,1.,#9838);
#9840=IFCMAPPEDITEM(#9701,#9839);
#9841=IFCSHAPEREPRESENTATION(#18,'Profile','MappedRepresentation',(#9840));
#9842=IFCPRODUCTDEFINITIONSHAPE($,$,(#9841,#9849,#9856));
#9843=IFCCARTESIANPOINT((0.,0.,0.));
#9844=IFCDIRECTION((1.,0.,0.));
#9845=IFCDIRECTION((0.,1.,0.));
#9846=IFCDIRECTION((0.,0.,1.));
#9847=IFCCARTESIANTRANSFORMATIONOPERATOR3D(#9844,#9845,#9843,1.,#9846);
#9848=IFCMAPPEDITEM(#9709,#9847);
#9849=IFCSHAPEREPRESENTATION(#11,'Body','MappedRepresentation',(#9848));
#9850=IFCCARTESIANPOINT((0.,0.,0.));
#9851=IFCDIRECTION((1.,0.,0.));
#9852=IFCDIRECTION((0.,1.,0.));
#9853=IFCDIRECTION((0.,0.,1.));
#9854=IFCCARTESIANTRANSFORMATIONOPERATOR3D(#9851,#9852,#9850,1.,#9853);
#9855=IFCMAPPEDITEM(#9795,#9854);
#9856=IFCSHAPEREPRESENTATION(#24,'Body','MappedRepresentation',(#9855));
#9857=IFCOPENINGELEMENT('3k6NDsikX6qgNvjBphyZSK',$,'Opening',$,$,#10055,#9885,$,.OPENING.);
#9873=IFCCARTESIANPOINT((0.,0.,0.));
#9874=IFCDIRECTION((1.,0.,0.));
#9875=IFCDIRECTION((0.,0.,1.));
#9876=IFCAXIS2PLACEMENT3D(#9873,#9875,#9874);
#9877=IFCREPRESENTATIONMAP(#9876,#10030);
#9878=IFCCARTESIANPOINT((0.,0.,0.));
#9879=IFCDIRECTION((1.,0.,0.));
#9880=IFCDIRECTION((0.,1.,0.));
#9881=IFCDIRECTION((0.,0.,1.));
#9882=IFCCARTESIANTRANSFORMATIONOPERATOR3D(#9879,#9880,#9878,1.,#9881);
#9883=IFCMAPPEDITEM(#9877,#9882);
#9884=IFCSHAPEREPRESENTATION(#11,'Body','MappedRepresentation',(#9883));
#9885=IFCPRODUCTDEFINITIONSHAPE($,$,(#9884));
#9886=IFCRELVOIDSELEMENT('1$SCkC7PDE9edxqI6A_aoM',$,$,$,#6182,#9857);
#9892=IFCRELFILLSELEMENT('2fStmMODfD9ww$1W6YqLMX',$,$,$,#9857,#9833);
#9898=IFCCARTESIANPOINTLIST3D(((0.,0.,0.),(1.1905627250671387,0.,0.),(1.1905627250671387,0.,0.89999997615814209),(0.,0.,0.89999997615814209)));
#9899=IFCINDEXEDPOLYCURVE(#9898,(IFCLINEINDEX((1,2,3,4,1))),$);
#9900=IFCSHAPEREPRESENTATION(#18,'Profile','Curve3D',(#9899));
#9901=IFCCARTESIANPOINTLIST2D(((0.49673396348953247,0.),(0.,0.),(0.,0.89999997615814209),(0.49673396348953247,0.89999997615814209),(0.49673396348953247,0.87499997578561306),(0.02500000037252903,0.87499997578561306),(0.02500000037252903,0.02500000037252903),(0.49673396348953247,0.02500000037252903)));
#9902=IFCINDEXEDPOLYCURVE(#9901,(IFCLINEINDEX((1,2,3,4,5,6,7,8,1))),$);
#9903=IFCARBITRARYCLOSEDPROFILEDEF(.AREA.,$,#9902);
#9904=IFCCARTESIANPOINT((0.,0.090000001713633537,0.));
#9905=IFCDIRECTION((0.,-1.,0.));
#9906=IFCDIRECTION((1.,0.,0.));
#9907=IFCAXIS2PLACEMENT3D(#9904,#9905,#9906);
#9908=IFCDIRECTION((0.,0.,-1.));
#9909=IFCEXTRUDEDAREASOLID(#9903,#9907,#9908,0.0099999997764825821);
#9910=IFCCARTESIANPOINTLIST2D(((0.,0.),(0.49673396348953247,0.),(0.49673396348953247,0.89999997615814209),(0.,0.89999997615814209)));
#9911=IFCINDEXEDPOLYCURVE(#9910,(IFCLINEINDEX((1,2,3,4,1))),$);
#9912=IFCCARTESIANPOINTLIST2D(((0.05000000074505806,0.05000000074505806),(0.47173396311700344,0.05000000074505806),(0.47173396311700344,0.84999997541308403),(0.05000000074505806,0.84999997541308403)));
#9913=IFCINDEXEDPOLYCURVE(#9912,(IFCLINEINDEX((1,2,3,4,1))),$);
#9914=IFCARBITRARYPROFILEDEFWITHVOIDS(.AREA.,$,#9911,(#9913));
#9915=IFCCARTESIANPOINT((0.,0.05000000074505806,0.));
#9916=IFCDIRECTION((0.,-1.,0.));
#9917=IFCDIRECTION((1.,0.,0.));
#9918=IFCAXIS2PLACEMENT3D(#9915,#9916,#9917);
#9919=IFCDIRECTION((0.,0.,-1.));
#9920=IFCEXTRUDEDAREASOLID(#9914,#9918,#9919,0.040000000968575478);
#9921=IFCCARTESIANPOINTLIST2D(((0.,0.),(0.47173396311700344,0.),(0.47173396311700344,0.84999997541308403),(0.,0.84999997541308403)));
#9922=IFCINDEXEDPOLYCURVE(#9921,(IFCLINEINDEX((1,2,3,4,1))),$);
#9923=IFCCARTESIANPOINTLIST2D(((0.035000000149011612,0.035000000149011612),(0.43673396296799183,0.035000000149011612),(0.43673396296799183,0.81499997526407242),(0.035000000149011612,0.81499997526407242)));
#9924=IFCINDEXEDPOLYCURVE(#9923,(IFCLINEINDEX((1,2,3,4,1))),$);
#9925=IFCARBITRARYPROFILEDEFWITHVOIDS(.AREA.,$,#9922,(#9924));
#9926=IFCCARTESIANPOINT((0.02500000037252903,0.090000001713633537,0.02500000037252903));
#9927=IFCDIRECTION((0.,-1.,0.));
#9928=IFCDIRECTION((1.,0.,0.));
#9929=IFCAXIS2PLACEMENT3D(#9926,#9927,#9928);
#9930=IFCDIRECTION((0.,0.,-1.));
#9931=IFCEXTRUDEDAREASOLID(#9925,#9929,#9930,0.035000000149011612);
#9932=IFCINDEXEDPOLYCURVE(#9933,(IFCLINEINDEX((1,2,3,4,1))),$);
#9933=IFCCARTESIANPOINTLIST2D(((0.035000000149011612,0.035000000149011612),(0.43673396296799183,0.035000000149011612),(0.43673396296799183,0.81499997526407242),(0.035000000149011612,0.81499997526407242)));
#9934=IFCARBITRARYCLOSEDPROFILEDEF(.AREA.,$,#9932);
#9935=IFCCARTESIANPOINT((0.02500000037252903,0.10250000178813934,0.02500000037252903));
#9936=IFCDIRECTION((0.,-1.,0.));
#9937=IFCDIRECTION((1.,0.,0.));
#9938=IFCAXIS2PLACEMENT3D(#9935,#9936,#9937);
#9939=IFCDIRECTION((0.,0.,-1.));
#9940=IFCEXTRUDEDAREASOLID(#9934,#9938,#9939,0.01);
#9941=IFCCARTESIANPOINTLIST2D(((0.,0.89999997615814209),(0.6938287615776062,0.89999997615814209),(0.6938287615776062,0.),(0.,0.),(0.,0.02500000037252903),(0.66882876120507717,0.02500000037252903),(0.66882876120507717,0.87499997578561306),(0.,0.87499997578561306)));
#9942=IFCINDEXEDPOLYCURVE(#9941,(IFCLINEINDEX((1,2,3,4,5,6,7,8,1))),$);
#9943=IFCARBITRARYCLOSEDPROFILEDEF(.AREA.,$,#9942);
#9944=IFCCARTESIANPOINT((0.49673396348953247,0.090000001713633537,0.));
#9945=IFCDIRECTION((0.,-1.,0.));
#9946=IFCDIRECTION((1.,0.,0.));
#9947=IFCAXIS2PLACEMENT3D(#9944,#9945,#9946);
#9948=IFCDIRECTION((0.,0.,-1.));
#9949=IFCEXTRUDEDAREASOLID(#9943,#9947,#9948,0.0099999997764825821);
#9950=IFCCARTESIANPOINTLIST2D(((0.,0.),(0.6938287615776062,0.),(0.6938287615776062,0.89999997615814209),(0.,0.89999997615814209)));
#9951=IFCINDEXEDPOLYCURVE(#9950,(IFCLINEINDEX((1,2,3,4,1))),$);
#9952=IFCCARTESIANPOINTLIST2D(((0.02500000037252903,0.05000000074505806),(0.64382876083254814,0.05000000074505806),(0.64382876083254814,0.84999997541308403),(0.02500000037252903,0.84999997541308403)));
#9953=IFCINDEXEDPOLYCURVE(#9952,(IFCLINEINDEX((1,2,3,4,1))),$);
#9954=IFCARBITRARYPROFILEDEFWITHVOIDS(.AREA.,$,#9951,(#9953));
#9955=IFCCARTESIANPOINT((0.49673396348953247,0.05000000074505806,0.));
#9956=IFCDIRECTION((0.,-1.,0.));
#9957=IFCDIRECTION((1.,0.,0.));
#9958=IFCAXIS2PLACEMENT3D(#9955,#9956,#9957);
#9959=IFCDIRECTION((0.,0.,-1.));
#9960=IFCEXTRUDEDAREASOLID(#9954,#9958,#9959,0.040000000968575478);
#9961=IFCCARTESIANPOINTLIST2D(((0.,0.),(0.66882876120507717,0.),(0.66882876120507717,0.84999997541308403),(0.,0.84999997541308403)));
#9962=IFCINDEXEDPOLYCURVE(#9961,(IFCLINEINDEX((1,2,3,4,1))),$);
#9963=IFCCARTESIANPOINTLIST2D(((0.035000000149011612,0.035000000149011612),(0.63382876105606556,0.035000000149011612),(0.63382876105606556,0.81499997526407242),(0.035000000149011612,0.81499997526407242)));
#9964=IFCINDEXEDPOLYCURVE(#9963,(IFCLINEINDEX((1,2,3,4,1))),$);
#9965=IFCARBITRARYPROFILEDEFWITHVOIDS(.AREA.,$,#9962,(#9964));
#9966=IFCCARTESIANPOINT((0.49673396348953247,0.090000001713633537,0.02500000037252903));
#9967=IFCDIRECTION((0.,-1.,0.));
#9968=IFCDIRECTION((1.,0.,0.));
#9969=IFCAXIS2PLACEMENT3D(#9966,#9967,#9968);
#9970=IFCDIRECTION((0.,0.,-1.));
#9971=IFCEXTRUDEDAREASOLID(#9965,#9969,#9970,0.035000000149011612);
#9972=IFCINDEXEDPOLYCURVE(#9973,(IFCLINEINDEX((1,2,3,4,1))),$);
#9973=IFCCARTESIANPOINTLIST2D(((0.035000000149011612,0.035000000149011612),(0.63382876105606556,0.035000000149011612),(0.63382876105606556,0.81499997526407242),(0.035000000149011612,0.81499997526407242)));
#9974=IFCARBITRARYCLOSEDPROFILEDEF(.AREA.,$,#9972);
#9975=IFCCARTESIANPOINT((0.49673396348953247,0.10250000178813934,0.02500000037252903));
#9976=IFCDIRECTION((0.,-1.,0.));
#9977=IFCDIRECTION((1.,0.,0.));
#9978=IFCAXIS2PLACEMENT3D(#9975,#9976,#9977);
#9979=IFCDIRECTION((0.,0.,-1.));
#9980=IFCEXTRUDEDAREASOLID(#9974,#9978,#9979,0.01);
#9981=IFCSHAPEREPRESENTATION(#11,'Body','SweptSolid',(#9909,#9920,#9931,#9940,#9949,#9960,#9971,#9980));
#9982=IFCSHAPEREPRESENTATION(#11,'Body','SweptSolid',(#9909,#9920,#9949,#9960));
#9983=IFCSHAPEASPECT((#9982),'Lining',$,.T.,#9842);
#9984=IFCSHAPEREPRESENTATION(#11,'Body','SweptSolid',(#9931,#9971));
#9985=IFCSHAPEASPECT((#9984),'Framing',$,.T.,#9842);
#9986=IFCSHAPEREPRESENTATION(#11,'Body','SweptSolid',(#9940,#9980));
#9987=IFCSHAPEASPECT((#9986),'Glazing',$,.T.,#9842);
#9988=IFCCARTESIANPOINTLIST2D(((0.05000000074505806,0.05000000074505806),(0.47173396311700344,0.05000000074505806)));
#9989=IFCINDEXEDPOLYCURVE(#9988,$,$);
#9990=IFCCARTESIANPOINTLIST2D(((0.,0.10000000149011612),(0.02500000037252903,0.10000000149011612),(0.02500000037252903,0.090000001713633537),(0.05000000074505806,0.090000001713633537),(0.05000000074505806,0.05000000074505806),(0.,0.05000000074505806)));
#9991=IFCINDEXEDPOLYCURVE(#9990,(IFCLINEINDEX((1,2,3,4,5,6,1))),$);
#9992=IFCCARTESIANPOINTLIST2D(((0.49673396348953247,0.10000000149011612),(0.49673396348953247,0.10000000149011612),(0.49673396348953247,0.090000001713633537),(0.47173396311700344,0.090000001713633537),(0.47173396311700344,0.05000000074505806),(0.49673396348953247,0.05000000074505806)));
#9993=IFCINDEXEDPOLYCURVE(#9992,$,$);
#9994=IFCCARTESIANPOINTLIST2D(((0.02500000037252903,0.090000001713633537),(0.060000000521540642,0.090000001713633537),(0.060000000521540642,0.12500000186264515),(0.02500000037252903,0.12500000186264515)));
#9995=IFCINDEXEDPOLYCURVE(#9994,(IFCLINEINDEX((1,2,3,4,1))),$);
#9996=IFCINDEXEDPOLYCURVE(#9997,(IFCLINEINDEX((1,2,3,4,1))),$);
#9997=IFCCARTESIANPOINTLIST2D(((0.49673396348953247,0.090000001713633537),(0.46173396334052086,0.090000001713633537),(0.46173396334052086,0.12500000186264515),(0.49673396348953247,0.12500000186264515)));
#9998=IFCCARTESIANPOINTLIST2D(((0.060000000521540642,0.090000001713633537),(0.46173396334052086,0.090000001713633537)));
#9999=IFCINDEXEDPOLYCURVE(#9998,$,$);
#10000=IFCINDEXEDPOLYCURVE(#10001,$,$);
#10001=IFCCARTESIANPOINTLIST2D(((0.060000000521540642,0.12500000186264515),(0.46173396334052086,0.12500000186264515)));
#10002=IFCINDEXEDPOLYCURVE(#10003,$,$);
#10003=IFCCARTESIANPOINTLIST2D(((0.060000000521540642,0.10750000178813934),(0.46173396334052086,0.10750000178813934)));
#10004=IFCCARTESIANPOINTLIST2D(((0.5217339638620615,0.05000000074505806),(1.1405627243220806,0.05000000074505806)));
#10005=IFCINDEXEDPOLYCURVE(#10004,$,$);
#10006=IFCCARTESIANPOINTLIST2D(((0.49673396348953247,0.10000000149011612),(0.49673396348953247,0.10000000149011612),(0.49673396348953247,0.090000001713633537),(0.5217339638620615,0.090000001713633537),(0.5217339638620615,0.05000000074505806),(0.49673396348953247,0.05000000074505806)));
#10007=IFCINDEXEDPOLYCURVE(#10006,$,$);
#10008=IFCCARTESIANPOINTLIST2D(((1.1905627250671387,0.10000000149011612),(1.1655627246946096,0.10000000149011612),(1.1655627246946096,0.090000001713633537),(1.1405627243220806,0.090000001713633537),(1.1405627243220806,0.05000000074505806),(1.1905627250671387,0.05000000074505806)));
#10009=IFCINDEXEDPOLYCURVE(#10008,(IFCLINEINDEX((1,2,3,4,5,6,1))),$);
#10010=IFCCARTESIANPOINTLIST2D(((0.49673396348953247,0.090000001713633537),(0.53173396363854408,0.090000001713633537),(0.53173396363854408,0.12500000186264515),(0.49673396348953247,0.12500000186264515)));
#10011=IFCINDEXEDPOLYCURVE(#10010,(IFCLINEINDEX((1,2,3,4,1))),$);
#10012=IFCINDEXEDPOLYCURVE(#10013,(IFCLINEINDEX((1,2,3,4,1))),$);
#10013=IFCCARTESIANPOINTLIST2D(((1.1655627246946096,0.090000001713633537),(1.130562724545598,0.090000001713633537),(1.130562724545598,0.12500000186264515),(1.1655627246946096,0.12500000186264515)));
#10014=IFCCARTESIANPOINTLIST2D(((0.53173396363854408,0.090000001713633537),(1.130562724545598,0.090000001713633537)));
#10015=IFCINDEXEDPOLYCURVE(#10014,$,$);
#10016=IFCINDEXEDPOLYCURVE(#10017,$,$);
#10017=IFCCARTESIANPOINTLIST2D(((0.53173396363854408,0.12500000186264515),(1.130562724545598,0.12500000186264515)));
#10018=IFCINDEXEDPOLYCURVE(#10019,$,$);
#10019=IFCCARTESIANPOINTLIST2D(((0.53173396363854408,0.10750000178813934),(1.130562724545598,0.10750000178813934)));
#10020=IFCSHAPEREPRESENTATION(#24,'Body','Curve2D',(#9989,#9991,#9993,#9995,#9996,#9999,#10000,#10002,#10005,#10007,#10009,#10011,#10012,#10015,#10016,#10018));
#10021=IFCCARTESIANPOINTLIST2D(((0.,0.),(1.1905627250671387,0.),(1.1905627250671387,0.89999997615814209),(0.,0.89999997615814209)));
#10022=IFCINDEXEDPOLYCURVE(#10021,(IFCLINEINDEX((1,2,3,4,1))),$);
#10023=IFCARBITRARYCLOSEDPROFILEDEF(.AREA.,$,#10022);
#10024=IFCCARTESIANPOINT((0.,-0.60000002384185791,0.));
#10025=IFCDIRECTION((0.,-1.,0.));
#10026=IFCDIRECTION((1.,0.,0.));
#10027=IFCAXIS2PLACEMENT3D(#10024,#10025,#10026);
#10028=IFCDIRECTION((0.,0.,-1.));
#10029=IFCEXTRUDEDAREASOLID(#10023,#10027,#10028,1.2);
#10030=IFCSHAPEREPRESENTATION(#11,'Body','SweptSolid',(#10029));
#10051=IFCCARTESIANPOINT((0.31387117266771658,2.384185791015625E-07,1.));
#10052=IFCDIRECTION((0.,0.,1.));
#10053=IFCDIRECTION((0.99999999999997158,-2.3841857910155572E-07,0.));
#10054=IFCAXIS2PLACEMENT3D(#10051,#10052,#10053);
#10055=IFCLOCALPLACEMENT(#6599,#10054);
#10061=IFCCARTESIANPOINT((4.4408920985006262E-16,-4.4408920985006262E-16,0.));
#10062=IFCDIRECTION((0.,0.,1.));
#10063=IFCDIRECTION((1.,0.,0.));
#10064=IFCAXIS2PLACEMENT3D(#10061,#10062,#10063);
#10065=IFCLOCALPLACEMENT(#9692,#10064);
#10066=IFCCARTESIANPOINT((0.,0.,0.));
#10067=IFCDIRECTION((0.,0.,1.));
#10068=IFCDIRECTION((1.,0.,0.));
#10069=IFCAXIS2PLACEMENT3D(#10066,#10067,#10068);
#10070=IFCLOCALPLACEMENT(#10055,#10069);
#10093=IFCBUILDINGSTOREY('0sPyFMi1H1qQcQ5cK1rZKu',$,'Roof',$,$,#10114,$,$,$,$);
#10110=IFCCARTESIANPOINT((0.,0.,6.));
#10111=IFCDIRECTION((0.,0.,1.));
#10112=IFCDIRECTION((1.,0.,0.));
#10113=IFCAXIS2PLACEMENT3D(#10110,#10111,#10112);
#10114=IFCLOCALPLACEMENT(#56,#10113);
#10139=IFCRELDEFINESBYTYPE('0FmsBuiGnBYBa6cWBbYC6H',$,$,$,(#10232),#5896);
#10209=IFCSLAB('1u7fzsLS1Ct9XwhfAqEB6l',$,'Slab',$,$,#10217,#10224,$,$);
#10210=IFCRELCONTAINEDINSPATIALSTRUCTURE('1nxbvQxzbBLvjPb_OLOvHt',$,$,$,(#10232,#10209),#10093);
#10211=IFCMATERIALLAYERSETUSAGE(#1143,.AXIS3.,.POSITIVE.,-0.10000000149011612,$);
#10212=IFCRELASSOCIATESMATERIAL('1pQ7BoQ2HASBUfI8_hfXDN',$,$,$,(#10209),#10211);
#10213=IFCCARTESIANPOINT((0.22500018775463104,-2.2281336784362793,0.));
#10214=IFCDIRECTION((0.,0.,1.));
#10215=IFCDIRECTION((1.,0.,0.));
#10216=IFCAXIS2PLACEMENT3D(#10213,#10214,#10215);
#10217=IFCLOCALPLACEMENT(#10114,#10216);
#10218=IFCCARTESIANPOINTLIST2D(((0.,0.),(1.6000000238418579,4.76837158203125E-07),(1.5999999046325684,-0.89999961853027344),(4.,-0.89999961853027344),(3.9500010013580322,8.7999992370605469),(-5.2154064178466797E-07,8.7999992370605469),(-3.2782554626464844E-07,7.7999992370605469),(-3.5000004768371582,7.8000006675720215),(-3.5,0.59999990463256836),(-4.4703483581542969E-08,0.59999990463256836),(0.,0.)));
#10219=IFCINDEXEDPOLYCURVE(#10218,$,$);
#10220=IFCDIRECTION((0.,0.,1.));
#10221=IFCARBITRARYCLOSEDPROFILEDEF(.AREA.,$,#10219);
#10222=IFCEXTRUDEDAREASOLID(#10221,#10231,#10220,0.10000000000000001);
#10223=IFCSHAPEREPRESENTATION(#11,'Body','SweptSolid',(#10222));
#10224=IFCPRODUCTDEFINITIONSHAPE($,$,(#10223));
#10225=IFCPROPERTYSET('3LGbejAYz69xxU8JH9DK61',$,'EPset_Parametric',$,(#10227));
#10226=IFCRELDEFINESBYPROPERTIES('2m2$lrgYP0cOnVe5asq3d0',$,$,$,(#10209),#10225);
#10227=IFCPROPERTYSINGLEVALUE('Engine',$,IFCLABEL('Bonsai.DumbLayer3'),$);
#10228=IFCCARTESIANPOINT((-0.,-0.,-0.10000000149011612));
#10229=IFCDIRECTION((0.,0.,1.));
#10230=IFCDIRECTION((1.,0.,0.));
#10231=IFCAXIS2PLACEMENT3D(#10228,#10229,#10230);
#10232=IFCROOF('170sQww3r3oPlsPbJAQ3Og',$,'Roof',$,$,#10257,#10240,$,$);
#10233=IFCCARTESIANPOINT((0.,0.,0.));
#10234=IFCDIRECTION((1.,0.,0.));
#10235=IFCDIRECTION((0.,1.,0.));
#10236=IFCDIRECTION((0.,0.,1.));
#10237=IFCCARTESIANTRANSFORMATIONOPERATOR3D(#10234,#10235,#10233,1.,#10236);
#10238=IFCMAPPEDITEM(#5926,#10237);
#10239=IFCSHAPEREPRESENTATION(#11,'Body','MappedRepresentation',(#10238));
#10240=IFCPRODUCTDEFINITIONSHAPE($,$,(#10239,#10247));
#10241=IFCCARTESIANPOINT((0.,0.,0.));
#10242=IFCDIRECTION((1.,0.,0.));
#10243=IFCDIRECTION((0.,1.,0.));
#10244=IFCDIRECTION((0.,0.,1.));
#10245=IFCCARTESIANTRANSFORMATIONOPERATOR3D(#10242,#10243,#10241,1.,#10244);
#10246=IFCMAPPEDITEM(#5954,#10245);
#10247=IFCSHAPEREPRESENTATION(#13,'Box','MappedRepresentation',(#10246));
#10253=IFCCARTESIANPOINT((0.37250372767448425,1.7511959075927734,0.10154247283935547));
#10254=IFCDIRECTION((0.,0.,1.));
#10255=IFCDIRECTION((1.,0.,0.));
#10256=IFCAXIS2PLACEMENT3D(#10253,#10254,#10255);
#10257=IFCLOCALPLACEMENT(#10114,#10256);
ENDSEC;
END-ISO-10303-21;
